gvkey,execid,year,exec_fname,exec_lname,ceoann,becameceo,leftofc
001045,46191,2017.0,William,"Douglas Parker, BEC,",CEO,2013-12-09,2022-03-31
001045,46191,2018.0,William,"Douglas Parker, BEC,",CEO,2013-12-09,2022-03-31
001045,46191,2019.0,William,"Douglas Parker, BEC,",CEO,2013-12-09,2022-03-31
001045,46191,2020.0,William,"Douglas Parker, BEC,",CEO,2013-12-09,2022-03-31
001045,46191,2021.0,William,"Douglas Parker, BEC,",CEO,2013-12-09,2022-03-31
001045,46193,2022.0,Robert,"Isom, Jr.",CEO,2022-03-31,
001045,46193,2023.0,Robert,"Isom, Jr.",CEO,2022-03-31,
001045,46193,2024.0,Robert,"Isom, Jr.",CEO,2022-03-31,
001078,14300,2017.0,Miles,"White, M.B.A.",CEO,1999-01-01,2020-03-31
001078,14300,2018.0,Miles,"White, M.B.A.",CEO,1999-01-01,2020-03-31
001078,14300,2019.0,Miles,"White, M.B.A.",CEO,1999-01-01,2020-03-31
001078,54877,2020.0,Robert,Ford,CEO,2020-03-31,
001078,54877,2021.0,Robert,Ford,CEO,2020-03-31,
001078,54877,2022.0,Robert,Ford,CEO,2020-03-31,
001078,54877,2023.0,Robert,Ford,CEO,2020-03-31,
001078,54877,2024.0,Robert,Ford,CEO,2020-03-31,
001161,37809,2017.0,Lisa,"Su, Ph.D.",CEO,2014-08-10,
001161,37809,2018.0,Lisa,"Su, Ph.D.",CEO,2014-08-10,
001161,37809,2019.0,Lisa,"Su, Ph.D.",CEO,2014-08-10,
001161,37809,2020.0,Lisa,"Su, Ph.D.",CEO,2014-08-10,
001161,37809,2021.0,Lisa,"Su, Ph.D.",CEO,2014-08-10,
001161,37809,2022.0,Lisa,"Su, Ph.D.",CEO,2014-08-10,
001161,37809,2023.0,Lisa,"Su, Ph.D.",CEO,2014-08-10,
001161,37809,2024.0,Lisa,"Su, Ph.D.",CEO,2014-08-10,
001209,46680,2017.0,Seifollah,Ghasemi,CEO,2014-07-01,2025-02-01
001209,46680,2018.0,Seifollah,Ghasemi,CEO,2014-07-01,2025-02-01
001209,46680,2019.0,Seifollah,Ghasemi,CEO,2014-07-01,2025-02-01
001209,46680,2020.0,Seifollah,Ghasemi,CEO,2014-07-01,2025-02-01
001209,46680,2021.0,Seifollah,Ghasemi,CEO,2014-07-01,2025-02-01
001209,46680,2022.0,Seifollah,Ghasemi,CEO,2014-07-01,2025-02-01
001209,46680,2023.0,Seifollah,Ghasemi,CEO,2014-07-01,2025-02-01
001209,46680,2024.0,Seifollah,Ghasemi,CEO,2014-07-01,2025-02-01
001230,21308,2017.0,Bradley,Tilden,CEO,2012-05-15,2021-03-31
001230,21308,2018.0,Bradley,Tilden,CEO,2012-05-15,2021-03-31
001230,21308,2019.0,Bradley,Tilden,CEO,2012-05-15,2021-03-31
001230,21308,2020.0,Bradley,Tilden,CEO,2012-05-15,2021-03-31
001230,37994,2021.0,Benito,Minicucci,CEO,2021-03-31,
001230,37994,2022.0,Benito,Minicucci,CEO,2021-03-31,
001230,37994,2023.0,Benito,Minicucci,CEO,2021-03-31,
001230,37994,2024.0,Benito,Minicucci,CEO,2021-03-31,
001300,50374,2017.0,Darius,Adamczyk,CEO,2017-03-31,2023-06-01
001300,50374,2018.0,Darius,Adamczyk,CEO,2017-03-31,2023-06-01
001300,50374,2019.0,Darius,Adamczyk,CEO,2017-03-31,2023-06-01
001300,50374,2020.0,Darius,Adamczyk,CEO,2017-03-31,2023-06-01
001300,50374,2021.0,Darius,Adamczyk,CEO,2017-03-31,2023-06-01
001300,50374,2022.0,Darius,Adamczyk,CEO,2017-03-31,2023-06-01
001300,62755,2023.0,Vimal,Kapur,CEO,2023-06-01,
001300,62755,2024.0,Vimal,Kapur,CEO,2023-06-01,
001327,24319,2017.0,Liam,Griffin,CEO,2016-05-11,2025-02-17
001327,24319,2018.0,Liam,Griffin,CEO,2016-05-11,2025-02-17
001327,24319,2019.0,Liam,Griffin,CEO,2016-05-11,2025-02-17
001327,24319,2020.0,Liam,Griffin,CEO,2016-05-11,2025-02-17
001327,24319,2021.0,Liam,Griffin,CEO,2016-05-11,2025-02-17
001327,24319,2022.0,Liam,Griffin,CEO,2016-05-11,2025-02-17
001327,24319,2023.0,Liam,Griffin,CEO,2016-05-11,2025-02-17
001327,24319,2024.0,Liam,Griffin,CEO,2016-05-11,2025-02-17
001380,02132,2017.0,John,Hess,CEO,1995-05-03,2025-07-18
001380,02132,2018.0,John,Hess,CEO,1995-05-03,2025-07-18
001380,02132,2019.0,John,Hess,CEO,1995-05-03,2025-07-18
001380,02132,2020.0,John,Hess,CEO,1995-05-03,2025-07-18
001380,02132,2021.0,John,Hess,CEO,1995-05-03,2025-07-18
001380,02132,2022.0,John,Hess,CEO,1995-05-03,2025-07-18
001380,02132,2023.0,John,Hess,CEO,1995-05-03,2025-07-18
001380,02132,2024.0,John,Hess,CEO,1995-05-03,2025-07-18
001598,26399,2017.0,David,Zapico,CEO,2016-05-05,
001598,26399,2018.0,David,Zapico,CEO,2016-05-05,
001598,26399,2019.0,David,Zapico,CEO,2016-05-05,
001598,26399,2020.0,David,Zapico,CEO,2016-05-05,
001598,26399,2021.0,David,Zapico,CEO,2016-05-05,
001598,26399,2022.0,David,Zapico,CEO,2016-05-05,
001598,26399,2023.0,David,Zapico,CEO,2016-05-05,
001598,26399,2024.0,David,Zapico,CEO,2016-05-05,
001602,33199,2017.0,Robert,Bradway,CEO,2012-05-23,
001602,33199,2018.0,Robert,Bradway,CEO,2012-05-23,
001602,33199,2019.0,Robert,Bradway,CEO,2012-05-23,
001602,33199,2020.0,Robert,Bradway,CEO,2012-05-23,
001602,33199,2021.0,Robert,Bradway,CEO,2012-05-23,
001602,33199,2022.0,Robert,Bradway,CEO,2012-05-23,
001602,33199,2023.0,Robert,Bradway,CEO,2012-05-23,
001602,33199,2024.0,Robert,Bradway,CEO,2012-05-23,
001632,32412,2017.0,Vincent,Roche,CEO,2013-03-29,2013-05-01
001632,32412,2018.0,Vincent,Roche,CEO,2013-03-29,2013-05-01
001632,32412,2019.0,Vincent,Roche,CEO,2013-03-29,2013-05-01
001632,32412,2020.0,Vincent,Roche,CEO,2013-03-29,2013-05-01
001632,32412,2021.0,Vincent,Roche,CEO,2013-03-29,2013-05-01
001632,32412,2022.0,Vincent,Roche,CEO,2013-03-29,2013-05-01
001632,32412,2023.0,Vincent,Roche,CEO,2013-03-29,2013-05-01
001632,32412,2024.0,Vincent,Roche,CEO,2013-03-29,2013-05-01
001678,47228,2017.0,John,"Christmann, IV",CEO,2015-01-20,
001678,47228,2018.0,John,"Christmann, IV",CEO,2015-01-20,
001678,47228,2019.0,John,"Christmann, IV",CEO,2015-01-20,
001678,47228,2020.0,John,"Christmann, IV",CEO,2015-01-20,
001678,47228,2021.0,John,"Christmann, IV",CEO,2015-01-20,
001678,47228,2022.0,John,"Christmann, IV",CEO,2015-01-20,
001678,47228,2023.0,John,"Christmann, IV",CEO,2015-01-20,
001678,47228,2024.0,John,"Christmann, IV",CEO,2015-01-20,
001690,11717,2017.0,Timothy,Cook,CEO,2011-08-24,
001690,11717,2018.0,Timothy,Cook,CEO,2011-08-24,
001690,11717,2019.0,Timothy,Cook,CEO,2011-08-24,
001690,11717,2020.0,Timothy,Cook,CEO,2011-08-24,
001690,11717,2021.0,Timothy,Cook,CEO,2011-08-24,
001690,11717,2022.0,Timothy,Cook,CEO,2011-08-24,
001690,11717,2023.0,Timothy,Cook,CEO,2011-08-24,
001690,11717,2024.0,Timothy,Cook,CEO,2011-08-24,
001704,13932,2017.0,Gary,Dickerson,CEO,2013-09-01,
001704,13932,2018.0,Gary,Dickerson,CEO,2013-09-01,
001704,13932,2019.0,Gary,Dickerson,CEO,2013-09-01,
001704,13932,2020.0,Gary,Dickerson,CEO,2013-09-01,
001704,13932,2021.0,Gary,Dickerson,CEO,2013-09-01,
001704,13932,2022.0,Gary,Dickerson,CEO,2013-09-01,
001704,13932,2023.0,Gary,Dickerson,CEO,2013-09-01,
001704,13932,2024.0,Gary,Dickerson,CEO,2013-09-01,
001722,41788,2017.0,Juan,Luciano,CEO,2015-01-01,
001722,41788,2018.0,Juan,Luciano,CEO,2015-01-01,
001722,41788,2019.0,Juan,Luciano,CEO,2015-01-01,
001722,41788,2020.0,Juan,Luciano,CEO,2015-01-01,
001722,41788,2021.0,Juan,Luciano,CEO,2015-01-01,
001722,41788,2022.0,Juan,Luciano,CEO,2015-01-01,
001722,41788,2023.0,Juan,Luciano,CEO,2015-01-01,
001722,41788,2024.0,Juan,Luciano,CEO,2015-01-01,
001878,44608,2017.0,Amar,Hanspal,CEO,2017-02-08,2017-06-19
001878,49611,2018.0,Andrew,"Anagnost, Ph.D.",CEO,2017-02-08,
001878,49611,2019.0,Andrew,"Anagnost, Ph.D.",CEO,2017-02-08,
001878,49611,2020.0,Andrew,"Anagnost, Ph.D.",CEO,2017-02-08,
001878,49611,2021.0,Andrew,"Anagnost, Ph.D.",CEO,2017-02-08,
001878,49611,2022.0,Andrew,"Anagnost, Ph.D.",CEO,2017-02-08,
001878,49611,2023.0,Andrew,"Anagnost, Ph.D.",CEO,2017-02-08,
001878,49611,2024.0,Andrew,"Anagnost, Ph.D.",CEO,2017-02-08,
001891,36251,2017.0,Carlos,Rodriguez,CEO,2011-11-08,2023-01-01
001891,36251,2018.0,Carlos,Rodriguez,CEO,2011-11-08,2023-01-01
001891,36251,2019.0,Carlos,Rodriguez,CEO,2011-11-08,2023-01-01
001891,36251,2020.0,Carlos,Rodriguez,CEO,2011-11-08,2023-01-01
001891,36251,2021.0,Carlos,Rodriguez,CEO,2011-11-08,2023-01-01
001891,36251,2022.0,Carlos,Rodriguez,CEO,2011-11-08,2023-01-01
001891,36251,2023.0,Carlos,Rodriguez,CEO,2011-11-08,2023-01-01
001891,57010,2024.0,Maria,Black,CEO,2023-01-01,
001913,40785,2017.0,Mitchell,Butier,CEO,2016-05-01,2023-09-01
001913,40785,2018.0,Mitchell,Butier,CEO,2016-05-01,2023-09-01
001913,40785,2019.0,Mitchell,Butier,CEO,2016-05-01,2023-09-01
001913,40785,2020.0,Mitchell,Butier,CEO,2016-05-01,2023-09-01
001913,40785,2021.0,Mitchell,Butier,CEO,2016-05-01,2023-09-01
001913,40785,2022.0,Mitchell,Butier,CEO,2016-05-01,2023-09-01
001913,40785,2023.0,Mitchell,Butier,CEO,2016-05-01,2023-09-01
001913,55790,2024.0,Deon,Stander,CEO,2023-09-01,
001988,30913,2017.0,John,Hayes,CEO,2011-01-26,2022-04-27
001988,30913,2018.0,John,Hayes,CEO,2011-01-26,2022-04-27
001988,30913,2019.0,John,Hayes,CEO,2011-01-26,2022-04-27
001988,30913,2020.0,John,Hayes,CEO,2011-01-26,2022-04-27
001988,30913,2021.0,John,Hayes,CEO,2011-01-26,2022-04-27
001988,54890,2022.0,Daniel,Fisher,CEO,2022-04-27,2025-11-10
001988,54890,2023.0,Daniel,Fisher,CEO,2022-04-27,2025-11-10
001988,54890,2024.0,Daniel,Fisher,CEO,2022-04-27,2025-11-10
002086,26835,2017.0,Jose,Almeida,CEO,2015-10-28,2025-02-03
002086,26835,2018.0,Jose,Almeida,CEO,2015-10-28,2025-02-03
002086,26835,2019.0,Jose,Almeida,CEO,2015-10-28,2025-02-03
002086,26835,2020.0,Jose,Almeida,CEO,2015-10-28,2025-02-03
002086,26835,2021.0,Jose,Almeida,CEO,2015-10-28,2025-02-03
002086,26835,2022.0,Jose,Almeida,CEO,2015-10-28,2025-02-03
002086,26835,2023.0,Jose,Almeida,CEO,2015-10-28,2025-02-03
002086,26835,2024.0,Jose,Almeida,CEO,2015-10-28,2025-02-03
002111,20526,2017.0,Vincent,Forlenza,CEO,2011-10-01,2020-01-01
002111,20526,2018.0,Vincent,Forlenza,CEO,2011-10-01,2020-01-01
002111,20526,2019.0,Vincent,Forlenza,CEO,2011-10-01,2020-01-01
002111,50234,2020.0,Thomas,"Polen, Jr.",CEO,2020-01-28,
002111,50234,2021.0,Thomas,"Polen, Jr.",CEO,2020-01-28,
002111,50234,2022.0,Thomas,"Polen, Jr.",CEO,2020-01-28,
002111,50234,2023.0,Thomas,"Polen, Jr.",CEO,2020-01-28,
002111,50234,2024.0,Thomas,"Polen, Jr.",CEO,2020-01-28,
002136,32564,2017.0,Lowell,McAdam,CEO,2011-08-01,2018-08-01
002136,32564,2018.0,Lowell,McAdam,CEO,2011-08-01,2018-08-01
002136,52465,2019.0,Hans,Vestberg,CEO,2018-08-01,2025-10-06
002136,52465,2020.0,Hans,Vestberg,CEO,2018-08-01,2025-10-06
002136,52465,2021.0,Hans,Vestberg,CEO,2018-08-01,2025-10-06
002136,52465,2022.0,Hans,Vestberg,CEO,2018-08-01,2025-10-06
002136,52465,2023.0,Hans,Vestberg,CEO,2018-08-01,2025-10-06
002136,52465,2024.0,Hans,Vestberg,CEO,2018-08-01,2025-10-06
002176,00125,2017.0,Warren,Buffett,CEO,1970-01-01,2025-12-31
002176,00125,2018.0,Warren,Buffett,CEO,1970-01-01,2025-12-31
002176,00125,2019.0,Warren,Buffett,CEO,1970-01-01,2025-12-31
002176,00125,2020.0,Warren,Buffett,CEO,1970-01-01,2025-12-31
002176,00125,2021.0,Warren,Buffett,CEO,1970-01-01,2025-12-31
002176,00125,2022.0,Warren,Buffett,CEO,1970-01-01,2025-12-31
002176,00125,2023.0,Warren,Buffett,CEO,1970-01-01,2025-12-31
002176,00125,2024.0,Warren,Buffett,CEO,1970-01-01,2025-12-31
002184,44610,2017.0,Hubert,Joly,CEO,2012-09-01,2019-06-11
002184,44610,2018.0,Hubert,Joly,CEO,2012-09-01,2019-06-11
002184,51370,2019.0,Corie,Barry,CEO,2019-06-11,
002184,51370,2020.0,Corie,Barry,CEO,2019-06-11,
002184,51370,2021.0,Corie,Barry,CEO,2019-06-11,
002184,51370,2022.0,Corie,Barry,CEO,2019-06-11,
002184,51370,2023.0,Corie,Barry,CEO,2019-06-11,
002184,51370,2024.0,Corie,Barry,CEO,2019-06-11,
002285,42427,2017.0,Dennis,Muilenburg,CEO,2015-07-01,2019-12-23
002285,42427,2018.0,Dennis,Muilenburg,CEO,2015-07-01,2019-12-23
002285,42427,2019.0,Dennis,Muilenburg,CEO,2015-07-01,2019-12-23
002285,45058,2020.0,David,Calhoun,CEO,2020-01-13,2024-08-08
002285,45058,2021.0,David,Calhoun,CEO,2020-01-13,2024-08-08
002285,45058,2022.0,David,Calhoun,CEO,2020-01-13,2024-08-08
002285,45058,2023.0,David,Calhoun,CEO,2020-01-13,2024-08-08
002285,45058,2024.0,David,Calhoun,CEO,2020-01-13,2024-08-08
002312,12308,2017.0,Harold,"Messmer, Jr.",CEO,1987-01-01,2019-12-01
002312,12308,2018.0,Harold,"Messmer, Jr.",CEO,1987-01-01,2019-12-01
002312,12308,2019.0,Harold,"Messmer, Jr.",CEO,1987-01-01,2019-12-01
002312,12309,2020.0,M.,Waddell,CEO,2019-12-15,
002312,12309,2021.0,M.,Waddell,CEO,2019-12-15,
002312,12309,2022.0,M.,Waddell,CEO,2019-12-15,
002312,12309,2023.0,M.,Waddell,CEO,2019-12-15,
002312,12309,2024.0,M.,Waddell,CEO,2019-12-15,
002403,45376,2017.0,Giovanni,"Caforio, M.D.",CEO,2015-05-05,2023-11-01
002403,45376,2018.0,Giovanni,"Caforio, M.D.",CEO,2015-05-05,2023-11-01
002403,45376,2019.0,Giovanni,"Caforio, M.D.",CEO,2015-05-05,2023-11-01
002403,45376,2020.0,Giovanni,"Caforio, M.D.",CEO,2015-05-05,2023-11-01
002403,45376,2021.0,Giovanni,"Caforio, M.D.",CEO,2015-05-05,2023-11-01
002403,45376,2022.0,Giovanni,"Caforio, M.D.",CEO,2015-05-05,2023-11-01
002403,45376,2023.0,Giovanni,"Caforio, M.D.",CEO,2015-05-05,2023-11-01
002403,58054,2024.0,Christopher,"Boerner, Ph.D.",CEO,2023-11-01,
002435,27109,2017.0,Paul,Varga,CEO,2005-08-01,2018-12-31
002435,27109,2018.0,Paul,Varga,CEO,2005-08-01,2018-12-31
002435,51715,2019.0,Lawson,Whiting,CEO,2019-01-01,
002435,51715,2020.0,Lawson,Whiting,CEO,2019-01-01,
002435,51715,2021.0,Lawson,Whiting,CEO,2019-01-01,
002435,51715,2022.0,Lawson,Whiting,CEO,2019-01-01,
002435,51715,2023.0,Lawson,Whiting,CEO,2019-01-01,
002435,51715,2024.0,Lawson,Whiting,CEO,2019-01-01,
002574,54900,2018.0,James,Foote,CEO,2017-12-14,2022-09-26
002574,54900,2019.0,James,Foote,CEO,2017-12-14,2022-09-26
002574,54900,2020.0,James,Foote,CEO,2017-12-14,2022-09-26
002574,54900,2021.0,James,Foote,CEO,2017-12-14,2022-09-26
002574,54900,2022.0,James,Foote,CEO,2017-12-14,2022-09-26
002574,00488,2017.0,E.,"Harrison, LL.D.",CEO,2017-03-06,2017-12-16
002574,42493,2023.0,Joseph,Hinrichs,CEO,2022-09-26,2025-09-28
002574,42493,2024.0,Joseph,Hinrichs,CEO,2022-09-26,2025-09-28
002663,34167,2017.0,Denise,Morrison,CEO,2011-08-01,2018-05-18
002663,34167,2018.0,Denise,Morrison,CEO,2011-08-01,2018-05-18
002663,46069,2019.0,Mark,Clouse,CEO,2019-01-22,2025-01-31
002663,46069,2020.0,Mark,Clouse,CEO,2019-01-22,2025-01-31
002663,46069,2021.0,Mark,Clouse,CEO,2019-01-22,2025-01-31
002663,46069,2022.0,Mark,Clouse,CEO,2019-01-22,2025-01-31
002663,46069,2023.0,Mark,Clouse,CEO,2019-01-22,2025-01-31
002663,46069,2024.0,Mark,Clouse,CEO,2019-01-22,2025-01-31
002710,13570,2017.0,Robert,"Sands, II",CEO,2007-07-01,2019-02-01
002710,13570,2018.0,Robert,"Sands, II",CEO,2007-07-01,2019-02-01
002710,42398,2019.0,William,Newlands,CEO,2019-03-01,2026-04-13
002710,42398,2020.0,William,Newlands,CEO,2019-03-01,2026-04-13
002710,42398,2021.0,William,Newlands,CEO,2019-03-01,2026-04-13
002710,42398,2022.0,William,Newlands,CEO,2019-03-01,2026-04-13
002710,42398,2023.0,William,Newlands,CEO,2019-03-01,2026-04-13
002710,42398,2024.0,William,Newlands,CEO,2019-03-01,2026-04-13
002751,06395,2017.0,George,Barrett,CEO,2009-08-31,2018-01-01
002751,06395,2018.0,George,Barrett,CEO,2009-08-31,2018-01-01
002751,40450,2019.0,Michael,Kaufmann,CEO,2018-01-01,2022-09-01
002751,40450,2020.0,Michael,Kaufmann,CEO,2018-01-01,2022-09-01
002751,40450,2021.0,Michael,Kaufmann,CEO,2018-01-01,2022-09-01
002751,40450,2022.0,Michael,Kaufmann,CEO,2018-01-01,2022-09-01
002751,50902,2023.0,Jason,Hollar,CEO,2022-09-01,
002751,50902,2024.0,Jason,Hollar,CEO,2022-09-01,
002817,45691,2017.0,D.,"Umpleby, III",CEO,2017-01-01,
002817,45691,2018.0,D.,"Umpleby, III",CEO,2017-01-01,
002817,45691,2019.0,D.,"Umpleby, III",CEO,2017-01-01,
002817,45691,2020.0,D.,"Umpleby, III",CEO,2017-01-01,
002817,45691,2021.0,D.,"Umpleby, III",CEO,2017-01-01,
002817,45691,2022.0,D.,"Umpleby, III",CEO,2017-01-01,
002817,45691,2023.0,D.,"Umpleby, III",CEO,2017-01-01,
002817,45691,2024.0,D.,"Umpleby, III",CEO,2017-01-01,
002884,00190,2017.0,Glen,"Post, III",CEO,1992-01-01,2018-05-23
002884,24668,2018.0,Jeffrey,Storey,CEO,2018-05-01,2022-11-07
002884,24668,2019.0,Jeffrey,Storey,CEO,2018-05-01,2022-11-07
002884,24668,2020.0,Jeffrey,Storey,CEO,2018-05-01,2022-11-07
002884,24668,2021.0,Jeffrey,Storey,CEO,2018-05-01,2022-11-07
002884,24668,2022.0,Jeffrey,Storey,CEO,2018-05-01,2022-11-07
002884,62792,2023.0,Kathleen,Johnson,CEO,2022-11-07,
002884,62792,2024.0,Kathleen,Johnson,CEO,2022-11-07,
002991,23369,2017.0,John,Watson,CEO,2010-01-01,2018-02-01
002991,41140,2018.0,Michael,Wirth,CEO,2018-02-01,
002991,41140,2019.0,Michael,Wirth,CEO,2018-02-01,
002991,41140,2020.0,Michael,Wirth,CEO,2018-02-01,
002991,41140,2021.0,Michael,Wirth,CEO,2018-02-01,
002991,41140,2022.0,Michael,Wirth,CEO,2018-02-01,
002991,41140,2023.0,Michael,Wirth,CEO,2018-02-01,
002991,41140,2024.0,Michael,Wirth,CEO,2018-02-01,
003026,25205,2017.0,Matthew,Farrell,CEO,2016-01-04,2025-04-02
003026,25205,2018.0,Matthew,Farrell,CEO,2016-01-04,2025-04-02
003026,25205,2019.0,Matthew,Farrell,CEO,2016-01-04,2025-04-02
003026,25205,2020.0,Matthew,Farrell,CEO,2016-01-04,2025-04-02
003026,25205,2021.0,Matthew,Farrell,CEO,2016-01-04,2025-04-02
003026,25205,2022.0,Matthew,Farrell,CEO,2016-01-04,2025-04-02
003026,25205,2023.0,Matthew,Farrell,CEO,2016-01-04,2025-04-02
003026,25205,2024.0,Matthew,Farrell,CEO,2016-01-04,2025-04-02
003062,15654,2017.0,Scott,Farmer,CEO,2003-07-10,2021-05-31
003062,15654,2018.0,Scott,Farmer,CEO,2003-07-10,2021-05-31
003062,15654,2019.0,Scott,Farmer,CEO,2003-07-10,2021-05-31
003062,15654,2020.0,Scott,Farmer,CEO,2003-07-10,2021-05-31
003062,57023,2021.0,Todd,Schneider,CEO,2021-06-01,
003062,57023,2022.0,Todd,Schneider,CEO,2021-06-01,
003062,57023,2023.0,Todd,Schneider,CEO,2021-06-01,
003062,57023,2024.0,Todd,Schneider,CEO,2021-06-01,
003121,46422,2017.0,Benno,Dorer,CEO,2014-11-20,2020-09-14
003121,46422,2018.0,Benno,Dorer,CEO,2014-11-20,2020-09-14
003121,46422,2019.0,Benno,Dorer,CEO,2014-11-20,2020-09-14
003121,46422,2020.0,Benno,Dorer,CEO,2014-11-20,2020-09-14
003121,55419,2021.0,Linda,Rendle,CEO,2020-09-14,
003121,55419,2022.0,Linda,Rendle,CEO,2020-09-14,
003121,55419,2023.0,Linda,Rendle,CEO,2020-09-14,
003121,55419,2024.0,Linda,Rendle,CEO,2020-09-14,
003144,48576,2017.0,James Robert,Quincey,CEO,2017-05-01,2026-03-31
003144,48576,2018.0,James Robert,Quincey,CEO,2017-05-01,2026-03-31
003144,48576,2019.0,James Robert,Quincey,CEO,2017-05-01,2026-03-31
003144,48576,2020.0,James Robert,Quincey,CEO,2017-05-01,2026-03-31
003144,48576,2021.0,James Robert,Quincey,CEO,2017-05-01,2026-03-31
003144,48576,2022.0,James Robert,Quincey,CEO,2017-05-01,2026-03-31
003144,48576,2023.0,James Robert,Quincey,CEO,2017-05-01,2026-03-31
003144,48576,2024.0,James Robert,Quincey,CEO,2017-05-01,2026-03-31
003170,23250,2017.0,Ian,Cook,CEO,2007-07-01,2019-04-02
003170,23250,2018.0,Ian,Cook,CEO,2007-07-01,2019-04-02
003170,50870,2019.0,Noel,Wallace,CEO,2019-04-02,
003170,50870,2020.0,Noel,Wallace,CEO,2019-04-02,
003170,50870,2021.0,Noel,Wallace,CEO,2019-04-02,
003170,50870,2022.0,Noel,Wallace,CEO,2019-04-02,
003170,50870,2023.0,Noel,Wallace,CEO,2019-04-02,
003170,50870,2024.0,Noel,Wallace,CEO,2019-04-02,
003226,00233,2017.0,Brian,Roberts,CEO,2002-11-01,2026-01-02
003226,00233,2018.0,Brian,Roberts,CEO,2002-11-01,2026-01-02
003226,00233,2019.0,Brian,Roberts,CEO,2002-11-01,2026-01-02
003226,00233,2020.0,Brian,Roberts,CEO,2002-11-01,2026-01-02
003226,00233,2021.0,Brian,Roberts,CEO,2002-11-01,2026-01-02
003226,00233,2022.0,Brian,Roberts,CEO,2002-11-01,2026-01-02
003226,00233,2023.0,Brian,Roberts,CEO,2002-11-01,2026-01-02
003226,00233,2024.0,Brian,Roberts,CEO,2002-11-01,2026-01-02
003336,28295,2017.0,John,Lawrie,CEO,2017-04-01,2019-09-12
003336,28295,2018.0,John,Lawrie,CEO,2017-04-01,2019-09-12
003336,58971,2020.0,Michael,Salvino,CEO,2019-09-12,2023-12-20
003336,58971,2021.0,Michael,Salvino,CEO,2019-09-12,2023-12-20
003336,58971,2022.0,Michael,Salvino,CEO,2019-09-12,2023-12-20
003336,58971,2023.0,Michael,Salvino,CEO,2019-09-12,2023-12-20
003336,65696,2024.0,Raul,Fernandez,CEO,2023-12-20,
003362,43570,2017.0,Sean,Connolly,CEO,2015-04-06,
003362,43570,2018.0,Sean,Connolly,CEO,2015-04-06,
003362,43570,2019.0,Sean,Connolly,CEO,2015-04-06,
003362,43570,2020.0,Sean,Connolly,CEO,2015-04-06,
003362,43570,2021.0,Sean,Connolly,CEO,2015-04-06,
003362,43570,2022.0,Sean,Connolly,CEO,2015-04-06,
003362,43570,2023.0,Sean,Connolly,CEO,2015-04-06,
003362,43570,2024.0,Sean,Connolly,CEO,2015-04-06,
003504,14296,2017.0,Robert,Weiss,CEO,2007-11-01,2018-05-01
003504,43851,2018.0,Albert,"White, III",CEO,2018-05-01,
003504,43851,2019.0,Albert,"White, III",CEO,2018-05-01,
003504,43851,2020.0,Albert,"White, III",CEO,2018-05-01,
003504,43851,2021.0,Albert,"White, III",CEO,2018-05-01,
003504,43851,2022.0,Albert,"White, III",CEO,2018-05-01,
003504,43851,2023.0,Albert,"White, III",CEO,2018-05-01,
003504,43851,2024.0,Albert,"White, III",CEO,2018-05-01,
003505,35317,2017.0,Mark,Hunter,CEO,2015-01-01,2019-09-27
003505,35317,2018.0,Mark,Hunter,CEO,2015-01-01,2019-09-27
003505,35317,2019.0,Mark,Hunter,CEO,2015-01-01,2019-09-27
003505,44148,2020.0,Gavin D.,Hattersley,CEO,2019-09-28,2025-10-01
003505,44148,2021.0,Gavin D.,Hattersley,CEO,2019-09-28,2025-10-01
003505,44148,2022.0,Gavin D.,Hattersley,CEO,2019-09-28,2025-10-01
003505,44148,2023.0,Gavin D.,Hattersley,CEO,2019-09-28,2025-10-01
003505,44148,2024.0,Gavin D.,Hattersley,CEO,2019-09-28,2025-10-01
003532,18411,2017.0,Wendell,Weeks,CEO,2005-04-26,
003532,18411,2018.0,Wendell,Weeks,CEO,2005-04-26,
003532,18411,2019.0,Wendell,Weeks,CEO,2005-04-26,
003532,18411,2020.0,Wendell,Weeks,CEO,2005-04-26,
003532,18411,2021.0,Wendell,Weeks,CEO,2005-04-26,
003532,18411,2022.0,Wendell,Weeks,CEO,2005-04-26,
003532,18411,2023.0,Wendell,Weeks,CEO,2005-04-26,
003532,18411,2024.0,Wendell,Weeks,CEO,2005-04-26,
003650,23034,2017.0,Norman,Linebarger,CEO,2012-01-01,2022-01-01
003650,23034,2018.0,Norman,Linebarger,CEO,2012-01-01,2022-01-01
003650,23034,2019.0,Norman,Linebarger,CEO,2012-01-01,2022-01-01
003650,23034,2020.0,Norman,Linebarger,CEO,2012-01-01,2022-01-01
003650,23034,2021.0,Norman,Linebarger,CEO,2012-01-01,2022-01-01
003650,61303,2022.0,Jennifer,Rumsey,CEO,2022-08-01,
003650,61303,2023.0,Jennifer,Rumsey,CEO,2022-08-01,
003650,61303,2024.0,Jennifer,Rumsey,CEO,2022-08-01,
003735,32606,2017.0,Thomas,"Joyce, Jr.",CEO,2014-09-09,2020-09-01
003735,32606,2018.0,Thomas,"Joyce, Jr.",CEO,2014-09-09,2020-09-01
003735,32606,2019.0,Thomas,"Joyce, Jr.",CEO,2014-09-09,2020-09-01
003735,32606,2020.0,Thomas,"Joyce, Jr.",CEO,2014-09-09,2020-09-01
003735,54011,2021.0,Rainer,Blair,CEO,2020-09-01,
003735,54011,2022.0,Rainer,Blair,CEO,2020-09-01,
003735,54011,2023.0,Rainer,Blair,CEO,2020-09-01,
003735,54011,2024.0,Rainer,Blair,CEO,2020-09-01,
003813,28093,2017.0,Brian,Cornell,CEO,2014-08-12,2026-02-01
003813,28093,2018.0,Brian,Cornell,CEO,2014-08-12,2026-02-01
003813,28093,2019.0,Brian,Cornell,CEO,2014-08-12,2026-02-01
003813,28093,2020.0,Brian,Cornell,CEO,2014-08-12,2026-02-01
003813,28093,2021.0,Brian,Cornell,CEO,2014-08-12,2026-02-01
003813,28093,2022.0,Brian,Cornell,CEO,2014-08-12,2026-02-01
003813,28093,2023.0,Brian,Cornell,CEO,2014-08-12,2026-02-01
003813,28093,2024.0,Brian,Cornell,CEO,2014-08-12,2026-02-01
003835,30715,2017.0,Samuel,Allen,CEO,2009-08-01,2019-11-04
003835,30715,2018.0,Samuel,Allen,CEO,2009-08-01,2019-11-04
003835,30715,2019.0,Samuel,Allen,CEO,2009-08-01,2019-11-04
003835,50241,2020.0,John,"May, II",CEO,2019-11-04,
003835,50241,2021.0,John,"May, II",CEO,2019-11-04,
003835,50241,2022.0,John,"May, II",CEO,2019-11-04,
003835,50241,2023.0,John,"May, II",CEO,2019-11-04,
003835,50241,2024.0,John,"May, II",CEO,2019-11-04,
003851,30352,2017.0,Edward,Bastian,CEO,2016-05-02,
003851,30352,2018.0,Edward,Bastian,CEO,2016-05-02,
003851,30352,2019.0,Edward,Bastian,CEO,2016-05-02,
003851,30352,2020.0,Edward,Bastian,CEO,2016-05-02,
003851,30352,2021.0,Edward,Bastian,CEO,2016-05-02,
003851,30352,2022.0,Edward,Bastian,CEO,2016-05-02,
003851,30352,2023.0,Edward,Bastian,CEO,2016-05-02,
003851,30352,2024.0,Edward,Bastian,CEO,2016-05-02,
003980,01557,2017.0,Robert,Iger,CEO,2022-11-20,2026-03-18
003980,01557,2018.0,Robert,Iger,CEO,2022-11-20,2026-03-18
003980,01557,2019.0,Robert,Iger,CEO,2022-11-20,2026-03-18
003980,01557,2023.0,Robert,Iger,CEO,2022-11-20,2026-03-18
003980,01557,2024.0,Robert,Iger,CEO,2022-11-20,2026-03-18
003980,59316,2020.0,Robert,Chapek,CEO,2020-02-24,2022-11-20
003980,59316,2021.0,Robert,Chapek,CEO,2020-02-24,2022-11-20
003980,59316,2022.0,Robert,Chapek,CEO,2020-02-24,2022-11-20
004016,29210,2017.0,Todd,Vasos,CEO,2023-10-12,
004016,29210,2018.0,Todd,Vasos,CEO,2023-10-12,
004016,29210,2019.0,Todd,Vasos,CEO,2023-10-12,
004016,29210,2020.0,Todd,Vasos,CEO,2023-10-12,
004016,29210,2021.0,Todd,Vasos,CEO,2023-10-12,
004016,29210,2022.0,Todd,Vasos,CEO,2023-10-12,
004016,29210,2024.0,Todd,Vasos,CEO,2023-10-12,
004016,50878,2023.0,Jeffery,Owen,CEO,2022-11-01,2023-10-12
004058,35267,2017.0,Robert,Livingston,CEO,2008-12-01,2018-04-30
004058,55830,2018.0,Richard,Tobin,CEO,2018-05-01,
004058,55830,2019.0,Richard,Tobin,CEO,2018-05-01,
004058,55830,2020.0,Richard,Tobin,CEO,2018-05-01,
004058,55830,2021.0,Richard,Tobin,CEO,2018-05-01,
004058,55830,2022.0,Richard,Tobin,CEO,2018-05-01,
004058,55830,2023.0,Richard,Tobin,CEO,2018-05-01,
004058,55830,2024.0,Richard,Tobin,CEO,2018-05-01,
004060,26094,2017.0,Andrew,"Liveris, A.O., B.E.,",CEO,2004-11-01,2017-08-31
004060,13508,2018.0,Edward,Breen,CEO,2020-02-17,2024-06-01
004060,13508,2020.0,Edward,Breen,CEO,2020-02-17,2024-06-01
004060,13508,2021.0,Edward,Breen,CEO,2020-02-17,2024-06-01
004060,13508,2022.0,Edward,Breen,CEO,2020-02-17,2024-06-01
004060,13508,2023.0,Edward,Breen,CEO,2020-02-17,2024-06-01
004060,56768,2019.0,Marc,"Doyle, Ph.D.",CEO,2019-06-01,2020-02-17
004060,59457,2024.0,Lori,Koch,CEO,2024-06-01,
004066,06099,2017.0,John,Wren,CEO,1997-01-01,
004066,06099,2018.0,John,Wren,CEO,1997-01-01,
004066,06099,2019.0,John,Wren,CEO,1997-01-01,
004066,06099,2020.0,John,Wren,CEO,1997-01-01,
004066,06099,2021.0,John,Wren,CEO,1997-01-01,
004066,06099,2022.0,John,Wren,CEO,1997-01-01,
004066,06099,2023.0,John,Wren,CEO,1997-01-01,
004066,06099,2024.0,John,Wren,CEO,1997-01-01,
004108,47540,2017.0,Robert,Rowe,CEO,2017-04-01,
004108,47540,2018.0,Robert,Rowe,CEO,2017-04-01,
004108,47540,2019.0,Robert,Rowe,CEO,2017-04-01,
004108,47540,2020.0,Robert,Rowe,CEO,2017-04-01,
004108,47540,2021.0,Robert,Rowe,CEO,2017-04-01,
004108,47540,2022.0,Robert,Rowe,CEO,2017-04-01,
004108,47540,2023.0,Robert,Rowe,CEO,2017-04-01,
004108,47540,2024.0,Robert,Rowe,CEO,2017-04-01,
004145,18871,2017.0,Robert,Friel,CEO,2008-02-01,
004145,18871,2018.0,Robert,Friel,CEO,2008-02-01,
004145,18871,2019.0,Robert,Friel,CEO,2008-02-01,
004145,50423,2020.0,Prahlad,"Singh, Ph.D.",CEO,2019-12-30,
004145,50423,2021.0,Prahlad,"Singh, Ph.D.",CEO,2019-12-30,
004145,50423,2022.0,Prahlad,"Singh, Ph.D.",CEO,2019-12-30,
004145,50423,2023.0,Prahlad,"Singh, Ph.D.",CEO,2019-12-30,
004145,50423,2024.0,Prahlad,"Singh, Ph.D.",CEO,2019-12-30,
004213,23269,2017.0,Douglas,"Baker, Jr.",CEO,2004-07-01,2021-01-01
004213,23269,2018.0,Douglas,"Baker, Jr.",CEO,2004-07-01,2021-01-01
004213,23269,2019.0,Douglas,"Baker, Jr.",CEO,2004-07-01,2021-01-01
004213,23269,2020.0,Douglas,"Baker, Jr.",CEO,2004-07-01,2021-01-01
004213,48586,2021.0,Christophe,Beck,CEO,2021-01-01,
004213,48586,2022.0,Christophe,Beck,CEO,2021-01-01,
004213,48586,2023.0,Christophe,Beck,CEO,2021-01-01,
004213,48586,2024.0,Christophe,Beck,CEO,2021-01-01,
004321,20396,2017.0,David,Farr,CEO,2000-10-01,2021-02-05
004321,20396,2018.0,David,Farr,CEO,2000-10-01,2021-02-05
004321,20396,2019.0,David,Farr,CEO,2000-10-01,2021-02-05
004321,20396,2020.0,David,Farr,CEO,2000-10-01,2021-02-05
004321,57481,2021.0,Surendralal,Karsanbhai,CEO,2021-02-05,
004321,57481,2022.0,Surendralal,Karsanbhai,CEO,2021-02-05,
004321,57481,2023.0,Surendralal,Karsanbhai,CEO,2021-02-05,
004321,57481,2024.0,Surendralal,Karsanbhai,CEO,2021-02-05,
004423,29414,2017.0,Richard,Smith,CEO,2005-09-19,2017-09-26
004423,55839,2018.0,Mark,Begor,CEO,2018-04-16,
004423,55839,2019.0,Mark,Begor,CEO,2018-04-16,
004423,55839,2020.0,Mark,Begor,CEO,2018-04-16,
004423,55839,2021.0,Mark,Begor,CEO,2018-04-16,
004423,55839,2022.0,Mark,Begor,CEO,2018-04-16,
004423,55839,2023.0,Mark,Begor,CEO,2018-04-16,
004423,55839,2024.0,Mark,Begor,CEO,2018-04-16,
004430,35078,2017.0,Steven,Schlotterbeck,CEO,2017-03-01,2018-03-15
004430,35078,2018.0,Steven,Schlotterbeck,CEO,2017-03-01,2018-03-15
004430,50425,2019.0,Robert,McNally,CEO,2018-11-01,2019-07-10
004430,57767,2020.0,Toby,Rice,CEO,2019-07-10,
004430,57767,2021.0,Toby,Rice,CEO,2019-07-10,
004430,57767,2022.0,Toby,Rice,CEO,2019-07-10,
004430,57767,2023.0,Toby,Rice,CEO,2019-07-10,
004430,57767,2024.0,Toby,Rice,CEO,2019-07-10,
004494,47275,2017.0,Jeffrey,Musser,CEO,2013-12-19,2025-03-31
004494,47275,2018.0,Jeffrey,Musser,CEO,2013-12-19,2025-03-31
004494,47275,2019.0,Jeffrey,Musser,CEO,2013-12-19,2025-03-31
004494,47275,2020.0,Jeffrey,Musser,CEO,2013-12-19,2025-03-31
004494,47275,2021.0,Jeffrey,Musser,CEO,2013-12-19,2025-03-31
004494,47275,2022.0,Jeffrey,Musser,CEO,2013-12-19,2025-03-31
004494,47275,2023.0,Jeffrey,Musser,CEO,2013-12-19,2025-03-31
004494,47275,2024.0,Jeffrey,Musser,CEO,2013-12-19,2025-03-31
004503,49947,2017.0,Darren,Woods,CEO,2017-01-01,
004503,49947,2018.0,Darren,Woods,CEO,2017-01-01,
004503,49947,2019.0,Darren,Woods,CEO,2017-01-01,
004503,49947,2020.0,Darren,Woods,CEO,2017-01-01,
004503,49947,2021.0,Darren,Woods,CEO,2017-01-01,
004503,49947,2022.0,Darren,Woods,CEO,2017-01-01,
004503,49947,2023.0,Darren,Woods,CEO,2017-01-01,
004503,49947,2024.0,Darren,Woods,CEO,2017-01-01,
004510,21033,2017.0,Pierre,"Brondeau, Ph.D.",CEO,2024-06-11,
004510,21033,2018.0,Pierre,"Brondeau, Ph.D.",CEO,2024-06-11,
004510,21033,2019.0,Pierre,"Brondeau, Ph.D.",CEO,2024-06-11,
004510,21033,2024.0,Pierre,"Brondeau, Ph.D.",CEO,2024-06-11,
004510,43861,2020.0,Mark,Douglas,CEO,2020-06-01,2024-06-11
004510,43861,2021.0,Mark,Douglas,CEO,2020-06-01,2024-06-11
004510,43861,2022.0,Mark,Douglas,CEO,2020-06-01,2024-06-11
004510,43861,2023.0,Mark,Douglas,CEO,2020-06-01,2024-06-11
004598,00341,2017.0,Frederick,Smith,CEO,1998-01-01,2022-06-01
004598,00341,2018.0,Frederick,Smith,CEO,1998-01-01,2022-06-01
004598,00341,2019.0,Frederick,Smith,CEO,1998-01-01,2022-06-01
004598,00341,2020.0,Frederick,Smith,CEO,1998-01-01,2022-06-01
004598,00341,2021.0,Frederick,Smith,CEO,1998-01-01,2022-06-01
004598,52640,2022.0,Rajesh,Subramaniam,CEO,2022-06-01,
004598,52640,2023.0,Rajesh,Subramaniam,CEO,2022-06-01,
004598,52640,2024.0,Rajesh,Subramaniam,CEO,2022-06-01,
004611,44167,2017.0,Jeffrey,Gennette,CEO,2017-03-23,2024-02-01
004611,44167,2018.0,Jeffrey,Gennette,CEO,2017-03-23,2024-02-01
004611,44167,2019.0,Jeffrey,Gennette,CEO,2017-03-23,2024-02-01
004611,44167,2020.0,Jeffrey,Gennette,CEO,2017-03-23,2024-02-01
004611,44167,2021.0,Jeffrey,Gennette,CEO,2017-03-23,2024-02-01
004611,44167,2022.0,Jeffrey,Gennette,CEO,2017-03-23,2024-02-01
004611,44167,2023.0,Jeffrey,Gennette,CEO,2017-03-23,2024-02-01
004611,61313,2024.0,Antony,Spring,CEO,2024-02-01,
004818,35166,2017.0,David,Seaton,CEO,2011-02-01,2019-04-30
004818,35166,2018.0,David,Seaton,CEO,2011-02-01,2019-04-30
004818,40835,2019.0,Carlos,"Hernandez, J.D.",CEO,2019-05-01,2020-12-31
004818,40835,2020.0,Carlos,"Hernandez, J.D.",CEO,2019-05-01,2020-12-31
004818,59475,2021.0,David,"Constable, B.Sc.",CEO,2021-01-01,2025-05-01
004818,59475,2022.0,David,"Constable, B.Sc.",CEO,2021-01-01,2025-05-01
004818,59475,2023.0,David,"Constable, B.Sc.",CEO,2021-01-01,2025-05-01
004818,59475,2024.0,David,"Constable, B.Sc.",CEO,2021-01-01,2025-05-01
004839,23438,2017.0,William,"Ford, Jr.",CEO,2001-10-30,2006-09-01
004839,35321,2021.0,James,"Farley, Jr.",CEO,2020-10-01,
004839,35321,2022.0,James,"Farley, Jr.",CEO,2020-10-01,
004839,35321,2023.0,James,"Farley, Jr.",CEO,2020-10-01,
004839,35321,2024.0,James,"Farley, Jr.",CEO,2020-10-01,
004839,54933,2018.0,James,Hackett,CEO,2017-05-22,2020-10-01
004839,54933,2019.0,James,Hackett,CEO,2017-05-22,2020-10-01
004839,54933,2020.0,James,Hackett,CEO,2017-05-22,2020-10-01
004990,35348,2017.0,Arthur,Peck,CEO,2015-02-01,2019-11-07
004990,35348,2018.0,Arthur,Peck,CEO,2015-02-01,2019-11-07
004990,35348,2019.0,Arthur,Peck,CEO,2015-02-01,2019-11-07
004990,49013,2020.0,Sonia,Syngal,CEO,2020-03-23,2022-07-11
004990,49013,2021.0,Sonia,Syngal,CEO,2020-03-23,2022-07-11
004990,59799,2022.0,Bobby,"Martin, Ph.D.",CEO,2022-07-11,2023-08-22
004990,59799,2023.0,Bobby,"Martin, Ph.D.",CEO,2022-07-11,2023-08-22
004990,41342,2024.0,Richard,Dickson,CEO,2023-08-22,
005046,42502,2017.0,Phebe,Novakovic,CEO,2013-01-01,
005046,42502,2018.0,Phebe,Novakovic,CEO,2013-01-01,
005046,42502,2019.0,Phebe,Novakovic,CEO,2013-01-01,
005046,42502,2020.0,Phebe,Novakovic,CEO,2013-01-01,
005046,42502,2021.0,Phebe,Novakovic,CEO,2013-01-01,
005046,42502,2022.0,Phebe,Novakovic,CEO,2013-01-01,
005046,42502,2023.0,Phebe,Novakovic,CEO,2013-01-01,
005046,42502,2024.0,Phebe,Novakovic,CEO,2013-01-01,
005047,20859,2017.0,Jeffrey,Immelt,CEO,2001-01-01,2017-07-31
005047,54024,2018.0,John,Flannery,CEO,2017-08-01,2018-10-01
005047,13127,2019.0,H.,"Culp, Jr.",CEO,2018-10-01,
005047,13127,2020.0,H.,"Culp, Jr.",CEO,2018-10-01,
005047,13127,2021.0,H.,"Culp, Jr.",CEO,2018-10-01,
005047,13127,2022.0,H.,"Culp, Jr.",CEO,2018-10-01,
005047,13127,2023.0,H.,"Culp, Jr.",CEO,2018-10-01,
005047,13127,2024.0,H.,"Culp, Jr.",CEO,2018-10-01,
005071,48004,2017.0,Jeffrey,Harmening,CEO,2017-06-01,
005071,48004,2018.0,Jeffrey,Harmening,CEO,2017-06-01,
005071,48004,2019.0,Jeffrey,Harmening,CEO,2017-06-01,
005071,48004,2020.0,Jeffrey,Harmening,CEO,2017-06-01,
005071,48004,2021.0,Jeffrey,Harmening,CEO,2017-06-01,
005071,48004,2022.0,Jeffrey,Harmening,CEO,2017-06-01,
005071,48004,2023.0,Jeffrey,Harmening,CEO,2017-06-01,
005071,48004,2024.0,Jeffrey,Harmening,CEO,2017-06-01,
005073,44629,2017.0,Mary,Barra,CEO,2014-01-15,
005073,44629,2018.0,Mary,Barra,CEO,2014-01-15,
005073,44629,2019.0,Mary,Barra,CEO,2014-01-15,
005073,44629,2020.0,Mary,Barra,CEO,2014-01-15,
005073,44629,2021.0,Mary,Barra,CEO,2014-01-15,
005073,44629,2022.0,Mary,Barra,CEO,2014-01-15,
005073,44629,2023.0,Mary,Barra,CEO,2014-01-15,
005073,44629,2024.0,Mary,Barra,CEO,2014-01-15,
005073,59805,2020.0,Douglas,Parks,CEO,,
005125,32447,2017.0,Paul,Donahue,CEO,2016-05-01,2024-06-03
005125,32447,2018.0,Paul,Donahue,CEO,2016-05-01,2024-06-03
005125,32447,2019.0,Paul,Donahue,CEO,2016-05-01,2024-06-03
005125,32447,2020.0,Paul,Donahue,CEO,2016-05-01,2024-06-03
005125,32447,2021.0,Paul,Donahue,CEO,2016-05-01,2024-06-03
005125,32447,2022.0,Paul,Donahue,CEO,2016-05-01,2024-06-03
005125,32447,2023.0,Paul,Donahue,CEO,2016-05-01,2024-06-03
005125,61068,2024.0,William,"Stengel, II",CEO,2024-06-03,
005234,27509,2017.0,Richard,"Kramer, CPA",CEO,2010-04-13,2024-01-29
005234,27509,2018.0,Richard,"Kramer, CPA",CEO,2010-04-13,2024-01-29
005234,27509,2019.0,Richard,"Kramer, CPA",CEO,2010-04-13,2024-01-29
005234,27509,2020.0,Richard,"Kramer, CPA",CEO,2010-04-13,2024-01-29
005234,27509,2021.0,Richard,"Kramer, CPA",CEO,2010-04-13,2024-01-29
005234,27509,2022.0,Richard,"Kramer, CPA",CEO,2010-04-13,2024-01-29
005234,27509,2023.0,Richard,"Kramer, CPA",CEO,2010-04-13,2024-01-29
005234,66448,2024.0,Mark,Stewart,CEO,2024-01-29,
005256,36887,2017.0,Donald,Macpherson,CEO,2016-10-01,
005256,36887,2018.0,Donald,Macpherson,CEO,2016-10-01,
005256,36887,2019.0,Donald,Macpherson,CEO,2016-10-01,
005256,36887,2020.0,Donald,Macpherson,CEO,2016-10-01,
005256,36887,2021.0,Donald,Macpherson,CEO,2016-10-01,
005256,36887,2022.0,Donald,Macpherson,CEO,2016-10-01,
005256,36887,2023.0,Donald,Macpherson,CEO,2016-10-01,
005256,36887,2024.0,Donald,Macpherson,CEO,2016-10-01,
005439,44179,2017.0,Jeffrey,"Miller, C.P.A.",CEO,2017-06-01,
005439,44179,2018.0,Jeffrey,"Miller, C.P.A.",CEO,2017-06-01,
005439,44179,2019.0,Jeffrey,"Miller, C.P.A.",CEO,2017-06-01,
005439,44179,2020.0,Jeffrey,"Miller, C.P.A.",CEO,2017-06-01,
005439,44179,2021.0,Jeffrey,"Miller, C.P.A.",CEO,2017-06-01,
005439,44179,2022.0,Jeffrey,"Miller, C.P.A.",CEO,2017-06-01,
005439,44179,2023.0,Jeffrey,"Miller, C.P.A.",CEO,2017-06-01,
005439,44179,2024.0,Jeffrey,"Miller, C.P.A.",CEO,2017-06-01,
005492,37150,2017.0,William,Brown,CEO,2011-11-01,2021-06-29
005492,37150,2018.0,William,Brown,CEO,2011-11-01,2021-06-29
005492,37150,2019.0,William,Brown,CEO,2011-11-01,2021-06-29
005492,37150,2020.0,William,Brown,CEO,2011-11-01,2021-06-29
005492,29263,2021.0,Christopher,"Kubasik, CPA",CEO,2021-06-29,
005492,29263,2022.0,Christopher,"Kubasik, CPA",CEO,2021-06-29,
005492,29263,2023.0,Christopher,"Kubasik, CPA",CEO,2021-06-29,
005492,29263,2024.0,Christopher,"Kubasik, CPA",CEO,2021-06-29,
005518,21212,2017.0,Brian,Goldner,CEO,2008-05-22,2021-10-10
005518,21212,2018.0,Brian,Goldner,CEO,2008-05-22,2021-10-10
005518,21212,2019.0,Brian,Goldner,CEO,2008-05-22,2021-10-10
005518,21212,2020.0,Brian,Goldner,CEO,2008-05-22,2021-10-10
005518,21212,2021.0,Brian,Goldner,CEO,2008-05-22,2021-10-10
005518,62157,2022.0,Christian,Cocks,CEO,2022-02-25,
005518,62157,2023.0,Christian,Cocks,CEO,2022-02-25,
005518,62157,2024.0,Christian,Cocks,CEO,2022-02-25,
005568,41083,2017.0,Bernardo,Hees,CEO,2015-07-02,2019-06-25
005568,41083,2018.0,Bernardo,Hees,CEO,2015-07-02,2019-06-25
005568,58103,2019.0,Miguel,Patricio,CEO,2019-06-25,2024-01-01
005568,58103,2020.0,Miguel,Patricio,CEO,2019-06-25,2024-01-01
005568,58103,2021.0,Miguel,Patricio,CEO,2019-06-25,2024-01-01
005568,58103,2022.0,Miguel,Patricio,CEO,2019-06-25,2024-01-01
005568,58103,2023.0,Miguel,Patricio,CEO,2019-06-25,2024-01-01
005568,57016,2024.0,Carlos,Abrams-Rivera,CEO,2023-12-01,2026-01-01
005581,30738,2017.0,John,Lindsay,CEO,2014-03-05,2026-03-04
005581,30738,2018.0,John,Lindsay,CEO,2014-03-05,2026-03-04
005581,30738,2019.0,John,Lindsay,CEO,2014-03-05,2026-03-04
005581,30738,2020.0,John,Lindsay,CEO,2014-03-05,2026-03-04
005581,30738,2021.0,John,Lindsay,CEO,2014-03-05,2026-03-04
005581,30738,2022.0,John,Lindsay,CEO,2014-03-05,2026-03-04
005581,30738,2023.0,John,Lindsay,CEO,2014-03-05,2026-03-04
005581,30738,2024.0,John,Lindsay,CEO,2014-03-05,2026-03-04
005597,29187,2017.0,Michele,Buck,CEO,2017-03-01,2025-08-18
005597,29187,2018.0,Michele,Buck,CEO,2017-03-01,2025-08-18
005597,29187,2019.0,Michele,Buck,CEO,2017-03-01,2025-08-18
005597,29187,2020.0,Michele,Buck,CEO,2017-03-01,2025-08-18
005597,29187,2021.0,Michele,Buck,CEO,2017-03-01,2025-08-18
005597,29187,2022.0,Michele,Buck,CEO,2017-03-01,2025-08-18
005597,29187,2023.0,Michele,Buck,CEO,2017-03-01,2025-08-18
005597,29187,2024.0,Michele,Buck,CEO,2017-03-01,2025-08-18
005606,45434,2017.0,Dion,Weisler,CEO,2015-11-01,2019-11-01
005606,45434,2018.0,Dion,Weisler,CEO,2015-11-01,2019-11-01
005606,45434,2019.0,Dion,Weisler,CEO,2015-11-01,2019-11-01
005606,52687,2020.0,Enrique,Lores,CEO,2019-11-01,2026-02-03
005606,52687,2021.0,Enrique,Lores,CEO,2019-11-01,2026-02-03
005606,52687,2022.0,Enrique,Lores,CEO,2019-11-01,2026-02-03
005606,52687,2023.0,Enrique,Lores,CEO,2019-11-01,2026-02-03
005606,52687,2024.0,Enrique,Lores,CEO,2019-11-01,2026-02-03
005643,31068,2017.0,Christopher,Nassetta,CEO,2007-12-01,
005643,31068,2018.0,Christopher,Nassetta,CEO,2007-12-01,
005643,31068,2019.0,Christopher,Nassetta,CEO,2007-12-01,
005643,31068,2020.0,Christopher,Nassetta,CEO,2007-12-01,
005643,31068,2021.0,Christopher,Nassetta,CEO,2007-12-01,
005643,31068,2022.0,Christopher,Nassetta,CEO,2007-12-01,
005643,31068,2023.0,Christopher,Nassetta,CEO,2007-12-01,
005643,31068,2024.0,Christopher,Nassetta,CEO,2007-12-01,
005680,32642,2017.0,Craig,Menear,CEO,2014-11-01,2022-03-01
005680,32642,2018.0,Craig,Menear,CEO,2014-11-01,2022-03-01
005680,32642,2019.0,Craig,Menear,CEO,2014-11-01,2022-03-01
005680,32642,2020.0,Craig,Menear,CEO,2014-11-01,2022-03-01
005680,32642,2021.0,Craig,Menear,CEO,2014-11-01,2022-03-01
005680,54945,2022.0,Edward,Decker,CEO,2022-03-01,
005680,54945,2023.0,Edward,Decker,CEO,2022-03-01,
005680,54945,2024.0,Edward,Decker,CEO,2022-03-01,
005709,50251,2017.0,James,Snee,CEO,2016-10-31,2025-07-14
005709,50251,2018.0,James,Snee,CEO,2016-10-31,2025-07-14
005709,50251,2019.0,James,Snee,CEO,2016-10-31,2025-07-14
005709,50251,2020.0,James,Snee,CEO,2016-10-31,2025-07-14
005709,50251,2021.0,James,Snee,CEO,2016-10-31,2025-07-14
005709,50251,2022.0,James,Snee,CEO,2016-10-31,2025-07-14
005709,50251,2023.0,James,Snee,CEO,2016-10-31,2025-07-14
005709,50251,2024.0,James,Snee,CEO,2016-10-31,2025-07-14
005783,42519,2017.0,John,"Roberts, III",CEO,2011-01-01,2024-07-01
005783,42519,2018.0,John,"Roberts, III",CEO,2011-01-01,2024-07-01
005783,42519,2019.0,John,"Roberts, III",CEO,2011-01-01,2024-07-01
005783,42519,2020.0,John,"Roberts, III",CEO,2011-01-01,2024-07-01
005783,42519,2021.0,John,"Roberts, III",CEO,2011-01-01,2024-07-01
005783,42519,2022.0,John,"Roberts, III",CEO,2011-01-01,2024-07-01
005783,42519,2023.0,John,"Roberts, III",CEO,2011-01-01,2024-07-01
005783,46891,2024.0,Shelley,Simpson,CEO,2024-07-01,
005878,36914,2017.0,E.,Santi,CEO,2012-10-12,2024-01-01
005878,36914,2018.0,E.,Santi,CEO,2012-10-12,2024-01-01
005878,36914,2019.0,E.,Santi,CEO,2012-10-12,2024-01-01
005878,36914,2020.0,E.,Santi,CEO,2012-10-12,2024-01-01
005878,36914,2021.0,E.,Santi,CEO,2012-10-12,2024-01-01
005878,36914,2022.0,E.,Santi,CEO,2012-10-12,2024-01-01
005878,36914,2023.0,E.,Santi,CEO,2012-10-12,2024-01-01
005878,46893,2024.0,Christopher,OHerlihy,CEO,2024-01-01,
005959,27705,2017.0,Michael,Lamach,CEO,2010-02-04,2021-07-01
005959,27705,2018.0,Michael,Lamach,CEO,2010-02-04,2021-07-01
005959,27705,2019.0,Michael,Lamach,CEO,2010-02-04,2021-07-01
005959,27705,2020.0,Michael,Lamach,CEO,2010-02-04,2021-07-01
005959,54953,2021.0,David,Regnery,CEO,2021-07-01,
005959,54953,2022.0,David,Regnery,CEO,2021-07-01,
005959,54953,2023.0,David,Regnery,CEO,2021-07-01,
005959,54953,2024.0,David,Regnery,CEO,2021-07-01,
006008,44188,2017.0,Brian,Krzanich,CEO,2013-05-16,2018-06-21
006008,26136,2018.0,Robert,Swan,CEO,2018-06-01,2021-02-15
006008,26136,2019.0,Robert,Swan,CEO,2018-06-01,2021-02-15
006008,26136,2020.0,Robert,Swan,CEO,2018-06-01,2021-02-15
006008,37196,2021.0,Patrick,Gelsinger,CEO,2021-02-15,2024-12-01
006008,37196,2022.0,Patrick,Gelsinger,CEO,2021-02-15,2024-12-01
006008,37196,2023.0,Patrick,Gelsinger,CEO,2021-02-15,2024-12-01
006008,37196,2024.0,Patrick,Gelsinger,CEO,2021-02-15,2024-12-01
006066,35092,2017.0,Virginia,Rometty,CEO,2012-01-01,2020-01-01
006066,35092,2018.0,Virginia,Rometty,CEO,2012-01-01,2020-01-01
006066,35092,2019.0,Virginia,Rometty,CEO,2012-01-01,2020-01-01
006066,59499,2020.0,Arvind,Krishna,CEO,2020-04-06,
006066,59499,2021.0,Arvind,Krishna,CEO,2020-04-06,
006066,59499,2022.0,Arvind,Krishna,CEO,2020-04-06,
006066,59499,2023.0,Arvind,Krishna,CEO,2020-04-06,
006066,59499,2024.0,Arvind,Krishna,CEO,2020-04-06,
006078,46900,2017.0,Andreas,"Fibig, Ph.D.",CEO,2014-09-01,2022-02-14
006078,46900,2018.0,Andreas,"Fibig, Ph.D.",CEO,2014-09-01,2022-02-14
006078,46900,2019.0,Andreas,"Fibig, Ph.D.",CEO,2014-09-01,2022-02-14
006078,46900,2020.0,Andreas,"Fibig, Ph.D.",CEO,2014-09-01,2022-02-14
006078,46900,2021.0,Andreas,"Fibig, Ph.D.",CEO,2014-09-01,2022-02-14
006078,61342,2022.0,Franklin,"Clyburn, Jr.",CEO,2022-02-14,2024-02-06
006078,61342,2023.0,Franklin,"Clyburn, Jr.",CEO,2022-02-14,2024-02-06
006078,42482,2024.0,Jon Erik,Fyrwald,CEO,2024-02-06,
006104,42529,2017.0,Mark,Sutton,CEO,2014-11-01,2024-05-01
006104,42529,2018.0,Mark,Sutton,CEO,2014-11-01,2024-05-01
006104,42529,2019.0,Mark,Sutton,CEO,2014-11-01,2024-05-01
006104,42529,2020.0,Mark,Sutton,CEO,2014-11-01,2024-05-01
006104,42529,2021.0,Mark,Sutton,CEO,2014-11-01,2024-05-01
006104,42529,2022.0,Mark,Sutton,CEO,2014-11-01,2024-05-01
006104,42529,2023.0,Mark,Sutton,CEO,2014-11-01,2024-05-01
006104,40951,2024.0,Andrew,Silvernail,CEO,2024-05-01,
006136,26829,2021.0,Philippe,Krakowsky,CEO,2021-01-01,
006136,26829,2022.0,Philippe,Krakowsky,CEO,2021-01-01,
006136,26829,2023.0,Philippe,Krakowsky,CEO,2021-01-01,
006136,20069,2017.0,Michael,"Roth, J.D.",CEO,2005-01-19,2021-01-01
006136,20069,2018.0,Michael,"Roth, J.D.",CEO,2005-01-19,2021-01-01
006136,20069,2019.0,Michael,"Roth, J.D.",CEO,2005-01-19,2021-01-01
006136,20069,2020.0,Michael,"Roth, J.D.",CEO,2005-01-19,2021-01-01
006216,21341,2017.0,Steven,Demetriou,CEO,2015-08-17,2023-01-24
006216,21341,2018.0,Steven,Demetriou,CEO,2015-08-17,2023-01-24
006216,21341,2019.0,Steven,Demetriou,CEO,2015-08-17,2023-01-24
006216,21341,2020.0,Steven,Demetriou,CEO,2015-08-17,2023-01-24
006216,21341,2021.0,Steven,Demetriou,CEO,2015-08-17,2023-01-24
006216,21341,2022.0,Steven,Demetriou,CEO,2015-08-17,2023-01-24
006216,50253,2023.0,Robert,Pragada,CEO,2023-01-24,
006216,50253,2024.0,Robert,Pragada,CEO,2023-01-24,
006266,42535,2017.0,Alex,Gorsky,CEO,2012-04-26,2022-01-03
006266,42535,2018.0,Alex,Gorsky,CEO,2012-04-26,2022-01-03
006266,42535,2019.0,Alex,Gorsky,CEO,2012-04-26,2022-01-03
006266,42535,2020.0,Alex,Gorsky,CEO,2012-04-26,2022-01-03
006266,42535,2021.0,Alex,Gorsky,CEO,2012-04-26,2022-01-03
006266,50453,2022.0,Joaquin,Duato,CEO,2022-01-03,
006266,50453,2023.0,Joaquin,Duato,CEO,2022-01-03,
006266,50453,2024.0,Joaquin,Duato,CEO,2022-01-03,
006268,36409,2017.0,Alex,Molinaroli,CEO,2013-10-01,2017-09-01
006268,34834,2018.0,George,Oliver,CEO,2017-09-01,2025-03-12
006268,34834,2019.0,George,Oliver,CEO,2017-09-01,2025-03-12
006268,34834,2020.0,George,Oliver,CEO,2017-09-01,2025-03-12
006268,34834,2021.0,George,Oliver,CEO,2017-09-01,2025-03-12
006268,34834,2022.0,George,Oliver,CEO,2017-09-01,2025-03-12
006268,34834,2023.0,George,Oliver,CEO,2017-09-01,2025-03-12
006268,34834,2024.0,George,Oliver,CEO,2017-09-01,2025-03-12
006304,25626,2017.0,Richard,Wallace,CEO,2006-01-01,
006304,25626,2018.0,Richard,Wallace,CEO,2006-01-01,
006304,25626,2019.0,Richard,Wallace,CEO,2006-01-01,
006304,25626,2020.0,Richard,Wallace,CEO,2006-01-01,
006304,25626,2021.0,Richard,Wallace,CEO,2006-01-01,
006304,25626,2022.0,Richard,Wallace,CEO,2006-01-01,
006304,25626,2023.0,Richard,Wallace,CEO,2006-01-01,
006304,25626,2024.0,Richard,Wallace,CEO,2006-01-01,
006375,27604,2017.0,John,Bryant,CEO,2011-01-02,2017-10-01
006375,35072,2018.0,Steven,Cahillane,CEO,2017-10-02,2025-12-11
006375,35072,2019.0,Steven,Cahillane,CEO,2017-10-02,2025-12-11
006375,35072,2020.0,Steven,Cahillane,CEO,2017-10-02,2025-12-11
006375,35072,2021.0,Steven,Cahillane,CEO,2017-10-02,2025-12-11
006375,35072,2022.0,Steven,Cahillane,CEO,2017-10-02,2025-12-11
006375,35072,2023.0,Steven,Cahillane,CEO,2017-10-02,2025-12-11
006375,35072,2024.0,Steven,Cahillane,CEO,2017-10-02,2025-12-11
006435,05780,2017.0,Thomas,Falk,CEO,2002-09-12,2019-01-01
006435,05780,2018.0,Thomas,Falk,CEO,2002-09-12,2019-01-01
006435,45452,2019.0,Michael,Hsu,CEO,2019-01-01,
006435,45452,2020.0,Michael,Hsu,CEO,2019-01-01,
006435,45452,2021.0,Michael,Hsu,CEO,2019-01-01,
006435,45452,2022.0,Michael,Hsu,CEO,2019-01-01,
006435,45452,2023.0,Michael,Hsu,CEO,2019-01-01,
006435,45452,2024.0,Michael,Hsu,CEO,2019-01-01,
006502,16568,2017.0,William,McMullen,CEO,2014-01-01,2025-03-03
006502,16568,2018.0,William,McMullen,CEO,2014-01-01,2025-03-03
006502,16568,2019.0,William,McMullen,CEO,2014-01-01,2025-03-03
006502,16568,2020.0,William,McMullen,CEO,2014-01-01,2025-03-03
006502,16568,2021.0,William,McMullen,CEO,2014-01-01,2025-03-03
006502,16568,2022.0,William,McMullen,CEO,2014-01-01,2025-03-03
006502,16568,2023.0,William,McMullen,CEO,2014-01-01,2025-03-03
006502,16568,2024.0,William,McMullen,CEO,2014-01-01,2025-03-03
006565,30439,2017.0,Martin,Anstice,CEO,2012-01-01,2018-12-05
006565,30439,2018.0,Martin,Anstice,CEO,2012-01-01,2018-12-05
006565,35353,2019.0,Timothy,Archer,CEO,2018-12-05,
006565,35353,2020.0,Timothy,Archer,CEO,2018-12-05,
006565,35353,2021.0,Timothy,Archer,CEO,2018-12-05,
006565,35353,2022.0,Timothy,Archer,CEO,2018-12-05,
006565,35353,2023.0,Timothy,Archer,CEO,2018-12-05,
006565,35353,2024.0,Timothy,Archer,CEO,2018-12-05,
006649,24457,2017.0,Karl,Glassman,CEO,2024-05-20,
006649,24457,2018.0,Karl,Glassman,CEO,2024-05-20,
006649,24457,2019.0,Karl,Glassman,CEO,2024-05-20,
006649,24457,2020.0,Karl,Glassman,CEO,2024-05-20,
006649,24457,2021.0,Karl,Glassman,CEO,2024-05-20,
006649,24457,2024.0,Karl,Glassman,CEO,2024-05-20,
006649,50906,2022.0,J.,Dolloff,CEO,2022-01-01,2024-05-21
006649,50906,2023.0,J.,Dolloff,CEO,2022-01-01,2024-05-21
006669,10425,2017.0,Stuart,Miller,CEO,2023-09-01,2025-12-31
006669,19665,2021.0,Jonathan,Jaffe,CEO,2020-11-01,2025-12-31
006669,19665,2022.0,Jonathan,Jaffe,CEO,2020-11-01,2025-12-31
006669,19665,2023.0,Jonathan,Jaffe,CEO,2020-11-01,2025-12-31
006669,19665,2024.0,Jonathan,Jaffe,CEO,2020-11-01,2025-12-31
006669,14262,2018.0,Richard,Beckwitt,CEO,2018-04-12,2023-09-01
006669,14262,2019.0,Richard,Beckwitt,CEO,2018-04-12,2023-09-01
006669,14262,2020.0,Richard,Beckwitt,CEO,2018-04-12,2023-09-01
006730,52782,2017.0,David,Ricks,CEO,2017-01-01,
006730,52782,2018.0,David,Ricks,CEO,2017-01-01,
006730,52782,2019.0,David,Ricks,CEO,2017-01-01,
006730,52782,2020.0,David,Ricks,CEO,2017-01-01,
006730,52782,2021.0,David,Ricks,CEO,2017-01-01,
006730,52782,2022.0,David,Ricks,CEO,2017-01-01,
006730,52782,2023.0,David,Ricks,CEO,2017-01-01,
006730,52782,2024.0,David,Ricks,CEO,2017-01-01,
006733,00555,2017.0,Leslie,Wexner,CEO,1963-01-01,2020-05-14
006733,00555,2018.0,Leslie,Wexner,CEO,1963-01-01,2020-05-14
006733,00555,2019.0,Leslie,Wexner,CEO,1963-01-01,2020-05-14
006733,59835,2020.0,Andrew,Meslow,CEO,2020-05-14,2022-05-12
006733,59835,2021.0,Andrew,Meslow,CEO,2020-05-14,2022-05-12
006733,36596,2023.0,Gina,Boswell,CEO,2022-12-01,2025-05-19
006733,36596,2024.0,Gina,Boswell,CEO,2022-12-01,2025-05-19
006733,63561,2022.0,Sarah,Nash,CEO,2022-05-12,2022-12-01
006774,40864,2017.0,Marillyn,Hewson,CEO,2013-01-01,2020-06-15
006774,40864,2018.0,Marillyn,Hewson,CEO,2013-01-01,2020-06-15
006774,40864,2019.0,Marillyn,Hewson,CEO,2013-01-01,2020-06-15
006774,32778,2020.0,James,"Taiclet, Jr.",CEO,2020-06-15,
006774,32778,2021.0,James,"Taiclet, Jr.",CEO,2020-06-15,
006774,32778,2022.0,James,"Taiclet, Jr.",CEO,2020-06-15,
006774,32778,2023.0,James,"Taiclet, Jr.",CEO,2020-06-15,
006774,32778,2024.0,James,"Taiclet, Jr.",CEO,2020-06-15,
006788,33713,2017.0,Jeffrey,Ventura,CEO,2012-01-01,2023-05-10
006788,33713,2018.0,Jeffrey,Ventura,CEO,2012-01-01,2023-05-10
006788,33713,2019.0,Jeffrey,Ventura,CEO,2012-01-01,2023-05-10
006788,33713,2020.0,Jeffrey,Ventura,CEO,2012-01-01,2023-05-10
006788,33713,2021.0,Jeffrey,Ventura,CEO,2012-01-01,2023-05-10
006788,33713,2022.0,Jeffrey,Ventura,CEO,2012-01-01,2023-05-10
006788,56784,2023.0,Dennis,"Degner, A.C.A.",CEO,2023-05-10,
006788,56784,2024.0,Dennis,"Degner, A.C.A.",CEO,2023-05-10,
006829,26697,2017.0,Robert,Niblock,CEO,2005-01-28,2018-07-02
006829,35380,2018.0,Marvin,Ellison,CEO,2018-07-02,
006829,35380,2019.0,Marvin,Ellison,CEO,2018-07-02,
006829,35380,2020.0,Marvin,Ellison,CEO,2018-07-02,
006829,35380,2021.0,Marvin,Ellison,CEO,2018-07-02,
006829,35380,2022.0,Marvin,Ellison,CEO,2018-07-02,
006829,35380,2023.0,Marvin,Ellison,CEO,2018-07-02,
006829,35380,2024.0,Marvin,Ellison,CEO,2018-07-02,
007017,45458,2017.0,Lee,"Tillman, Ph.D.",CEO,2013-08-01,2024-11-22
007017,45458,2018.0,Lee,"Tillman, Ph.D.",CEO,2013-08-01,2024-11-22
007017,45458,2019.0,Lee,"Tillman, Ph.D.",CEO,2013-08-01,2024-11-22
007017,45458,2020.0,Lee,"Tillman, Ph.D.",CEO,2013-08-01,2024-11-22
007017,45458,2021.0,Lee,"Tillman, Ph.D.",CEO,2013-08-01,2024-11-22
007017,45458,2022.0,Lee,"Tillman, Ph.D.",CEO,2013-08-01,2024-11-22
007017,45458,2023.0,Lee,"Tillman, Ph.D.",CEO,2013-08-01,2024-11-22
007085,47322,2017.0,Keith,Allman,CEO,2014-02-14,2025-07-07
007085,47322,2018.0,Keith,Allman,CEO,2014-02-14,2025-07-07
007085,47322,2019.0,Keith,Allman,CEO,2014-02-14,2025-07-07
007085,47322,2020.0,Keith,Allman,CEO,2014-02-14,2025-07-07
007085,47322,2021.0,Keith,Allman,CEO,2014-02-14,2025-07-07
007085,47322,2022.0,Keith,Allman,CEO,2014-02-14,2025-07-07
007085,47322,2023.0,Keith,Allman,CEO,2014-02-14,2025-07-07
007085,47322,2024.0,Keith,Allman,CEO,2014-02-14,2025-07-07
007116,54979,2017.0,Mary,Georgiadis,CEO,2017-02-08,2018-04-26
007116,56415,2018.0,Ynon,Kreiz,CEO,2018-04-26,
007116,56415,2019.0,Ynon,Kreiz,CEO,2018-04-26,
007116,56415,2020.0,Ynon,Kreiz,CEO,2018-04-26,
007116,56415,2021.0,Ynon,Kreiz,CEO,2018-04-26,
007116,56415,2022.0,Ynon,Kreiz,CEO,2018-04-26,
007116,56415,2023.0,Ynon,Kreiz,CEO,2018-04-26,
007116,56415,2024.0,Ynon,Kreiz,CEO,2018-04-26,
007116,59843,2020.0,Steve,Totzke,CEO,,
007146,30760,2017.0,Lawrence,Kurzius,CEO,2016-02-01,2023-09-01
007146,30760,2018.0,Lawrence,Kurzius,CEO,2016-02-01,2023-09-01
007146,30760,2019.0,Lawrence,Kurzius,CEO,2016-02-01,2023-09-01
007146,30760,2020.0,Lawrence,Kurzius,CEO,2016-02-01,2023-09-01
007146,30760,2021.0,Lawrence,Kurzius,CEO,2016-02-01,2023-09-01
007146,30760,2022.0,Lawrence,Kurzius,CEO,2016-02-01,2023-09-01
007146,30760,2023.0,Lawrence,Kurzius,CEO,2016-02-01,2023-09-01
007146,48624,2024.0,Brendan,Foley,CEO,2023-09-01,
007154,47327,2017.0,Stephen,Easterbrook,CEO,2015-03-01,2019-11-01
007154,47327,2018.0,Stephen,Easterbrook,CEO,2015-03-01,2019-11-01
007154,47327,2019.0,Stephen,Easterbrook,CEO,2015-03-01,2019-11-01
007154,46979,2020.0,Christopher,Kempczinski,CEO,2019-11-01,
007154,46979,2021.0,Christopher,Kempczinski,CEO,2019-11-01,
007154,46979,2022.0,Christopher,Kempczinski,CEO,2019-11-01,
007154,46979,2023.0,Christopher,Kempczinski,CEO,2019-11-01,
007154,46979,2024.0,Christopher,Kempczinski,CEO,2019-11-01,
007163,57043,2017.0,Douglas,"Peterson, M.B.A.",CEO,2013-11-01,2024-10-31
007163,57043,2018.0,Douglas,"Peterson, M.B.A.",CEO,2013-11-01,2024-10-31
007163,57043,2019.0,Douglas,"Peterson, M.B.A.",CEO,2013-11-01,2024-10-31
007163,57043,2020.0,Douglas,"Peterson, M.B.A.",CEO,2013-11-01,2024-10-31
007163,57043,2021.0,Douglas,"Peterson, M.B.A.",CEO,2013-11-01,2024-10-31
007163,57043,2022.0,Douglas,"Peterson, M.B.A.",CEO,2013-11-01,2024-10-31
007163,57043,2023.0,Douglas,"Peterson, M.B.A.",CEO,2013-11-01,2024-10-31
007163,57043,2024.0,Douglas,"Peterson, M.B.A.",CEO,2013-11-01,2024-10-31
007171,13522,2017.0,John,Hammergren,CEO,2001-04-01,2019-03-31
007171,13522,2018.0,John,Hammergren,CEO,2001-04-01,2019-03-31
007171,47940,2019.0,Brian,"Tyler, Ph.D.",CEO,2019-04-01,
007171,47940,2020.0,Brian,"Tyler, Ph.D.",CEO,2019-04-01,
007171,47940,2021.0,Brian,"Tyler, Ph.D.",CEO,2019-04-01,
007171,47940,2022.0,Brian,"Tyler, Ph.D.",CEO,2019-04-01,
007171,47940,2023.0,Brian,"Tyler, Ph.D.",CEO,2019-04-01,
007171,47940,2024.0,Brian,"Tyler, Ph.D.",CEO,2019-04-01,
007228,43432,2017.0,S.,"Ishrak, Ph.D.",CEO,2015-01-01,2020-04-26
007228,43432,2018.0,S.,"Ishrak, Ph.D.",CEO,2015-01-01,2020-04-26
007228,43432,2019.0,S.,"Ishrak, Ph.D.",CEO,2015-01-01,2020-04-26
007228,57044,2020.0,Geoffrey,Martha,CEO,2020-04-27,
007228,57044,2021.0,Geoffrey,Martha,CEO,2020-04-27,
007228,57044,2022.0,Geoffrey,Martha,CEO,2020-04-27,
007228,57044,2023.0,Geoffrey,Martha,CEO,2020-04-27,
007228,57044,2024.0,Geoffrey,Martha,CEO,2020-04-27,
007241,13502,2017.0,Larry,Merlo,CEO,2011-03-01,2021-01-31
007241,13502,2018.0,Larry,Merlo,CEO,2011-03-01,2021-01-31
007241,13502,2019.0,Larry,Merlo,CEO,2011-03-01,2021-01-31
007241,13502,2020.0,Larry,Merlo,CEO,2011-03-01,2021-01-31
007241,39830,2021.0,Karen,Lynch,CEO,2021-02-01,2024-10-17
007241,39830,2022.0,Karen,Lynch,CEO,2021-02-01,2024-10-17
007241,39830,2023.0,Karen,Lynch,CEO,2021-02-01,2024-10-17
007241,39830,2024.0,Karen,Lynch,CEO,2021-02-01,2024-10-17
007257,29095,2017.0,Kenneth,"Frazier, J.D.",CEO,2011-01-01,2021-06-30
007257,29095,2018.0,Kenneth,"Frazier, J.D.",CEO,2011-01-01,2021-06-30
007257,29095,2019.0,Kenneth,"Frazier, J.D.",CEO,2011-01-01,2021-06-30
007257,29095,2020.0,Kenneth,"Frazier, J.D.",CEO,2011-01-01,2021-06-30
007257,31185,2021.0,Robert,"Davis, J.D.",CEO,2021-07-01,
007257,31185,2022.0,Robert,"Davis, J.D.",CEO,2021-07-01,
007257,31185,2023.0,Robert,"Davis, J.D.",CEO,2021-07-01,
007257,31185,2024.0,Robert,"Davis, J.D.",CEO,2021-07-01,
007343,15930,2017.0,Mark M.,Durcan,CEO,2012-02-01,2017-05-08
007343,21604,2018.0,Sanjay,Mehrotra,CEO,2017-05-08,
007343,21604,2019.0,Sanjay,Mehrotra,CEO,2017-05-08,
007343,21604,2020.0,Sanjay,Mehrotra,CEO,2017-05-08,
007343,21604,2021.0,Sanjay,Mehrotra,CEO,2017-05-08,
007343,21604,2022.0,Sanjay,Mehrotra,CEO,2017-05-08,
007343,21604,2023.0,Sanjay,Mehrotra,CEO,2017-05-08,
007343,21604,2024.0,Sanjay,Mehrotra,CEO,2017-05-08,
007435,32590,2017.0,Inge,"Thulin, M.B.A.",CEO,2012-02-24,2018-06-01
007435,50471,2018.0,Michael,Roman,CEO,2018-07-01,2024-05-01
007435,50471,2019.0,Michael,Roman,CEO,2018-07-01,2024-05-01
007435,50471,2020.0,Michael,Roman,CEO,2018-07-01,2024-05-01
007435,50471,2021.0,Michael,Roman,CEO,2018-07-01,2024-05-01
007435,50471,2022.0,Michael,Roman,CEO,2018-07-01,2024-05-01
007435,50471,2023.0,Michael,Roman,CEO,2018-07-01,2024-05-01
007435,37150,2024.0,William,Brown,CEO,2024-05-01,
007585,18593,2017.0,Gregory,Brown,CEO,2008-01-01,2011-01-04
007585,18593,2019.0,Gregory,Brown,CEO,2008-01-01,2011-01-04
007585,18593,2020.0,Gregory,Brown,CEO,2008-01-01,2011-01-04
007585,18593,2021.0,Gregory,Brown,CEO,2008-01-01,2011-01-04
007585,18593,2022.0,Gregory,Brown,CEO,2008-01-01,2011-01-04
007585,18593,2023.0,Gregory,Brown,CEO,2008-01-01,2011-01-04
007585,18593,2024.0,Gregory,Brown,CEO,2008-01-01,2011-01-04
007637,33212,2017.0,Heather,Bresch,CEO,2012-01-01,2020-11-16
007637,33212,2018.0,Heather,Bresch,CEO,2012-01-01,2020-11-16
007637,33212,2019.0,Heather,Bresch,CEO,2012-01-01,2020-11-16
007637,59861,2020.0,Michael,Goettler,CEO,2020-11-16,2023-04-01
007637,59861,2021.0,Michael,Goettler,CEO,2020-11-16,2023-04-01
007637,59861,2022.0,Michael,Goettler,CEO,2020-11-16,2023-04-01
007637,47802,2023.0,Scott,"Smith, Ph.D.",CEO,2023-04-01,
007637,47802,2024.0,Scott,"Smith, Ph.D.",CEO,2023-04-01,
007875,42583,2017.0,Michael,Polk,CEO,2011-07-18,2019-06-28
007875,42583,2018.0,Michael,Polk,CEO,2011-07-18,2019-06-28
007875,42583,2019.0,Michael,Polk,CEO,2011-07-18,2019-06-28
007875,45052,2023.0,Christopher,Peterson,CEO,2023-05-16,
007875,45052,2024.0,Christopher,Peterson,CEO,2023-05-16,
007875,34808,2020.0,Ravichandra,Saligram,CEO,2019-10-02,2023-05-17
007875,34808,2021.0,Ravichandra,Saligram,CEO,2019-10-02,2023-05-17
007875,34808,2022.0,Ravichandra,Saligram,CEO,2019-10-02,2023-05-17
007881,43913,2017.0,Gary,"Goldberg, B.S., M.B.",CEO,2013-03-01,2019-10-01
007881,43913,2018.0,Gary,"Goldberg, B.S., M.B.",CEO,2013-03-01,2019-10-01
007881,43913,2019.0,Gary,"Goldberg, B.S., M.B.",CEO,2013-03-01,2019-10-01
007881,50483,2020.0,Thomas,Palmer,CEO,2019-10-01,2025-12-31
007881,50483,2021.0,Thomas,Palmer,CEO,2019-10-01,2025-12-31
007881,50483,2022.0,Thomas,Palmer,CEO,2019-10-01,2025-12-31
007881,50483,2023.0,Thomas,Palmer,CEO,2019-10-01,2025-12-31
007881,50483,2024.0,Thomas,Palmer,CEO,2019-10-01,2025-12-31
007906,03048,2017.0,Mark,Parker,CEO,2006-01-01,2020-01-12
007906,03048,2018.0,Mark,Parker,CEO,2006-01-01,2020-01-12
007906,03048,2019.0,Mark,Parker,CEO,2006-01-01,2020-01-12
007906,57061,2024.0,Elliott,Hill,CEO,2024-10-14,
007906,29529,2020.0,John,"Donahoe, II",CEO,2020-01-13,2024-10-13
007906,29529,2021.0,John,"Donahoe, II",CEO,2020-01-13,2024-10-13
007906,29529,2022.0,John,"Donahoe, II",CEO,2020-01-13,2024-10-13
007906,29529,2023.0,John,"Donahoe, II",CEO,2020-01-13,2024-10-13
007922,16693,2017.0,Blake,Nordstrom,CEO,2000-08-31,2016-01-01
007922,16694,2018.0,Erik,Nordstrom,CEO,2019-01-10,
007922,16694,2019.0,Erik,Nordstrom,CEO,2019-01-10,
007922,16694,2020.0,Erik,Nordstrom,CEO,2019-01-10,
007922,16694,2021.0,Erik,Nordstrom,CEO,2019-01-10,
007922,16694,2022.0,Erik,Nordstrom,CEO,2019-01-10,
007922,16694,2023.0,Erik,Nordstrom,CEO,2019-01-10,
007922,16694,2024.0,Erik,Nordstrom,CEO,2019-01-10,
007923,32705,2017.0,James,Squires,CEO,2015-06-01,2022-05-01
007923,32705,2018.0,James,Squires,CEO,2015-06-01,2022-05-01
007923,32705,2019.0,James,Squires,CEO,2015-06-01,2022-05-01
007923,32705,2020.0,James,Squires,CEO,2015-06-01,2022-05-01
007923,32705,2021.0,James,Squires,CEO,2015-06-01,2022-05-01
007923,50485,2022.0,Alan,Shaw,CEO,2022-05-01,2024-09-12
007923,50485,2023.0,Alan,Shaw,CEO,2022-05-01,2024-09-12
007923,50485,2024.0,Alan,Shaw,CEO,2022-05-01,2024-09-12
007985,29729,2017.0,Wesley,Bush,CEO,2010-01-01,2018-12-31
007985,29729,2018.0,Wesley,Bush,CEO,2010-01-01,2018-12-31
007985,49074,2019.0,Kathy,Warden,CEO,2019-01-01,
007985,49074,2020.0,Kathy,Warden,CEO,2019-01-01,
007985,49074,2021.0,Kathy,Warden,CEO,2019-01-01,
007985,49074,2022.0,Kathy,Warden,CEO,2019-01-01,
007985,49074,2023.0,Kathy,Warden,CEO,2019-01-01,
007985,49074,2024.0,Kathy,Warden,CEO,2019-01-01,
008030,26034,2017.0,John,Ferriola,CEO,2013-01-01,2019-12-31
008030,26034,2018.0,John,Ferriola,CEO,2013-01-01,2019-12-31
008030,26034,2019.0,John,Ferriola,CEO,2013-01-01,2019-12-31
008030,58144,2020.0,Leon,Topalian,CEO,2020-01-01,
008030,58144,2021.0,Leon,Topalian,CEO,2020-01-01,
008030,58144,2022.0,Leon,Topalian,CEO,2020-01-01,
008030,58144,2023.0,Leon,Topalian,CEO,2020-01-01,
008030,58144,2024.0,Leon,Topalian,CEO,2020-01-01,
008068,46923,2017.0,Vicki,Hollub,CEO,2016-04-29,
008068,46923,2018.0,Vicki,Hollub,CEO,2016-04-29,
008068,46923,2019.0,Vicki,Hollub,CEO,2016-04-29,
008068,46923,2020.0,Vicki,Hollub,CEO,2016-04-29,
008068,46923,2021.0,Vicki,Hollub,CEO,2016-04-29,
008068,46923,2022.0,Vicki,Hollub,CEO,2016-04-29,
008068,46923,2023.0,Vicki,Hollub,CEO,2016-04-29,
008068,46923,2024.0,Vicki,Hollub,CEO,2016-04-29,
008247,40879,2017.0,Michael,McGarry,CEO,2015-09-01,2023-01-01
008247,40879,2018.0,Michael,McGarry,CEO,2015-09-01,2023-01-01
008247,40879,2019.0,Michael,McGarry,CEO,2015-09-01,2023-01-01
008247,40879,2020.0,Michael,McGarry,CEO,2015-09-01,2023-01-01
008247,40879,2021.0,Michael,McGarry,CEO,2015-09-01,2023-01-01
008247,40879,2022.0,Michael,McGarry,CEO,2015-09-01,2023-01-01
008247,50493,2023.0,Timothy,Knavish,CEO,2023-01-01,
008247,50493,2024.0,Timothy,Knavish,CEO,2023-01-01,
008253,37023,2017.0,Ronald,"Armstrong, CPA",CEO,2014-04-27,2019-06-30
008253,37023,2018.0,Ronald,"Armstrong, CPA",CEO,2014-04-27,2019-06-30
008253,55906,2019.0,R.,Feight,CEO,2019-07-01,
008253,55906,2020.0,R.,Feight,CEO,2019-07-01,
008253,55906,2021.0,R.,Feight,CEO,2019-07-01,
008253,55906,2022.0,R.,Feight,CEO,2019-07-01,
008253,55906,2023.0,R.,Feight,CEO,2019-07-01,
008253,55906,2024.0,R.,Feight,CEO,2019-07-01,
008358,40465,2017.0,Thomas,Williams,CEO,2015-02-01,2023-01-01
008358,40465,2018.0,Thomas,Williams,CEO,2015-02-01,2023-01-01
008358,40465,2019.0,Thomas,Williams,CEO,2015-02-01,2023-01-01
008358,40465,2020.0,Thomas,Williams,CEO,2015-02-01,2023-01-01
008358,40465,2021.0,Thomas,Williams,CEO,2015-02-01,2023-01-01
008358,40465,2022.0,Thomas,Williams,CEO,2015-02-01,2023-01-01
008358,40465,2023.0,Thomas,Williams,CEO,2015-02-01,2023-01-01
008358,57063,2024.0,Jennifer A.,Parmentier,CEO,2023-01-01,
008402,27162,2017.0,Martin,Mucci,CEO,2010-09-30,2022-10-14
008402,27162,2018.0,Martin,Mucci,CEO,2010-09-30,2022-10-14
008402,27162,2019.0,Martin,Mucci,CEO,2010-09-30,2022-10-14
008402,27162,2020.0,Martin,Mucci,CEO,2010-09-30,2022-10-14
008402,27162,2021.0,Martin,Mucci,CEO,2010-09-30,2022-10-14
008402,46453,2022.0,John,"Gibson, Jr.",CEO,2022-10-14,
008402,46453,2023.0,John,"Gibson, Jr.",CEO,2022-10-14,
008402,46453,2024.0,John,"Gibson, Jr.",CEO,2022-10-14,
008463,18547,2017.0,Randall,"Hogan, III",CEO,2001-01-01,2018-04-30
008463,33339,2018.0,John,Stauch,CEO,2018-04-30,
008463,33339,2019.0,John,Stauch,CEO,2018-04-30,
008463,33339,2020.0,John,Stauch,CEO,2018-04-30,
008463,33339,2021.0,John,Stauch,CEO,2018-04-30,
008463,33339,2022.0,John,Stauch,CEO,2018-04-30,
008463,33339,2023.0,John,Stauch,CEO,2018-04-30,
008479,18812,2017.0,Indra,"Nooyi, M.P.P.M.",CEO,2006-10-01,2018-10-03
008479,18812,2018.0,Indra,"Nooyi, M.P.P.M.",CEO,2006-10-01,2018-10-03
008479,48640,2019.0,Ramon,Laguarta,CEO,2018-10-03,
008479,48640,2020.0,Ramon,Laguarta,CEO,2018-10-03,
008479,48640,2021.0,Ramon,Laguarta,CEO,2018-10-03,
008479,48640,2022.0,Ramon,Laguarta,CEO,2018-10-03,
008479,48640,2023.0,Ramon,Laguarta,CEO,2018-10-03,
008479,48640,2024.0,Ramon,Laguarta,CEO,2018-10-03,
008530,30886,2017.0,Ian,Read,CEO,2010-12-05,2019-01-01
008530,30886,2018.0,Ian,Read,CEO,2010-12-05,2019-01-01
008530,50499,2019.0,Albert,"Bourla, D.V.M., Ph.D",CEO,2019-01-01,
008530,50499,2020.0,Albert,"Bourla, D.V.M., Ph.D",CEO,2019-01-01,
008530,50499,2021.0,Albert,"Bourla, D.V.M., Ph.D",CEO,2019-01-01,
008530,50499,2022.0,Albert,"Bourla, D.V.M., Ph.D",CEO,2019-01-01,
008530,50499,2023.0,Albert,"Bourla, D.V.M., Ph.D",CEO,2019-01-01,
008530,50499,2024.0,Albert,"Bourla, D.V.M., Ph.D",CEO,2019-01-01,
008543,35355,2017.0,Martin,Barrington,CEO,2012-05-17,2018-05-17
008543,42620,2018.0,Howard,"Willard, III, BA (Ho",CEO,2018-05-17,2020-04-14
008543,42620,2019.0,Howard,"Willard, III, BA (Ho",CEO,2018-05-17,2020-04-14
008543,49093,2020.0,William,"Gifford, Jr.",CEO,2020-04-16,2026-05-14
008543,49093,2021.0,William,"Gifford, Jr.",CEO,2020-04-16,2026-05-14
008543,49093,2022.0,William,"Gifford, Jr.",CEO,2020-04-16,2026-05-14
008543,49093,2023.0,William,"Gifford, Jr.",CEO,2020-04-16,2026-05-14
008543,49093,2024.0,William,"Gifford, Jr.",CEO,2020-04-16,2026-05-14
008549,38529,2017.0,Ryan,Lance,CEO,2012-05-01,
008549,38529,2018.0,Ryan,Lance,CEO,2012-05-01,
008549,38529,2019.0,Ryan,Lance,CEO,2012-05-01,
008549,38529,2020.0,Ryan,Lance,CEO,2012-05-01,
008549,38529,2021.0,Ryan,Lance,CEO,2012-05-01,
008549,38529,2022.0,Ryan,Lance,CEO,2012-05-01,
008549,38529,2023.0,Ryan,Lance,CEO,2012-05-01,
008549,38529,2024.0,Ryan,Lance,CEO,2012-05-01,
008551,19333,2017.0,Emanuel,Chirico,CEO,2006-02-27,2021-02-01
008551,19333,2018.0,Emanuel,Chirico,CEO,2006-02-27,2021-02-01
008551,19333,2019.0,Emanuel,Chirico,CEO,2006-02-27,2021-02-01
008551,19333,2020.0,Emanuel,Chirico,CEO,2006-02-27,2021-02-01
008551,44174,2021.0,Stefan,Larsson,CEO,2021-02-01,
008551,44174,2022.0,Stefan,Larsson,CEO,2021-02-01,
008551,44174,2023.0,Stefan,Larsson,CEO,2021-02-01,
008551,44174,2024.0,Stefan,Larsson,CEO,2021-02-01,
008762,36192,2022.0,Jon,Moeller,CEO,2021-11-01,2026-01-01
008762,36192,2023.0,Jon,Moeller,CEO,2021-11-01,2026-01-01
008762,36192,2024.0,Jon,Moeller,CEO,2021-11-01,2026-01-01
008762,48233,2017.0,David,Taylor,CEO,2015-11-01,2021-11-01
008762,48233,2018.0,David,Taylor,CEO,2015-11-01,2021-11-01
008762,48233,2019.0,David,Taylor,CEO,2015-11-01,2021-11-01
008762,48233,2020.0,David,Taylor,CEO,2015-11-01,2021-11-01
008762,48233,2021.0,David,Taylor,CEO,2015-11-01,2021-11-01
008823,47359,2017.0,Ryan,Marshall,CEO,2016-09-08,
008823,47359,2018.0,Ryan,Marshall,CEO,2016-09-08,
008823,47359,2019.0,Ryan,Marshall,CEO,2016-09-08,
008823,47359,2020.0,Ryan,Marshall,CEO,2016-09-08,
008823,47359,2021.0,Ryan,Marshall,CEO,2016-09-08,
008823,47359,2022.0,Ryan,Marshall,CEO,2016-09-08,
008823,47359,2023.0,Ryan,Marshall,CEO,2016-09-08,
008823,47359,2024.0,Ryan,Marshall,CEO,2016-09-08,
009203,45195,2017.0,Blake,Moret,CEO,2016-07-01,
009203,45195,2018.0,Blake,Moret,CEO,2016-07-01,
009203,45195,2019.0,Blake,Moret,CEO,2016-07-01,
009203,45195,2020.0,Blake,Moret,CEO,2016-07-01,
009203,45195,2021.0,Blake,Moret,CEO,2016-07-01,
009203,45195,2022.0,Blake,Moret,CEO,2016-07-01,
009203,45195,2023.0,Blake,Moret,CEO,2016-07-01,
009203,45195,2024.0,Blake,Moret,CEO,2016-07-01,
009248,29711,2017.0,Barbara,Rentler,CEO,2014-06-01,2025-02-02
009248,29711,2018.0,Barbara,Rentler,CEO,2014-06-01,2025-02-02
009248,29711,2019.0,Barbara,Rentler,CEO,2014-06-01,2025-02-02
009248,29711,2020.0,Barbara,Rentler,CEO,2014-06-01,2025-02-02
009248,29711,2021.0,Barbara,Rentler,CEO,2014-06-01,2025-02-02
009248,29711,2022.0,Barbara,Rentler,CEO,2014-06-01,2025-02-02
009248,29711,2023.0,Barbara,Rentler,CEO,2014-06-01,2025-02-02
009248,29711,2024.0,Barbara,Rentler,CEO,2014-06-01,2025-02-02
009465,37088,2017.0,Paal,Kibsgaard,CEO,2011-08-01,2019-08-01
009465,37088,2018.0,Paal,Kibsgaard,CEO,2011-08-01,2019-08-01
009465,37088,2019.0,Paal,Kibsgaard,CEO,2011-08-01,2019-08-01
009465,55000,2020.0,Olivier,Le Peuch,CEO,2019-08-01,
009465,55000,2021.0,Olivier,Le Peuch,CEO,2019-08-01,
009465,55000,2022.0,Olivier,Le Peuch,CEO,2019-08-01,
009465,55000,2023.0,Olivier,Le Peuch,CEO,2019-08-01,
009465,55000,2024.0,Olivier,Le Peuch,CEO,2019-08-01,
009555,44256,2017.0,Jerome,Peribere,CEO,2013-03-01,2017-12-31
009555,32389,2018.0,Edward,"Doheny, II",CEO,2018-01-01,2023-10-24
009555,32389,2019.0,Edward,"Doheny, II",CEO,2018-01-01,2023-10-24
009555,32389,2020.0,Edward,"Doheny, II",CEO,2018-01-01,2023-10-24
009555,32389,2021.0,Edward,"Doheny, II",CEO,2018-01-01,2023-10-24
009555,32389,2022.0,Edward,"Doheny, II",CEO,2018-01-01,2023-10-24
009555,32389,2023.0,Edward,"Doheny, II",CEO,2018-01-01,2023-10-24
009555,50436,2024.0,Patrick,Kivits,CEO,2024-07-01,2025-02-14
009667,20868,2017.0,John,Morikis,CEO,2016-01-01,2024-01-01
009667,20868,2018.0,John,Morikis,CEO,2016-01-01,2024-01-01
009667,20868,2019.0,John,Morikis,CEO,2016-01-01,2024-01-01
009667,20868,2020.0,John,Morikis,CEO,2016-01-01,2024-01-01
009667,20868,2021.0,John,Morikis,CEO,2016-01-01,2024-01-01
009667,20868,2022.0,John,Morikis,CEO,2016-01-01,2024-01-01
009667,20868,2023.0,John,Morikis,CEO,2016-01-01,2024-01-01
009667,61112,2024.0,Heidi,Petz,CEO,2024-01-01,
009771,30390,2017.0,Ajita,Rajendra,CEO,,
009771,46941,2019.0,Kevin,Wheeler,CEO,2018-09-01,2025-07-01
009771,46941,2020.0,Kevin,Wheeler,CEO,2018-09-01,2025-07-01
009771,46941,2021.0,Kevin,Wheeler,CEO,2018-09-01,2025-07-01
009771,46941,2022.0,Kevin,Wheeler,CEO,2018-09-01,2025-07-01
009771,46941,2023.0,Kevin,Wheeler,CEO,2018-09-01,2025-07-01
009771,46941,2024.0,Kevin,Wheeler,CEO,2018-09-01,2025-07-01
009771,67550,2018.0,Bruce,Smith,CEO,1999-01-29,
009777,41857,2017.0,Mark,Smucker,CEO,2016-05-01,
009777,41857,2018.0,Mark,Smucker,CEO,2016-05-01,
009777,41857,2019.0,Mark,Smucker,CEO,2016-05-01,
009777,41857,2020.0,Mark,Smucker,CEO,2016-05-01,
009777,41857,2021.0,Mark,Smucker,CEO,2016-05-01,
009777,41857,2022.0,Mark,Smucker,CEO,2016-05-01,
009777,41857,2023.0,Mark,Smucker,CEO,2016-05-01,
009777,41857,2024.0,Mark,Smucker,CEO,2016-05-01,
009778,24380,2017.0,Nicholas,Pinchuk,CEO,2007-12-18,
009778,24380,2018.0,Nicholas,Pinchuk,CEO,2007-12-18,
009778,24380,2019.0,Nicholas,Pinchuk,CEO,2007-12-18,
009778,24380,2020.0,Nicholas,Pinchuk,CEO,2007-12-18,
009778,24380,2021.0,Nicholas,Pinchuk,CEO,2007-12-18,
009778,24380,2022.0,Nicholas,Pinchuk,CEO,2007-12-18,
009778,24380,2023.0,Nicholas,Pinchuk,CEO,2007-12-18,
009778,24380,2024.0,Nicholas,Pinchuk,CEO,2007-12-18,
009882,19108,2017.0,Gary,"Kelly, C.P.A.",CEO,2004-07-15,2022-02-01
009882,19108,2018.0,Gary,"Kelly, C.P.A.",CEO,2004-07-15,2022-02-01
009882,19108,2019.0,Gary,"Kelly, C.P.A.",CEO,2004-07-15,2022-02-01
009882,19108,2020.0,Gary,"Kelly, C.P.A.",CEO,2004-07-15,2022-02-01
009882,19108,2021.0,Gary,"Kelly, C.P.A.",CEO,2004-07-15,2022-02-01
009882,35391,2022.0,Robert,Jordan,CEO,2022-02-01,
009882,35391,2023.0,Robert,Jordan,CEO,2022-02-01,
009882,35391,2024.0,Robert,Jordan,CEO,2022-02-01,
009899,27541,2017.0,Randall,Stephenson,CEO,2007-06-04,2020-06-30
009899,27541,2018.0,Randall,Stephenson,CEO,2007-06-04,2020-06-30
009899,27541,2019.0,Randall,Stephenson,CEO,2007-06-04,2020-06-30
009899,32506,2020.0,John,Stankey,CEO,2020-07-01,
009899,32506,2021.0,John,Stankey,CEO,2020-07-01,
009899,32506,2022.0,John,Stankey,CEO,2020-07-01,
009899,32506,2023.0,John,Stankey,CEO,2020-07-01,
009899,32506,2024.0,John,Stankey,CEO,2020-07-01,
010016,18649,2017.0,James,Loree,CEO,2016-08-01,2022-07-01
010016,18649,2018.0,James,Loree,CEO,2016-08-01,2022-07-01
010016,18649,2019.0,James,Loree,CEO,2016-08-01,2022-07-01
010016,18649,2020.0,James,Loree,CEO,2016-08-01,2022-07-01
010016,18649,2021.0,James,Loree,CEO,2016-08-01,2022-07-01
010016,35242,2022.0,Donald,"Allan, Jr.",CEO,2022-07-01,2025-10-01
010016,35242,2023.0,Donald,"Allan, Jr.",CEO,2022-07-01,2025-10-01
010016,35242,2024.0,Donald,"Allan, Jr.",CEO,2022-07-01,2025-10-01
010115,42656,2017.0,Kevin,Lobo,CEO,2012-10-01,
010115,42656,2018.0,Kevin,Lobo,CEO,2012-10-01,
010115,42656,2019.0,Kevin,Lobo,CEO,2012-10-01,
010115,42656,2020.0,Kevin,Lobo,CEO,2012-10-01,
010115,42656,2021.0,Kevin,Lobo,CEO,2012-10-01,
010115,42656,2022.0,Kevin,Lobo,CEO,2012-10-01,
010115,42656,2023.0,Kevin,Lobo,CEO,2012-10-01,
010115,42656,2024.0,Kevin,Lobo,CEO,2012-10-01,
010247,34164,2017.0,William,"DeLaney, III",CEO,2009-03-27,2018-01-01
010247,34164,2018.0,William,"DeLaney, III",CEO,2009-03-27,2018-01-01
010247,46469,2019.0,Thomas,Ben,CEO,2018-01-01,2020-01-31
010247,46469,2020.0,Thomas,Ben,CEO,2018-01-01,2020-01-31
010247,59076,2021.0,Kevin,Hourican,CEO,2020-02-01,
010247,59076,2022.0,Kevin,Hourican,CEO,2020-02-01,
010247,59076,2023.0,Kevin,Hourican,CEO,2020-02-01,
010247,59076,2024.0,Kevin,Hourican,CEO,2020-02-01,
010499,14274,2017.0,Richard,Templeton,CEO,2018-07-17,2023-04-01
010499,14274,2018.0,Richard,Templeton,CEO,2018-07-17,2023-04-01
010499,14274,2019.0,Richard,Templeton,CEO,2018-07-17,2023-04-01
010499,14274,2020.0,Richard,Templeton,CEO,2018-07-17,2023-04-01
010499,14274,2021.0,Richard,Templeton,CEO,2018-07-17,2023-04-01
010499,14274,2022.0,Richard,Templeton,CEO,2018-07-17,2023-04-01
010499,55937,2023.0,Haviv,Ilan,CEO,2023-04-01,
010499,55937,2024.0,Haviv,Ilan,CEO,2023-04-01,
010519,35146,2017.0,Scott,Donnelly,CEO,2009-12-01,2026-01-04
010519,35146,2018.0,Scott,Donnelly,CEO,2009-12-01,2026-01-04
010519,35146,2019.0,Scott,Donnelly,CEO,2009-12-01,2026-01-04
010519,35146,2020.0,Scott,Donnelly,CEO,2009-12-01,2026-01-04
010519,35146,2021.0,Scott,Donnelly,CEO,2009-12-01,2026-01-04
010519,35146,2022.0,Scott,Donnelly,CEO,2009-12-01,2026-01-04
010519,35146,2023.0,Scott,Donnelly,CEO,2009-12-01,2026-01-04
010519,35146,2024.0,Scott,Donnelly,CEO,2009-12-01,2026-01-04
010530,24727,2017.0,Marc,Casper,CEO,2009-10-15,
010530,24727,2018.0,Marc,Casper,CEO,2009-10-15,
010530,24727,2019.0,Marc,Casper,CEO,2009-10-15,
010530,24727,2020.0,Marc,Casper,CEO,2009-10-15,
010530,24727,2021.0,Marc,Casper,CEO,2009-10-15,
010530,24727,2022.0,Marc,Casper,CEO,2009-10-15,
010530,24727,2023.0,Marc,Casper,CEO,2009-10-15,
010530,24727,2024.0,Marc,Casper,CEO,2009-10-15,
010793,40619,2022.0,Donnie,King,CEO,2021-06-02,
010793,40619,2023.0,Donnie,King,CEO,2021-06-02,
010793,40619,2024.0,Donnie,King,CEO,2021-06-02,
010793,40620,2019.0,Noel,White,CEO,2018-09-30,2020-10-03
010793,40620,2020.0,Noel,White,CEO,2018-09-30,2020-10-03
010793,43572,2017.0,Thomas,Hayes,CEO,2016-12-31,2018-09-30
010793,43572,2018.0,Thomas,Hayes,CEO,2016-12-31,2018-09-30
010793,59078,2021.0,Samuel,"Banks, Jr.",CEO,2020-10-03,2021-06-02
010795,26145,2017.0,Oscar,Munoz,CEO,2015-09-08,
010795,26145,2018.0,Oscar,Munoz,CEO,2015-09-08,
010795,26145,2019.0,Oscar,Munoz,CEO,2015-09-08,
010795,26145,2020.0,Oscar,Munoz,CEO,2015-09-08,
010795,46192,2021.0,J.,Kirby,CEO,2020-05-20,
010795,46192,2022.0,J.,Kirby,CEO,2020-05-20,
010795,46192,2023.0,J.,Kirby,CEO,2020-05-20,
010795,46192,2024.0,J.,Kirby,CEO,2020-05-20,
010867,42680,2017.0,Lance,Fritz,CEO,2015-02-05,2023-08-14
010867,42680,2018.0,Lance,Fritz,CEO,2015-02-05,2023-08-14
010867,42680,2019.0,Lance,Fritz,CEO,2015-02-05,2023-08-14
010867,42680,2020.0,Lance,Fritz,CEO,2015-02-05,2023-08-14
010867,42680,2021.0,Lance,Fritz,CEO,2015-02-05,2023-08-14
010867,42680,2022.0,Lance,Fritz,CEO,2015-02-05,2023-08-14
010867,42680,2023.0,Lance,Fritz,CEO,2015-02-05,2023-08-14
010867,58180,2024.0,Vincenzo,Vena,CEO,2023-08-14,
010920,29227,2017.0,David,Abney,CEO,2014-09-01,2020-06-01
010920,29227,2018.0,David,Abney,CEO,2014-09-01,2020-06-01
010920,29227,2019.0,David,Abney,CEO,2014-09-01,2020-06-01
010920,23290,2020.0,Carol,Tome,CEO,2020-06-01,
010920,23290,2021.0,Carol,Tome,CEO,2020-06-01,
010920,23290,2022.0,Carol,Tome,CEO,2020-06-01,
010920,23290,2023.0,Carol,Tome,CEO,2020-06-01,
010920,23290,2024.0,Carol,Tome,CEO,2020-06-01,
010983,61118,2024.0,Christopher,"Calio, J.D.",CEO,2024-05-02,
010983,30791,2017.0,Gregory,"Hayes, CPA",CEO,2014-11-23,2024-05-02
010983,30791,2018.0,Gregory,"Hayes, CPA",CEO,2014-11-23,2024-05-02
010983,30791,2019.0,Gregory,"Hayes, CPA",CEO,2014-11-23,2024-05-02
010983,30791,2020.0,Gregory,"Hayes, CPA",CEO,2014-11-23,2024-05-02
010983,30791,2021.0,Gregory,"Hayes, CPA",CEO,2014-11-23,2024-05-02
010983,30791,2022.0,Gregory,"Hayes, CPA",CEO,2014-11-23,2024-05-02
010983,30791,2023.0,Gregory,"Hayes, CPA",CEO,2014-11-23,2024-05-02
011032,08337,2017.0,Alan,Miller,CEO,1978-01-01,2021-01-01
011032,08337,2018.0,Alan,Miller,CEO,1978-01-01,2021-01-01
011032,08337,2019.0,Alan,Miller,CEO,1978-01-01,2021-01-01
011032,08337,2020.0,Alan,Miller,CEO,1978-01-01,2021-01-01
011032,31814,2021.0,Marc,Miller,CEO,2021-01-01,
011032,31814,2022.0,Marc,Miller,CEO,2021-01-01,
011032,31814,2023.0,Marc,Miller,CEO,2021-01-01,
011032,31814,2024.0,Marc,Miller,CEO,2021-01-01,
011060,42686,2017.0,Steven,Rendle,CEO,2017-01-01,2022-12-01
011060,42686,2018.0,Steven,Rendle,CEO,2017-01-01,2022-12-01
011060,42686,2019.0,Steven,Rendle,CEO,2017-01-01,2022-12-01
011060,42686,2020.0,Steven,Rendle,CEO,2017-01-01,2022-12-01
011060,42686,2021.0,Steven,Rendle,CEO,2017-01-01,2022-12-01
011060,42686,2022.0,Steven,Rendle,CEO,2017-01-01,2022-12-01
011060,65710,2023.0,Bracken,Darrell,CEO,2023-07-17,
011060,65710,2024.0,Bracken,Darrell,CEO,2023-07-17,
011228,45812,2017.0,James,Hill,CEO,2014-07-14,2026-01-01
011228,45812,2018.0,James,Hill,CEO,2014-07-14,2026-01-01
011228,45812,2019.0,James,Hill,CEO,2014-07-14,2026-01-01
011228,45812,2020.0,James,Hill,CEO,2014-07-14,2026-01-01
011228,45812,2021.0,James,Hill,CEO,2014-07-14,2026-01-01
011228,45812,2022.0,James,Hill,CEO,2014-07-14,2026-01-01
011228,45812,2023.0,James,Hill,CEO,2014-07-14,2026-01-01
011228,45812,2024.0,James,Hill,CEO,2014-07-14,2026-01-01
011259,35687,2017.0,C.,McMillon,CEO,2014-02-01,2026-01-31
011259,35687,2018.0,C.,McMillon,CEO,2014-02-01,2026-01-31
011259,35687,2019.0,C.,McMillon,CEO,2014-02-01,2026-01-31
011259,35687,2020.0,C.,McMillon,CEO,2014-02-01,2026-01-31
011259,35687,2021.0,C.,McMillon,CEO,2014-02-01,2026-01-31
011259,35687,2022.0,C.,McMillon,CEO,2014-02-01,2026-01-31
011259,35687,2023.0,C.,McMillon,CEO,2014-02-01,2026-01-31
011259,35687,2024.0,C.,McMillon,CEO,2014-02-01,2026-01-31
011264,48361,2017.0,Stefano,Pessina,CEO,2015-01-01,2021-03-01
011264,48361,2018.0,Stefano,Pessina,CEO,2015-01-01,2021-03-01
011264,48361,2019.0,Stefano,Pessina,CEO,2015-01-01,2021-03-01
011264,48361,2020.0,Stefano,Pessina,CEO,2015-01-01,2021-03-01
011264,48361,2021.0,Stefano,Pessina,CEO,2015-01-01,2021-03-01
011264,44288,2022.0,Rosalind,Brewer,CEO,2021-03-15,2023-08-31
011264,44288,2023.0,Rosalind,Brewer,CEO,2021-03-15,2023-08-31
011264,28110,2024.0,Timothy,Wentworth,CEO,2023-10-23,2025-08-28
011399,28834,2017.0,Stephen,Milligan,CEO,2013-01-02,
011399,28834,2018.0,Stephen,Milligan,CEO,2013-01-02,
011399,28834,2019.0,Stephen,Milligan,CEO,2013-01-02,
011399,28834,2020.0,Stephen,Milligan,CEO,2013-01-02,
011399,55685,2021.0,David V.,Goeckeler,CEO,2020-03-09,2024-10-10
011399,55685,2022.0,David V.,Goeckeler,CEO,2020-03-09,2024-10-10
011399,55685,2023.0,David V.,Goeckeler,CEO,2020-03-09,2024-10-10
011399,55685,2024.0,David V.,Goeckeler,CEO,2020-03-09,2024-10-10
011456,30990,2017.0,Doyle,"Simons, J.D.",CEO,2013-08-01,2019-01-01
011456,30990,2018.0,Doyle,"Simons, J.D.",CEO,2013-08-01,2019-01-01
011456,56484,2019.0,Devin,"Stockfish, Esq., J.D",CEO,2019-01-01,
011456,56484,2020.0,Devin,"Stockfish, Esq., J.D",CEO,2019-01-01,
011456,56484,2021.0,Devin,"Stockfish, Esq., J.D",CEO,2019-01-01,
011456,56484,2022.0,Devin,"Stockfish, Esq., J.D",CEO,2019-01-01,
011456,56484,2023.0,Devin,"Stockfish, Esq., J.D",CEO,2019-01-01,
011456,56484,2024.0,Devin,"Stockfish, Esq., J.D",CEO,2019-01-01,
011465,14379,2017.0,Jeffrey,Fettig,CEO,2004-07-01,2017-10-01
011465,32458,2018.0,Marc,Bitzer,CEO,2017-10-01,
011465,32458,2019.0,Marc,Bitzer,CEO,2017-10-01,
011465,32458,2020.0,Marc,Bitzer,CEO,2017-10-01,
011465,32458,2021.0,Marc,Bitzer,CEO,2017-10-01,
011465,32458,2022.0,Marc,Bitzer,CEO,2017-10-01,
011465,32458,2023.0,Marc,Bitzer,CEO,2017-10-01,
011465,32458,2024.0,Marc,Bitzer,CEO,2017-10-01,
011584,11360,2017.0,Richard,Johnson,CEO,2014-12-01,2022-09-01
011584,11360,2018.0,Richard,Johnson,CEO,2014-12-01,2022-09-01
011584,11360,2019.0,Richard,Johnson,CEO,2014-12-01,2022-09-01
011584,11360,2020.0,Richard,Johnson,CEO,2014-12-01,2022-09-01
011584,11360,2021.0,Richard,Johnson,CEO,2014-12-01,2022-09-01
011584,11360,2022.0,Richard,Johnson,CEO,2014-12-01,2022-09-01
011584,41269,2023.0,Mary,Dillon,CEO,2022-09-01,2025-09-08
011584,41269,2024.0,Mary,Dillon,CEO,2022-09-01,2025-09-08
011636,47395,2017.0,Jeffrey,Jacobson,CEO,2017-01-01,2018-05-13
011636,36283,2022.0,Steven,"Bandrowczak, B.S., M",CEO,2022-06-28,2026-03-30
011636,36283,2023.0,Steven,"Bandrowczak, B.S., M",CEO,2022-06-28,2026-03-30
011636,36283,2024.0,Steven,"Bandrowczak, B.S., M",CEO,2022-06-28,2026-03-30
011636,43877,2018.0,Giovanni,Visentin,CEO,2018-05-14,2022-06-28
011636,43877,2019.0,Giovanni,Visentin,CEO,2018-05-14,2022-06-28
011636,43877,2020.0,Giovanni,Visentin,CEO,2018-05-14,2022-06-28
011636,43877,2021.0,Giovanni,Visentin,CEO,2018-05-14,2022-06-28
011636,59947,2020.0,Xavier,"Heiss, M.B.A.",CEO,,
011672,32700,2017.0,Ernie,Herrman,CEO,2016-01-31,
011672,32700,2018.0,Ernie,Herrman,CEO,2016-01-31,
011672,32700,2019.0,Ernie,Herrman,CEO,2016-01-31,
011672,32700,2020.0,Ernie,Herrman,CEO,2016-01-31,
011672,32700,2021.0,Ernie,Herrman,CEO,2016-01-31,
011672,32700,2022.0,Ernie,Herrman,CEO,2016-01-31,
011672,32700,2023.0,Ernie,Herrman,CEO,2016-01-31,
011672,32700,2024.0,Ernie,Herrman,CEO,2016-01-31,
012141,44939,2019.0,Satya,Nadella,CEO,2014-02-04,
012141,44939,2020.0,Satya,Nadella,CEO,2014-02-04,
012141,44939,2021.0,Satya,Nadella,CEO,2014-02-04,
012141,44939,2022.0,Satya,Nadella,CEO,2014-02-04,
012141,44939,2017.0,Satya,Nadella,CEO,2014-02-04,
012141,44939,2018.0,Satya,Nadella,CEO,2014-02-04,
012141,44939,2023.0,Satya,Nadella,CEO,2014-02-04,
012141,44939,2024.0,Satya,Nadella,CEO,2014-02-04,
012142,27208,2018.0,Safra,Catz,CEO,2014-09-17,2025-09-22
012142,27208,2019.0,Safra,Catz,CEO,2014-09-17,2025-09-22
012142,27208,2020.0,Safra,Catz,CEO,2014-09-17,2025-09-22
012142,27208,2021.0,Safra,Catz,CEO,2014-09-17,2025-09-22
012142,27208,2022.0,Safra,Catz,CEO,2014-09-17,2025-09-22
012142,27208,2023.0,Safra,Catz,CEO,2014-09-17,2025-09-22
012142,27208,2024.0,Safra,Catz,CEO,2014-09-17,2025-09-22
012142,18929,2017.0,Mark,Hurd,CEO,2014-09-17,2019-09-01
012151,50008,2017.0,Camillo,Pane,CEO,2016-10-03,2018-11-11
012151,50008,2018.0,Camillo,Pane,CEO,2016-10-03,2018-11-11
012151,22560,2019.0,Pierre,Laubies,CEO,2018-11-12,2020-06-01
012151,22560,2020.0,Pierre,Laubies,CEO,2018-11-12,2020-06-01
012151,60721,2021.0,Sue,Nabi,CEO,2020-09-01,2025-12-31
012151,60721,2022.0,Sue,Nabi,CEO,2020-09-01,2025-12-31
012151,60721,2023.0,Sue,Nabi,CEO,2020-09-01,2025-12-31
012151,60721,2024.0,Sue,Nabi,CEO,2020-09-01,2025-12-31
012389,37212,2017.0,Matthew,Levatich,CEO,2015-05-01,2020-02-01
012389,37212,2018.0,Matthew,Levatich,CEO,2015-05-01,2020-02-01
012389,37212,2019.0,Matthew,Levatich,CEO,2015-05-01,2020-02-01
012389,54256,2020.0,Jochen,Zeitz,CEO,2020-02-08,2025-09-30
012389,54256,2021.0,Jochen,Zeitz,CEO,2020-02-08,2025-09-30
012389,54256,2022.0,Jochen,Zeitz,CEO,2020-02-08,2025-09-30
012389,54256,2023.0,Jochen,Zeitz,CEO,2020-02-08,2025-09-30
012389,54256,2024.0,Jochen,Zeitz,CEO,2020-02-08,2025-09-30
012441,22558,2017.0,Eugene,Hall,CEO,2004-08-04,
012441,22558,2018.0,Eugene,Hall,CEO,2004-08-04,
012441,22558,2019.0,Eugene,Hall,CEO,2004-08-04,
012441,22558,2020.0,Eugene,Hall,CEO,2004-08-04,
012441,22558,2021.0,Eugene,Hall,CEO,2004-08-04,
012441,22558,2022.0,Eugene,Hall,CEO,2004-08-04,
012441,22558,2023.0,Eugene,Hall,CEO,2004-08-04,
012441,22558,2024.0,Eugene,Hall,CEO,2004-08-04,
012540,20790,2017.0,Shantanu,Narayen,CEO,2007-12-01,
012540,20790,2018.0,Shantanu,Narayen,CEO,2007-12-01,
012540,20790,2019.0,Shantanu,Narayen,CEO,2007-12-01,
012540,20790,2020.0,Shantanu,Narayen,CEO,2007-12-01,
012540,20790,2021.0,Shantanu,Narayen,CEO,2007-12-01,
012540,20790,2022.0,Shantanu,Narayen,CEO,2007-12-01,
012540,20790,2023.0,Shantanu,Narayen,CEO,2007-12-01,
012540,20790,2024.0,Shantanu,Narayen,CEO,2007-12-01,
012635,23954,2017.0,Jeffery,"Yabuki, B.S., CPA",CEO,2005-12-01,2020-07-01
012635,23954,2018.0,Jeffery,"Yabuki, B.S., CPA",CEO,2005-12-01,2020-07-01
012635,23954,2019.0,Jeffery,"Yabuki, B.S., CPA",CEO,2005-12-01,2020-07-01
012635,35314,2020.0,Frank,Bisignano,CEO,2020-07-01,2025-05-06
012635,35314,2021.0,Frank,Bisignano,CEO,2020-07-01,2025-05-06
012635,35314,2022.0,Frank,Bisignano,CEO,2020-07-01,2025-05-06
012635,35314,2023.0,Frank,Bisignano,CEO,2020-07-01,2025-05-06
012635,35314,2024.0,Frank,Bisignano,CEO,2020-07-01,2025-05-06
013421,35475,2017.0,Lip-Bu,Tan,CEO,2009-01-01,2021-12-15
013421,35475,2018.0,Lip-Bu,Tan,CEO,2009-01-01,2021-12-15
013421,35475,2019.0,Lip-Bu,Tan,CEO,2009-01-01,2021-12-15
013421,35475,2020.0,Lip-Bu,Tan,CEO,2009-01-01,2021-12-15
013421,35475,2021.0,Lip-Bu,Tan,CEO,2009-01-01,2021-12-15
013421,47415,2022.0,Anirudh,"Devgan, Ph.D.",CEO,2021-12-15,
013421,47415,2023.0,Anirudh,"Devgan, Ph.D.",CEO,2021-12-15,
013421,47415,2024.0,Anirudh,"Devgan, Ph.D.",CEO,2021-12-15,
013498,45517,2017.0,Arnold,Donald,CEO,2013-07-01,2022-08-14
013498,45517,2018.0,Arnold,Donald,CEO,2013-07-01,2022-08-14
013498,45517,2019.0,Arnold,Donald,CEO,2013-07-01,2022-08-14
013498,45517,2020.0,Arnold,Donald,CEO,2013-07-01,2022-08-14
013498,45517,2021.0,Arnold,Donald,CEO,2013-07-01,2022-08-14
013498,45517,2022.0,Arnold,Donald,CEO,2013-07-01,2022-08-14
013498,62672,2023.0,Joshua,Weinstein,CEO,2022-08-01,
013498,62672,2024.0,Joshua,Weinstein,CEO,2022-08-01,
013700,45652,2017.0,Jeffrey,Slovin,CEO,2016-02-29,2017-10-02
013700,43542,2018.0,Donald,"Casey, Jr.",CEO,2018-02-12,2022-04-19
013700,43542,2019.0,Donald,"Casey, Jr.",CEO,2018-02-12,2022-04-19
013700,43542,2020.0,Donald,"Casey, Jr.",CEO,2018-02-12,2022-04-19
013700,43542,2021.0,Donald,"Casey, Jr.",CEO,2018-02-12,2022-04-19
013700,60870,2022.0,Simon,Campion,CEO,2022-09-12,2025-07-31
013700,60870,2023.0,Simon,Campion,CEO,2022-09-12,2025-07-31
013700,60870,2024.0,Simon,Campion,CEO,2022-09-12,2025-07-31
013714,14541,2017.0,Leslie,"Moonves, II",CEO,2006-01-01,2018-09-09
013714,14541,2018.0,Leslie,"Moonves, II",CEO,2006-01-01,2018-09-09
013714,35706,2019.0,Joseph,Ianniello,CEO,2018-09-09,2019-12-04
013714,29718,2020.0,Robert,Bakish,CEO,2019-12-04,2024-04-01
013714,29718,2021.0,Robert,Bakish,CEO,2019-12-04,2024-04-01
013714,29718,2022.0,Robert,Bakish,CEO,2019-12-04,2024-04-01
013714,29718,2023.0,Robert,Bakish,CEO,2019-12-04,2024-04-01
013714,67318,2024.0,George,Cheeks,CEO,2024-05-01,
013721,44948,2020.0,Kristin,Peck,CEO,2020-01-01,
013721,44948,2021.0,Kristin,Peck,CEO,2020-01-01,
013721,44948,2022.0,Kristin,Peck,CEO,2020-01-01,
013721,44948,2023.0,Kristin,Peck,CEO,2020-01-01,
013721,44948,2024.0,Kristin,Peck,CEO,2020-01-01,
013721,44952,2017.0,Juan,Alaix,CEO,2012-07-01,2019-12-31
013721,44952,2018.0,Juan,Alaix,CEO,2012-07-01,2019-12-31
013721,44952,2019.0,Juan,Alaix,CEO,2012-07-01,2019-12-31
014225,16408,2017.0,Daniel,Florness,CEO,2016-01-01,
014225,16408,2018.0,Daniel,Florness,CEO,2016-01-01,
014225,16408,2019.0,Daniel,Florness,CEO,2016-01-01,
014225,16408,2020.0,Daniel,Florness,CEO,2016-01-01,
014225,16408,2021.0,Daniel,Florness,CEO,2016-01-01,
014225,16408,2022.0,Daniel,Florness,CEO,2016-01-01,
014225,16408,2023.0,Daniel,Florness,CEO,2016-01-01,
014225,16408,2024.0,Daniel,Florness,CEO,2016-01-01,
014282,34218,2017.0,Richard,"Norwitt, J.D.",CEO,2009-01-01,
014282,34218,2018.0,Richard,"Norwitt, J.D.",CEO,2009-01-01,
014282,34218,2019.0,Richard,"Norwitt, J.D.",CEO,2009-01-01,
014282,34218,2020.0,Richard,"Norwitt, J.D.",CEO,2009-01-01,
014282,34218,2021.0,Richard,"Norwitt, J.D.",CEO,2009-01-01,
014282,34218,2022.0,Richard,"Norwitt, J.D.",CEO,2009-01-01,
014282,34218,2023.0,Richard,"Norwitt, J.D.",CEO,2009-01-01,
014282,34218,2024.0,Richard,"Norwitt, J.D.",CEO,2009-01-01,
014359,00736,2019.0,Scott,Sheffield,CEO,2019-02-22,2023-12-31
014359,00736,2020.0,Scott,Sheffield,CEO,2019-02-22,2023-12-31
014359,00736,2021.0,Scott,Sheffield,CEO,2019-02-22,2023-12-31
014359,00736,2022.0,Scott,Sheffield,CEO,2019-02-22,2023-12-31
014359,00736,2023.0,Scott,Sheffield,CEO,2019-02-22,2023-12-31
014359,14992,2017.0,Timothy,Dove,CEO,2017-01-01,2019-02-22
014359,14992,2018.0,Timothy,Dove,CEO,2017-01-01,2019-02-22
014418,23283,2020.0,William,"Hornbuckle, IV",CEO,2020-03-22,
014418,23283,2021.0,William,"Hornbuckle, IV",CEO,2020-03-22,
014418,23283,2022.0,William,"Hornbuckle, IV",CEO,2020-03-22,
014418,23283,2023.0,William,"Hornbuckle, IV",CEO,2020-03-22,
014418,23283,2024.0,William,"Hornbuckle, IV",CEO,2020-03-22,
014418,23285,2017.0,James,Murren,CEO,2008-12-01,2020-03-22
014418,23285,2018.0,James,Murren,CEO,2008-12-01,2020-03-22
014418,23285,2019.0,James,Murren,CEO,2008-12-01,2020-03-22
014477,44318,2017.0,James,"Fish, Jr.",CEO,2016-11-11,
014477,44318,2018.0,James,"Fish, Jr.",CEO,2016-11-11,
014477,44318,2019.0,James,"Fish, Jr.",CEO,2016-11-11,
014477,44318,2020.0,James,"Fish, Jr.",CEO,2016-11-11,
014477,44318,2021.0,James,"Fish, Jr.",CEO,2016-11-11,
014477,44318,2022.0,James,"Fish, Jr.",CEO,2016-11-11,
014477,44318,2023.0,James,"Fish, Jr.",CEO,2016-11-11,
014477,44318,2024.0,James,"Fish, Jr.",CEO,2016-11-11,
014590,01684,2017.0,Richard,Adkerson,CEO,2003-12-01,2024-06-11
014590,01684,2018.0,Richard,Adkerson,CEO,2003-12-01,2024-06-11
014590,01684,2019.0,Richard,Adkerson,CEO,2003-12-01,2024-06-11
014590,01684,2020.0,Richard,Adkerson,CEO,2003-12-01,2024-06-11
014590,01684,2021.0,Richard,Adkerson,CEO,2003-12-01,2024-06-11
014590,01684,2022.0,Richard,Adkerson,CEO,2003-12-01,2024-06-11
014590,01684,2023.0,Richard,Adkerson,CEO,2003-12-01,2024-06-11
014590,31158,2024.0,Kathleen,Quirk,CEO,2024-06-11,
014934,27781,2017.0,David,Hager,CEO,2015-08-01,2021-01-07
014934,27781,2018.0,David,Hager,CEO,2015-08-01,2021-01-07
014934,27781,2019.0,David,Hager,CEO,2015-08-01,2021-01-07
014934,27781,2020.0,David,Hager,CEO,2015-08-01,2021-01-07
014934,47762,2021.0,Richard,Muncrief,CEO,2021-01-07,2025-03-01
014934,47762,2022.0,Richard,Muncrief,CEO,2021-01-07,2025-03-01
014934,47762,2023.0,Richard,Muncrief,CEO,2021-01-07,2025-03-01
014934,47762,2024.0,Richard,Muncrief,CEO,2021-01-07,2025-03-01
014960,29709,2017.0,David,"King, J.D.",CEO,2007-01-01,2019-11-01
014960,29709,2018.0,David,"King, J.D.",CEO,2007-01-01,2019-11-01
014960,29709,2019.0,David,"King, J.D.",CEO,2007-01-01,2019-11-01
014960,42570,2020.0,Adam,Schechter,CEO,2019-11-01,
014960,42570,2021.0,Adam,Schechter,CEO,2019-11-01,
014960,42570,2022.0,Adam,Schechter,CEO,2019-11-01,
014960,42570,2023.0,Adam,Schechter,CEO,2019-11-01,
014960,42570,2024.0,Adam,Schechter,CEO,2019-11-01,
015247,32559,2017.0,Joseph,Gorder,CEO,2014-05-01,2023-06-30
015247,32559,2018.0,Joseph,Gorder,CEO,2014-05-01,2023-06-30
015247,32559,2019.0,Joseph,Gorder,CEO,2014-05-01,2023-06-30
015247,32559,2020.0,Joseph,Gorder,CEO,2014-05-01,2023-06-30
015247,32559,2021.0,Joseph,Gorder,CEO,2014-05-01,2023-06-30
015247,32559,2022.0,Joseph,Gorder,CEO,2014-05-01,2023-06-30
015247,47003,2023.0,R.,Riggs,CEO,2023-06-30,
015247,47003,2024.0,R.,Riggs,CEO,2023-06-30,
015520,42218,2017.0,Mark,Light,CEO,2014-11-01,2017-08-01
015520,54321,2018.0,Virginia,Drosos,CEO,2017-08-01,2024-11-04
015520,54321,2019.0,Virginia,Drosos,CEO,2017-08-01,2024-11-04
015520,54321,2020.0,Virginia,Drosos,CEO,2017-08-01,2024-11-04
015520,54321,2021.0,Virginia,Drosos,CEO,2017-08-01,2024-11-04
015520,54321,2022.0,Virginia,Drosos,CEO,2017-08-01,2024-11-04
015520,54321,2023.0,Virginia,Drosos,CEO,2017-08-01,2024-11-04
015520,54321,2024.0,Virginia,Drosos,CEO,2017-08-01,2024-11-04
015855,51776,2017.0,Gregory,Clark,CEO,2016-08-01,2019-05-09
015855,51776,2018.0,Gregory,Clark,CEO,2016-08-01,2019-05-09
015855,43722,2020.0,Vincent,Pilette,CEO,2019-11-08,
015855,43722,2021.0,Vincent,Pilette,CEO,2019-11-08,
015855,43722,2022.0,Vincent,Pilette,CEO,2019-11-08,
015855,43722,2023.0,Vincent,Pilette,CEO,2019-11-08,
015855,43722,2024.0,Vincent,Pilette,CEO,2019-11-08,
016101,18569,2017.0,Richard,Gonzalez,CEO,2013-01-01,2024-07-01
016101,18569,2018.0,Richard,Gonzalez,CEO,2013-01-01,2024-07-01
016101,18569,2019.0,Richard,Gonzalez,CEO,2013-01-01,2024-07-01
016101,18569,2020.0,Richard,Gonzalez,CEO,2013-01-01,2024-07-01
016101,18569,2021.0,Richard,Gonzalez,CEO,2013-01-01,2024-07-01
016101,18569,2022.0,Richard,Gonzalez,CEO,2013-01-01,2024-07-01
016101,18569,2023.0,Richard,Gonzalez,CEO,2013-01-01,2024-07-01
016101,56018,2024.0,Robert,"Michael, CPA",CEO,2024-07-01,
016478,42776,2017.0,William,Thomas,CEO,2013-07-01,2021-01-01
016478,42776,2018.0,William,Thomas,CEO,2013-07-01,2021-01-01
016478,42776,2019.0,William,Thomas,CEO,2013-07-01,2021-01-01
016478,42776,2020.0,William,Thomas,CEO,2013-07-01,2021-01-01
016478,57871,2021.0,Ezra,Yacob,CEO,2021-10-01,
016478,57871,2022.0,Ezra,Yacob,CEO,2021-10-01,
016478,57871,2023.0,Ezra,Yacob,CEO,2021-10-01,
016478,57871,2024.0,Ezra,Yacob,CEO,2021-10-01,
016721,44810,2017.0,Andrew,Wilson,CEO,2013-09-17,
016721,44810,2018.0,Andrew,Wilson,CEO,2013-09-17,
016721,44810,2019.0,Andrew,Wilson,CEO,2013-09-17,
016721,44810,2020.0,Andrew,Wilson,CEO,2013-09-17,
016721,44810,2021.0,Andrew,Wilson,CEO,2013-09-17,
016721,44810,2022.0,Andrew,Wilson,CEO,2013-09-17,
016721,44810,2023.0,Andrew,Wilson,CEO,2013-09-17,
016721,44810,2024.0,Andrew,Wilson,CEO,2013-09-17,
017928,24349,2017.0,Ari,Bousbib,CEO,2016-10-03,
017928,24349,2018.0,Ari,Bousbib,CEO,2016-10-03,
017928,24349,2019.0,Ari,Bousbib,CEO,2016-10-03,
017928,24349,2020.0,Ari,Bousbib,CEO,2016-10-03,
017928,24349,2021.0,Ari,Bousbib,CEO,2016-10-03,
017928,24349,2022.0,Ari,Bousbib,CEO,2016-10-03,
017928,24349,2023.0,Ari,Bousbib,CEO,2016-10-03,
017928,24349,2024.0,Ari,Bousbib,CEO,2016-10-03,
018043,44957,2017.0,Robert,Thomson,CEO,2013-01-01,
018043,44957,2018.0,Robert,Thomson,CEO,2013-01-01,
018043,44957,2019.0,Robert,Thomson,CEO,2013-01-01,
018043,44957,2020.0,Robert,Thomson,CEO,2013-01-01,
018043,44957,2021.0,Robert,Thomson,CEO,2013-01-01,
018043,44957,2022.0,Robert,Thomson,CEO,2013-01-01,
018043,44957,2023.0,Robert,Thomson,CEO,2013-01-01,
018043,44957,2024.0,Robert,Thomson,CEO,2013-01-01,
020548,10901,2017.0,Dan,Dinges,CEO,2002-05-01,2021-10-01
020548,10901,2018.0,Dan,Dinges,CEO,2002-05-01,2021-10-01
020548,10901,2019.0,Dan,Dinges,CEO,2002-05-01,2021-10-01
020548,10901,2020.0,Dan,Dinges,CEO,2002-05-01,2021-10-01
020548,10901,2021.0,Dan,Dinges,CEO,2002-05-01,2021-10-01
020548,21488,2022.0,Thomas,Jorden,CEO,2021-10-01,
020548,21488,2023.0,Thomas,Jorden,CEO,2021-10-01,
020548,21488,2024.0,Thomas,Jorden,CEO,2021-10-01,
020779,44984,2017.0,Charles,Robbins,CEO,2015-07-26,
020779,44984,2018.0,Charles,Robbins,CEO,2015-07-26,
020779,44984,2019.0,Charles,Robbins,CEO,2015-07-26,
020779,44984,2020.0,Charles,Robbins,CEO,2015-07-26,
020779,44984,2021.0,Charles,Robbins,CEO,2015-07-26,
020779,44984,2022.0,Charles,Robbins,CEO,2015-07-26,
020779,44984,2023.0,Charles,Robbins,CEO,2015-07-26,
020779,44984,2024.0,Charles,Robbins,CEO,2015-07-26,
020904,25904,2017.0,Stephen,MacMillan,CEO,2013-12-09,2026-04-07
020904,25904,2018.0,Stephen,MacMillan,CEO,2013-12-09,2026-04-07
020904,25904,2019.0,Stephen,MacMillan,CEO,2013-12-09,2026-04-07
020904,25904,2020.0,Stephen,MacMillan,CEO,2013-12-09,2026-04-07
020904,25904,2021.0,Stephen,MacMillan,CEO,2013-12-09,2026-04-07
020904,25904,2022.0,Stephen,MacMillan,CEO,2013-12-09,2026-04-07
020904,25904,2023.0,Stephen,MacMillan,CEO,2013-12-09,2026-04-07
020904,25904,2024.0,Stephen,MacMillan,CEO,2013-12-09,2026-04-07
022260,24739,2019.0,Samuel,Hazen,CEO,2019-01-01,
022260,24739,2020.0,Samuel,Hazen,CEO,2019-01-01,
022260,24739,2021.0,Samuel,Hazen,CEO,2019-01-01,
022260,24739,2022.0,Samuel,Hazen,CEO,2019-01-01,
022260,24739,2023.0,Samuel,Hazen,CEO,2019-01-01,
022260,24739,2024.0,Samuel,Hazen,CEO,2019-01-01,
022260,28168,2017.0,R.,Johnson,CEO,2014-01-01,2018-12-31
022260,28168,2018.0,R.,Johnson,CEO,2014-01-01,2018-12-31
023809,28867,2017.0,William,"Rhodes, III",CEO,2005-03-14,2024-01-02
023809,28867,2018.0,William,"Rhodes, III",CEO,2005-03-14,2024-01-02
023809,28867,2019.0,William,"Rhodes, III",CEO,2005-03-14,2024-01-02
023809,28867,2020.0,William,"Rhodes, III",CEO,2005-03-14,2024-01-02
023809,28867,2021.0,William,"Rhodes, III",CEO,2005-03-14,2024-01-02
023809,28867,2022.0,William,"Rhodes, III",CEO,2005-03-14,2024-01-02
023809,28867,2023.0,William,"Rhodes, III",CEO,2005-03-14,2024-01-02
023809,59155,2024.0,Philip,"Daniele, III",CEO,2024-01-02,
023812,09752,2017.0,Leonard,"Schleifer, M.D., Ph.",CEO,1988-01-01,
023812,09752,2018.0,Leonard,"Schleifer, M.D., Ph.",CEO,1988-01-01,
023812,09752,2019.0,Leonard,"Schleifer, M.D., Ph.",CEO,1988-01-01,
023812,09752,2020.0,Leonard,"Schleifer, M.D., Ph.",CEO,1988-01-01,
023812,09752,2021.0,Leonard,"Schleifer, M.D., Ph.",CEO,1988-01-01,
023812,09752,2022.0,Leonard,"Schleifer, M.D., Ph.",CEO,1988-01-01,
023812,09752,2023.0,Leonard,"Schleifer, M.D., Ph.",CEO,1988-01-01,
023812,09752,2024.0,Leonard,"Schleifer, M.D., Ph.",CEO,1988-01-01,
024197,21002,2017.0,Jonathan,Ayers,CEO,2002-01-28,2019-10-24
024197,21002,2018.0,Jonathan,Ayers,CEO,2002-01-28,2019-10-24
024197,21002,2019.0,Jonathan,Ayers,CEO,2002-01-28,2019-10-24
024197,44362,2020.0,Jonathan,Mazelsky,CEO,2019-06-28,2026-05-12
024197,44362,2021.0,Jonathan,Mazelsky,CEO,2019-06-28,2026-05-12
024197,44362,2022.0,Jonathan,Mazelsky,CEO,2019-06-28,2026-05-12
024197,44362,2023.0,Jonathan,Mazelsky,CEO,2019-06-28,2026-05-12
024197,44362,2024.0,Jonathan,Mazelsky,CEO,2019-06-28,2026-05-12
024216,31153,2017.0,Andres,"Gluski Weilert, Ph.D",CEO,2011-09-30,
024216,31153,2018.0,Andres,"Gluski Weilert, Ph.D",CEO,2011-09-30,
024216,31153,2019.0,Andres,"Gluski Weilert, Ph.D",CEO,2011-09-30,
024216,31153,2020.0,Andres,"Gluski Weilert, Ph.D",CEO,2011-09-30,
024216,31153,2021.0,Andres,"Gluski Weilert, Ph.D",CEO,2011-09-30,
024216,31153,2022.0,Andres,"Gluski Weilert, Ph.D",CEO,2011-09-30,
024216,31153,2023.0,Andres,"Gluski Weilert, Ph.D",CEO,2011-09-30,
024216,31153,2024.0,Andres,"Gluski Weilert, Ph.D",CEO,2011-09-30,
024316,28838,2017.0,Rodney,"Sacks, H.Dip.Law, H.",CEO,1990-11-01,2025-06-12
024316,28838,2018.0,Rodney,"Sacks, H.Dip.Law, H.",CEO,1990-11-01,2025-06-12
024316,28838,2019.0,Rodney,"Sacks, H.Dip.Law, H.",CEO,1990-11-01,2025-06-12
024316,28838,2020.0,Rodney,"Sacks, H.Dip.Law, H.",CEO,1990-11-01,2025-06-12
024316,28839,2021.0,Hilton,Schlosberg,CEO,2021-01-01,2025-06-13
024316,28839,2022.0,Hilton,Schlosberg,CEO,2021-01-01,2025-06-13
024316,28839,2023.0,Hilton,Schlosberg,CEO,2021-01-01,2025-06-13
024316,28839,2024.0,Hilton,Schlosberg,CEO,2021-01-01,2025-06-13
024344,23051,2017.0,Jeffrey,"Leiden, M.D., Ph.D.",CEO,2012-02-01,2020-03-31
024344,23051,2018.0,Jeffrey,"Leiden, M.D., Ph.D.",CEO,2012-02-01,2020-03-31
024344,23051,2019.0,Jeffrey,"Leiden, M.D., Ph.D.",CEO,2012-02-01,2020-03-31
024344,58651,2020.0,Reshma,"Kewalramani, FASN, M",CEO,2020-04-01,
024344,58651,2021.0,Reshma,"Kewalramani, FASN, M",CEO,2020-04-01,
024344,58651,2022.0,Reshma,"Kewalramani, FASN, M",CEO,2020-04-01,
024344,58651,2023.0,Reshma,"Kewalramani, FASN, M",CEO,2020-04-01,
024344,58651,2024.0,Reshma,"Kewalramani, FASN, M",CEO,2020-04-01,
024468,51476,2017.0,Michel,Vounatsos,CEO,2017-01-06,2022-11-14
024468,51476,2018.0,Michel,Vounatsos,CEO,2017-01-06,2022-11-14
024468,51476,2019.0,Michel,Vounatsos,CEO,2017-01-06,2022-11-14
024468,51476,2020.0,Michel,Vounatsos,CEO,2017-01-06,2022-11-14
024468,51476,2021.0,Michel,Vounatsos,CEO,2017-01-06,2022-11-14
024468,51476,2022.0,Michel,Vounatsos,CEO,2017-01-06,2022-11-14
024468,63601,2023.0,Christopher,Viehbacher,CEO,2022-11-14,
024468,63601,2024.0,Christopher,Viehbacher,CEO,2022-11-14,
024616,22147,2017.0,Daniel,Schulman,CEO,2015-07-01,2023-09-27
024616,22147,2018.0,Daniel,Schulman,CEO,2015-07-01,2023-09-27
024616,22147,2019.0,Daniel,Schulman,CEO,2015-07-01,2023-09-27
024616,22147,2020.0,Daniel,Schulman,CEO,2015-07-01,2023-09-27
024616,22147,2021.0,Daniel,Schulman,CEO,2015-07-01,2023-09-27
024616,22147,2022.0,Daniel,Schulman,CEO,2015-07-01,2023-09-27
024616,22147,2023.0,Daniel,Schulman,CEO,2015-07-01,2023-09-27
024616,57612,2024.0,Alex,Chriss,CEO,2023-09-27,2026-02-02
024782,20238,2017.0,John,Hendrickson,CEO,2016-04-24,2018-01-15
024782,20959,2018.0,Murray,Kessler,CEO,2018-10-08,2023-06-30
024782,20959,2019.0,Murray,Kessler,CEO,2018-10-08,2023-06-30
024782,20959,2020.0,Murray,Kessler,CEO,2018-10-08,2023-06-30
024782,20959,2021.0,Murray,Kessler,CEO,2018-10-08,2023-06-30
024782,20959,2022.0,Murray,Kessler,CEO,2018-10-08,2023-06-30
024782,58279,2018.0,Uwe,Rehrhoff,CEO,2018-01-15,2018-10-08
024782,65223,2023.0,Patrick,Lockwood-Taylor,CEO,2023-06-30,
024782,65223,2024.0,Patrick,Lockwood-Taylor,CEO,2023-06-30,
024800,36696,2017.0,Steven,Mollenkopf,CEO,2014-03-04,2021-06-30
024800,36696,2018.0,Steven,Mollenkopf,CEO,2014-03-04,2021-06-30
024800,36696,2019.0,Steven,Mollenkopf,CEO,2014-03-04,2021-06-30
024800,36696,2020.0,Steven,Mollenkopf,CEO,2014-03-04,2021-06-30
024800,36696,2021.0,Steven,Mollenkopf,CEO,2014-03-04,2021-06-30
024800,46758,2022.0,Cristiano,Amon,CEO,2021-06-30,
024800,46758,2023.0,Cristiano,Amon,CEO,2021-06-30,
024800,46758,2024.0,Cristiano,Amon,CEO,2021-06-30,
024856,26635,2017.0,John,"Milligan, Ph.D.",CEO,2016-03-10,2018-12-31
024856,26635,2018.0,John,"Milligan, Ph.D.",CEO,2016-03-10,2018-12-31
024856,58283,2019.0,Daniel P.,O'Day,CEO,2019-03-01,
024856,58283,2020.0,Daniel P.,O'Day,CEO,2019-03-01,
024856,58283,2021.0,Daniel P.,O'Day,CEO,2019-03-01,
024856,58283,2022.0,Daniel P.,O'Day,CEO,2019-03-01,
024856,58283,2023.0,Daniel P.,O'Day,CEO,2019-03-01,
024856,58283,2024.0,Daniel P.,O'Day,CEO,2019-03-01,
024925,14340,2017.0,Brian,Jellison,CEO,2001-11-06,2018-09-01
024925,14340,2018.0,Brian,Jellison,CEO,2001-11-06,2018-09-01
024925,46636,2019.0,Laurence,Hunn,CEO,2018-08-01,
024925,46636,2020.0,Laurence,Hunn,CEO,2018-08-01,
024925,46636,2021.0,Laurence,Hunn,CEO,2018-08-01,
024925,46636,2022.0,Laurence,Hunn,CEO,2018-08-01,
024925,46636,2023.0,Laurence,Hunn,CEO,2018-08-01,
024925,46636,2024.0,Laurence,Hunn,CEO,2018-08-01,
024975,14024,2017.0,Aart,"de Geus, Ph.D.",CEO,2012-05-23,2024-01-01
024975,14024,2018.0,Aart,"de Geus, Ph.D.",CEO,2012-05-23,2024-01-01
024975,14024,2022.0,Aart,"de Geus, Ph.D.",CEO,2012-05-23,2024-01-01
024975,14024,2023.0,Aart,"de Geus, Ph.D.",CEO,2012-05-23,2024-01-01
024975,14027,2019.0,Chi-Foon,"Chan, Ph.D.",CEO,2012-05-23,2022-01-01
024975,14027,2020.0,Chi-Foon,"Chan, Ph.D.",CEO,2012-05-23,2022-01-01
024975,14027,2021.0,Chi-Foon,"Chan, Ph.D.",CEO,2012-05-23,2022-01-01
024975,59621,2024.0,Sassine,Ghazi,CEO,2024-01-01,
025119,08449,2017.0,Jeffrey,Lorberbaum,CEO,2001-01-01,
025119,08449,2018.0,Jeffrey,Lorberbaum,CEO,2001-01-01,
025119,08449,2019.0,Jeffrey,Lorberbaum,CEO,2001-01-01,
025119,08449,2020.0,Jeffrey,Lorberbaum,CEO,2001-01-01,
025119,08449,2021.0,Jeffrey,Lorberbaum,CEO,2001-01-01,
025119,08449,2022.0,Jeffrey,Lorberbaum,CEO,2001-01-01,
025119,08449,2023.0,Jeffrey,Lorberbaum,CEO,2001-01-01,
025119,08449,2024.0,Jeffrey,Lorberbaum,CEO,2001-01-01,
025124,23103,2017.0,Stephen,Angel,CEO,2018-10-22,2022-03-01
025124,23103,2018.0,Stephen,Angel,CEO,2018-10-22,2022-03-01
025124,23103,2019.0,Stephen,Angel,CEO,2018-10-22,2022-03-01
025124,23103,2020.0,Stephen,Angel,CEO,2018-10-22,2022-03-01
025124,23103,2021.0,Stephen,Angel,CEO,2018-10-22,2022-03-01
025124,57591,2022.0,Sanjiv,Lamba,CEO,2022-03-01,
025124,57591,2023.0,Sanjiv,Lamba,CEO,2022-03-01,
025124,57591,2024.0,Sanjiv,Lamba,CEO,2022-03-01,
025124,60099,2020.0,Andreas,Opfermann,CEO,,
025279,42847,2017.0,Michael,Mahoney,CEO,2012-11-01,
025279,42847,2018.0,Michael,Mahoney,CEO,2012-11-01,
025279,42847,2019.0,Michael,Mahoney,CEO,2012-11-01,
025279,42847,2020.0,Michael,Mahoney,CEO,2012-11-01,
025279,42847,2021.0,Michael,Mahoney,CEO,2012-11-01,
025279,42847,2022.0,Michael,Mahoney,CEO,2012-11-01,
025279,42847,2023.0,Michael,Mahoney,CEO,2012-11-01,
025279,42847,2024.0,Michael,Mahoney,CEO,2012-11-01,
025283,13382,2017.0,Kevin,Mansell,CEO,2008-08-01,2018-05-16
025283,30951,2023.0,Thomas,Kingsbury,CEO,2022-12-02,2025-01-15
025283,30951,2024.0,Thomas,Kingsbury,CEO,2022-12-02,2025-01-15
025283,45235,2018.0,Michelle,Gass,CEO,2018-05-16,2022-12-02
025283,45235,2019.0,Michelle,Gass,CEO,2018-05-16,2022-12-02
025283,45235,2020.0,Michelle,Gass,CEO,2018-05-16,2022-12-02
025283,45235,2021.0,Michelle,Gass,CEO,2018-05-16,2022-12-02
025283,45235,2022.0,Michelle,Gass,CEO,2018-05-16,2022-12-02
025340,46759,2017.0,David,Auld,CEO,2014-10-01,2023-10-01
025340,46759,2018.0,David,Auld,CEO,2014-10-01,2023-10-01
025340,46759,2019.0,David,Auld,CEO,2014-10-01,2023-10-01
025340,46759,2020.0,David,Auld,CEO,2014-10-01,2023-10-01
025340,46759,2021.0,David,Auld,CEO,2014-10-01,2023-10-01
025340,46759,2022.0,David,Auld,CEO,2014-10-01,2023-10-01
025340,46759,2023.0,David,Auld,CEO,2014-10-01,2023-10-01
025340,62532,2024.0,Paul,Romanowski,CEO,2023-10-01,
025434,00887,2017.0,Howard,Schultz,CEO,2008-01-01,2023-03-20
025434,27193,2018.0,Kevin,Johnson,CEO,2017-04-03,2022-04-04
025434,27193,2019.0,Kevin,Johnson,CEO,2017-04-03,2022-04-04
025434,27193,2020.0,Kevin,Johnson,CEO,2017-04-03,2022-04-04
025434,27193,2021.0,Kevin,Johnson,CEO,2017-04-03,2022-04-04
025434,27193,2022.0,Kevin,Johnson,CEO,2017-04-03,2022-04-04
025434,55910,2023.0,Laxman,Narasimhan,CEO,2023-03-20,2024-08-13
025434,55910,2024.0,Laxman,Narasimhan,CEO,2023-03-20,2024-08-13
025880,08591,2017.0,James,Wiltz,CEO,2005-05-31,2017-11-20
025880,55525,2018.0,Mark,Walchirk,CEO,2017-11-20,2022-10-12
025880,55525,2019.0,Mark,Walchirk,CEO,2017-11-20,2022-10-12
025880,55525,2020.0,Mark,Walchirk,CEO,2017-11-20,2022-10-12
025880,55525,2021.0,Mark,Walchirk,CEO,2017-11-20,2022-10-12
025880,43937,2022.0,Donald,Zurbay,CEO,2022-10-12,2025-04-01
025880,43937,2023.0,Donald,Zurbay,CEO,2022-10-12,2025-04-01
026156,05706,2017.0,Margaret,Whitman,CEO,2015-11-01,2018-02-01
026156,05706,2018.0,Margaret,Whitman,CEO,2015-11-01,2018-02-01
026156,48608,2019.0,Antonio,Neri,CEO,2018-02-01,
026156,48608,2020.0,Antonio,Neri,CEO,2018-02-01,
026156,48608,2021.0,Antonio,Neri,CEO,2018-02-01,
026156,48608,2022.0,Antonio,Neri,CEO,2018-02-01,
026156,48608,2023.0,Antonio,Neri,CEO,2018-02-01,
026156,48608,2024.0,Antonio,Neri,CEO,2018-02-01,
026590,31086,2017.0,James,Lico,CEO,2016-07-01,2025-06-28
026590,31086,2018.0,James,Lico,CEO,2016-07-01,2025-06-28
026590,31086,2019.0,James,Lico,CEO,2016-07-01,2025-06-28
026590,31086,2020.0,James,Lico,CEO,2016-07-01,2025-06-28
026590,31086,2021.0,James,Lico,CEO,2016-07-01,2025-06-28
026590,31086,2022.0,James,Lico,CEO,2016-07-01,2025-06-28
026590,31086,2023.0,James,Lico,CEO,2016-07-01,2025-06-28
026590,31086,2024.0,James,Lico,CEO,2016-07-01,2025-06-28
027786,41626,2022.0,Domenic,"Dell'Osso, Jr.",CEO,2021-10-11,2026-02-09
027786,41626,2023.0,Domenic,"Dell'Osso, Jr.",CEO,2021-10-11,2026-02-09
027786,41626,2024.0,Domenic,"Dell'Osso, Jr.",CEO,2021-10-11,2026-02-09
027786,46256,2017.0,Robert,Lawler,CEO,2013-06-17,2021-04-30
027786,46256,2018.0,Robert,Lawler,CEO,2013-06-17,2021-04-30
027786,46256,2019.0,Robert,Lawler,CEO,2013-06-17,2021-04-30
027786,46256,2020.0,Robert,Lawler,CEO,2013-06-17,2021-04-30
027786,61863,2021.0,Michael,Wichterich,CEO,2026-02-09,
027928,28880,2017.0,Brad,Smith,CEO,2008-01-01,2018-12-31
027928,28880,2018.0,Brad,Smith,CEO,2008-01-01,2018-12-31
027928,34210,2019.0,Sasan,Goodarzi,CEO,2019-01-01,
027928,34210,2020.0,Sasan,Goodarzi,CEO,2019-01-01,
027928,34210,2021.0,Sasan,Goodarzi,CEO,2019-01-01,
027928,34210,2022.0,Sasan,Goodarzi,CEO,2019-01-01,
027928,34210,2023.0,Sasan,Goodarzi,CEO,2019-01-01,
027928,34210,2024.0,Sasan,Goodarzi,CEO,2019-01-01,
027965,07634,2017.0,Stephen,Sanghi,CEO,2024-11-18,
027965,07634,2018.0,Stephen,Sanghi,CEO,2024-11-18,
027965,07634,2019.0,Stephen,Sanghi,CEO,2024-11-18,
027965,07634,2020.0,Stephen,Sanghi,CEO,2024-11-18,
027965,27067,2021.0,Ganesh,Moorthy,CEO,2021-03-01,2024-11-18
027965,27067,2022.0,Ganesh,Moorthy,CEO,2021-03-01,2024-11-18
027965,27067,2023.0,Ganesh,Moorthy,CEO,2021-03-01,2024-11-18
027965,27067,2024.0,Ganesh,Moorthy,CEO,2021-03-01,2024-11-18
028180,19277,2017.0,Gregory,Henslee,CEO,2005-02-01,2018-05-01
028180,19277,2018.0,Gregory,Henslee,CEO,2005-02-01,2018-05-01
028180,48768,2019.0,Gregory,Johnson,CEO,2018-05-08,2024-01-31
028180,48768,2020.0,Gregory,Johnson,CEO,2018-05-08,2024-01-31
028180,48768,2021.0,Gregory,Johnson,CEO,2018-05-08,2024-01-31
028180,48768,2022.0,Gregory,Johnson,CEO,2018-05-08,2024-01-31
028180,48768,2023.0,Gregory,Johnson,CEO,2018-05-08,2024-01-31
028180,61522,2024.0,Brad,Beckham,CEO,2024-01-31,
028191,46763,2022.0,Jason,Liberty,CEO,2022-01-03,
028191,46763,2023.0,Jason,Liberty,CEO,2022-01-03,
028191,46763,2024.0,Jason,Liberty,CEO,2022-01-03,
028191,46764,2017.0,Richard,Fain,CEO,1988-04-01,2022-01-03
028191,46764,2018.0,Richard,Fain,CEO,1988-04-01,2022-01-03
028191,46764,2019.0,Richard,Fain,CEO,1988-04-01,2022-01-03
028191,46764,2020.0,Richard,Fain,CEO,1988-04-01,2022-01-03
028191,46764,2021.0,Richard,Fain,CEO,1988-04-01,2022-01-03
028192,40915,2017.0,David,Hess,CEO,2017-04-17,2018-01-15
028192,57926,2018.0,Charles,"Blankenship, Jr.",CEO,2018-01-15,2019-02-06
028192,59000,2019.0,John,"Plant, FCA",CEO,2020-04-01,2021-10-01
028192,59000,2020.0,John,"Plant, FCA",CEO,2020-04-01,2021-10-01
028192,59000,2021.0,John,"Plant, FCA",CEO,2020-04-01,2021-10-01
028192,59000,2022.0,John,"Plant, FCA",CEO,2020-04-01,2021-10-01
028192,59000,2023.0,John,"Plant, FCA",CEO,2020-04-01,2021-10-01
028192,59000,2024.0,John,"Plant, FCA",CEO,2020-04-01,2021-10-01
028742,42879,2017.0,James,Verrier,CEO,2013-01-01,2018-08-01
028742,42879,2018.0,James,Verrier,CEO,2013-01-01,2018-08-01
028742,45571,2019.0,Frederic,Lissalde,CEO,2018-08-01,2025-02-06
028742,45571,2020.0,Frederic,Lissalde,CEO,2018-08-01,2025-02-06
028742,45571,2021.0,Frederic,Lissalde,CEO,2018-08-01,2025-02-06
028742,45571,2022.0,Frederic,Lissalde,CEO,2018-08-01,2025-02-06
028742,45571,2023.0,Frederic,Lissalde,CEO,2018-08-01,2025-02-06
028742,45571,2024.0,Frederic,Lissalde,CEO,2018-08-01,2025-02-06
028930,20993,2017.0,Arne,"Sorenson, J.D.",CEO,2012-03-31,2021-02-15
028930,20993,2018.0,Arne,"Sorenson, J.D.",CEO,2012-03-31,2021-02-15
028930,20993,2019.0,Arne,"Sorenson, J.D.",CEO,2012-03-31,2021-02-15
028930,20993,2020.0,Arne,"Sorenson, J.D.",CEO,2012-03-31,2021-02-15
028930,20993,2021.0,Arne,"Sorenson, J.D.",CEO,2012-03-31,2021-02-15
028930,42880,2022.0,Anthony,"Capuano, Jr.",CEO,2021-02-15,2021-02-23
028930,42880,2023.0,Anthony,"Capuano, Jr.",CEO,2021-02-15,2021-02-23
028930,42880,2024.0,Anthony,"Capuano, Jr.",CEO,2021-02-15,2021-02-23
029028,27325,2017.0,W.,Jelinek,CEO,2012-01-01,2024-01-01
029028,27325,2018.0,W.,Jelinek,CEO,2012-01-01,2024-01-01
029028,27325,2019.0,W.,Jelinek,CEO,2012-01-01,2024-01-01
029028,27325,2020.0,W.,Jelinek,CEO,2012-01-01,2024-01-01
029028,27325,2021.0,W.,Jelinek,CEO,2012-01-01,2024-01-01
029028,27325,2022.0,W.,Jelinek,CEO,2012-01-01,2024-01-01
029028,27325,2023.0,W.,Jelinek,CEO,2012-01-01,2024-01-01
029028,59199,2024.0,Ron,Vachris,CEO,2024-01-01,
029127,47509,2017.0,Herve,Hoppenot,CEO,2014-01-13,2025-06-26
029127,47509,2018.0,Herve,Hoppenot,CEO,2014-01-13,2025-06-26
029127,47509,2019.0,Herve,Hoppenot,CEO,2014-01-13,2025-06-26
029127,47509,2020.0,Herve,Hoppenot,CEO,2014-01-13,2025-06-26
029127,47509,2021.0,Herve,Hoppenot,CEO,2014-01-13,2025-06-26
029127,47509,2022.0,Herve,Hoppenot,CEO,2014-01-13,2025-06-26
029127,47509,2023.0,Herve,Hoppenot,CEO,2014-01-13,2025-06-26
029127,47509,2024.0,Herve,Hoppenot,CEO,2014-01-13,2025-06-26
029392,32619,2017.0,Mark,Costa,CEO,2014-01-01,
029392,32619,2018.0,Mark,Costa,CEO,2014-01-01,
029392,32619,2019.0,Mark,Costa,CEO,2014-01-01,
029392,32619,2020.0,Mark,Costa,CEO,2014-01-01,
029392,32619,2021.0,Mark,Costa,CEO,2014-01-01,
029392,32619,2022.0,Mark,Costa,CEO,2014-01-01,
029392,32619,2023.0,Mark,Costa,CEO,2014-01-01,
029392,32619,2024.0,Mark,Costa,CEO,2014-01-01,
029392,60155,2020.0,William,"McLain, Jr.",CEO,,
029733,33192,2017.0,C.,"Nye, J.D.",CEO,2010-01-01,
029733,33192,2018.0,C.,"Nye, J.D.",CEO,2010-01-01,
029733,33192,2019.0,C.,"Nye, J.D.",CEO,2010-01-01,
029733,33192,2020.0,C.,"Nye, J.D.",CEO,2010-01-01,
029733,33192,2021.0,C.,"Nye, J.D.",CEO,2010-01-01,
029733,33192,2022.0,C.,"Nye, J.D.",CEO,2010-01-01,
029733,33192,2023.0,C.,"Nye, J.D.",CEO,2010-01-01,
029733,33192,2024.0,C.,"Nye, J.D.",CEO,2010-01-01,
029736,28409,2017.0,Gregory,Sandfort,CEO,2012-12-01,2020-01-12
029736,28409,2018.0,Gregory,Sandfort,CEO,2012-12-01,2020-01-12
029736,28409,2019.0,Gregory,Sandfort,CEO,2012-12-01,2020-01-12
029736,49417,2020.0,Harry,"Lawton, III",CEO,2020-01-13,
029736,49417,2021.0,Harry,"Lawton, III",CEO,2020-01-13,
029736,49417,2022.0,Harry,"Lawton, III",CEO,2020-01-13,
029736,49417,2023.0,Harry,"Lawton, III",CEO,2020-01-13,
029736,49417,2024.0,Harry,"Lawton, III",CEO,2020-01-13,
029751,29189,2017.0,Luther,"Kissam, IV",CEO,2011-09-01,2020-04-20
029751,29189,2018.0,Luther,"Kissam, IV",CEO,2011-09-01,2020-04-20
029751,29189,2019.0,Luther,"Kissam, IV",CEO,2011-09-01,2020-04-20
029751,42495,2020.0,Jerry,"Masters, Jr.",CEO,2020-04-20,
029751,42495,2021.0,Jerry,"Masters, Jr.",CEO,2020-04-20,
029751,42495,2022.0,Jerry,"Masters, Jr.",CEO,2020-04-20,
029751,42495,2023.0,Jerry,"Masters, Jr.",CEO,2020-04-20,
029751,42495,2024.0,Jerry,"Masters, Jr.",CEO,2020-04-20,
029830,25817,2017.0,Steven,Voorhees,CEO,,2021-03-15
029830,25817,2018.0,Steven,Voorhees,CEO,,2021-03-15
029830,25817,2019.0,Steven,Voorhees,CEO,,2021-03-15
029830,25817,2020.0,Steven,Voorhees,CEO,,2021-03-15
029830,55921,2021.0,David,Sewell,CEO,2021-03-15,2024-01-01
029830,55921,2022.0,David,Sewell,CEO,2021-03-15,2024-01-01
029830,55921,2023.0,David,Sewell,CEO,2021-03-15,2024-01-01
030923,28425,2017.0,Thierry,Pilenko,CEO,2007-04-27,
030923,44526,2018.0,Douglas,Pferdehirt,CEO,2017-01-11,
030923,44526,2019.0,Douglas,Pferdehirt,CEO,2017-01-11,
030923,44526,2020.0,Douglas,Pferdehirt,CEO,2017-01-11,
030923,44526,2021.0,Douglas,Pferdehirt,CEO,2017-01-11,
030923,44526,2022.0,Douglas,Pferdehirt,CEO,2017-01-11,
030923,44526,2023.0,Douglas,Pferdehirt,CEO,2017-01-11,
030923,44526,2024.0,Douglas,Pferdehirt,CEO,2017-01-11,
030923,60175,2020.0,Arnaud,Pieton,CEO,,
031587,19397,2017.0,Bobby,Sasser,CEO,2004-01-01,2017-09-18
031587,31932,2018.0,Gary,Philbin,CEO,2017-09-18,2020-07-01
031587,31932,2019.0,Gary,Philbin,CEO,2017-09-18,2020-07-01
031587,55149,2020.0,Michael,Witynski,CEO,2020-07-01,2023-01-29
031587,55149,2021.0,Michael,Witynski,CEO,2020-07-01,2023-01-29
031587,55149,2022.0,Michael,Witynski,CEO,2020-07-01,2023-01-29
031587,21013,2023.0,Richard,Dreiling,CEO,2023-01-29,2024-11-03
031587,21013,2024.0,Richard,Dreiling,CEO,2023-01-29,2024-11-03
031673,20640,2017.0,Steven,Collis,CEO,2011-07-01,2024-10-01
031673,20640,2018.0,Steven,Collis,CEO,2011-07-01,2024-10-01
031673,20640,2019.0,Steven,Collis,CEO,2011-07-01,2024-10-01
031673,20640,2020.0,Steven,Collis,CEO,2011-07-01,2024-10-01
031673,20640,2021.0,Steven,Collis,CEO,2011-07-01,2024-10-01
031673,20640,2022.0,Steven,Collis,CEO,2011-07-01,2024-10-01
031673,20640,2023.0,Steven,Collis,CEO,2011-07-01,2024-10-01
031673,20640,2024.0,Steven,Collis,CEO,2011-07-01,2024-10-01
031846,20607,2017.0,Eugene,"Lee, Jr.",CEO,2014-10-14,2022-05-29
031846,20607,2018.0,Eugene,"Lee, Jr.",CEO,2014-10-14,2022-05-29
031846,20607,2019.0,Eugene,"Lee, Jr.",CEO,2014-10-14,2022-05-29
031846,20607,2020.0,Eugene,"Lee, Jr.",CEO,2014-10-14,2022-05-29
031846,20607,2021.0,Eugene,"Lee, Jr.",CEO,2014-10-14,2022-05-29
031846,50105,2022.0,Ricardo,"Cardenas, CPA",CEO,2022-05-30,
031846,50105,2023.0,Ricardo,"Cardenas, CPA",CEO,2022-05-30,
031846,50105,2024.0,Ricardo,"Cardenas, CPA",CEO,2022-05-30,
031887,45029,2017.0,Michael,"Farrell, BE, MBA, SM",CEO,2013-03-01,
031887,45029,2018.0,Michael,"Farrell, BE, MBA, SM",CEO,2013-03-01,
031887,45029,2019.0,Michael,"Farrell, BE, MBA, SM",CEO,2013-03-01,
031887,45029,2020.0,Michael,"Farrell, BE, MBA, SM",CEO,2013-03-01,
031887,45029,2021.0,Michael,"Farrell, BE, MBA, SM",CEO,2013-03-01,
031887,45029,2022.0,Michael,"Farrell, BE, MBA, SM",CEO,2013-03-01,
031887,45029,2023.0,Michael,"Farrell, BE, MBA, SM",CEO,2013-03-01,
031887,45029,2024.0,Michael,"Farrell, BE, MBA, SM",CEO,2013-03-01,
032106,55154,2017.0,Lorenzo,Simonelli,CEO,2017-07-01,
032106,55154,2018.0,Lorenzo,Simonelli,CEO,2017-07-01,
032106,55154,2019.0,Lorenzo,Simonelli,CEO,2017-07-01,
032106,55154,2020.0,Lorenzo,Simonelli,CEO,2017-07-01,
032106,55154,2021.0,Lorenzo,Simonelli,CEO,2017-07-01,
032106,55154,2022.0,Lorenzo,Simonelli,CEO,2017-07-01,
032106,55154,2023.0,Lorenzo,Simonelli,CEO,2017-07-01,
032106,55154,2024.0,Lorenzo,Simonelli,CEO,2017-07-01,
060900,50684,2017.0,W.,Carlson,CEO,2017-12-05,2023-11-12
060900,50684,2018.0,W.,Carlson,CEO,2017-12-05,2023-11-12
060900,50684,2019.0,W.,Carlson,CEO,2017-12-05,2023-11-12
060900,50684,2020.0,W.,Carlson,CEO,2017-12-05,2023-11-12
060900,50684,2021.0,W.,Carlson,CEO,2017-12-05,2023-11-12
060900,50684,2022.0,W.,Carlson,CEO,2017-12-05,2023-11-12
061483,07568,2017.0,Kent,Thiry,CEO,1999-10-18,2019-06-01
061483,07568,2018.0,Kent,Thiry,CEO,1999-10-18,2019-06-01
061483,32967,2019.0,Javier,Rodriguez,CEO,2019-06-01,
061483,32967,2020.0,Javier,Rodriguez,CEO,2019-06-01,
061483,32967,2021.0,Javier,Rodriguez,CEO,2019-06-01,
061483,32967,2022.0,Javier,Rodriguez,CEO,2019-06-01,
061483,32967,2023.0,Javier,Rodriguez,CEO,2019-06-01,
061483,32967,2024.0,Javier,Rodriguez,CEO,2019-06-01,
061494,22703,2017.0,Stanley,"Bergman, C.P.A.",CEO,1989-01-01,2026-03-01
061494,22703,2018.0,Stanley,"Bergman, C.P.A.",CEO,1989-01-01,2026-03-01
061494,22703,2019.0,Stanley,"Bergman, C.P.A.",CEO,1989-01-01,2026-03-01
061494,22703,2020.0,Stanley,"Bergman, C.P.A.",CEO,1989-01-01,2026-03-01
061494,22703,2021.0,Stanley,"Bergman, C.P.A.",CEO,1989-01-01,2026-03-01
061494,22703,2022.0,Stanley,"Bergman, C.P.A.",CEO,1989-01-01,2026-03-01
061494,22703,2023.0,Stanley,"Bergman, C.P.A.",CEO,1989-01-01,2026-03-01
061494,22703,2024.0,Stanley,"Bergman, C.P.A.",CEO,1989-01-01,2026-03-01
061567,36245,2017.0,Fabrizio,Freda,CEO,2009-07-01,2025-01-01
061567,36245,2018.0,Fabrizio,Freda,CEO,2009-07-01,2025-01-01
061567,36245,2019.0,Fabrizio,Freda,CEO,2009-07-01,2025-01-01
061567,36245,2020.0,Fabrizio,Freda,CEO,2009-07-01,2025-01-01
061567,36245,2021.0,Fabrizio,Freda,CEO,2009-07-01,2025-01-01
061567,36245,2022.0,Fabrizio,Freda,CEO,2009-07-01,2025-01-01
061567,36245,2023.0,Fabrizio,Freda,CEO,2009-07-01,2025-01-01
061567,36245,2024.0,Fabrizio,Freda,CEO,2009-07-01,2025-01-01
061574,40311,2017.0,Christopher,O'Connell,CEO,2015-09-08,2020-09-01
061574,40311,2018.0,Christopher,O'Connell,CEO,2015-09-08,2020-09-01
061574,40311,2019.0,Christopher,O'Connell,CEO,2015-09-08,2020-09-01
061574,40311,2020.0,Christopher,O'Connell,CEO,2015-09-08,2020-09-01
061574,60233,2021.0,Udit,"Batra, Ph.D.",CEO,2020-09-01,
061574,60233,2022.0,Udit,"Batra, Ph.D.",CEO,2020-09-01,
061574,60233,2023.0,Udit,"Batra, Ph.D.",CEO,2020-09-01,
061574,60233,2024.0,Udit,"Batra, Ph.D.",CEO,2020-09-01,
061591,46535,2017.0,George,Kurian,CEO,2015-06-01,
061591,46535,2018.0,George,Kurian,CEO,2015-06-01,
061591,46535,2019.0,George,Kurian,CEO,2015-06-01,
061591,46535,2020.0,George,Kurian,CEO,2015-06-01,
061591,46535,2021.0,George,Kurian,CEO,2015-06-01,
061591,46535,2022.0,George,Kurian,CEO,2015-06-01,
061591,46535,2023.0,George,Kurian,CEO,2015-06-01,
061591,46535,2024.0,George,Kurian,CEO,2015-06-01,
063080,41809,2017.0,Ajei,"Gopal, Ph.D.",CEO,2017-01-01,
063080,41809,2018.0,Ajei,"Gopal, Ph.D.",CEO,2017-01-01,
063080,41809,2019.0,Ajei,"Gopal, Ph.D.",CEO,2017-01-01,
063080,41809,2020.0,Ajei,"Gopal, Ph.D.",CEO,2017-01-01,
063080,41809,2021.0,Ajei,"Gopal, Ph.D.",CEO,2017-01-01,
063080,41809,2022.0,Ajei,"Gopal, Ph.D.",CEO,2017-01-01,
063080,41809,2023.0,Ajei,"Gopal, Ph.D.",CEO,2017-01-01,
063080,41809,2024.0,Ajei,"Gopal, Ph.D.",CEO,2017-01-01,
063527,42933,2017.0,Charles,Alutto,CEO,2013-01-01,
063527,42933,2018.0,Charles,Alutto,CEO,2013-01-01,
063527,42933,2019.0,Charles,Alutto,CEO,2013-01-01,
063527,56633,2020.0,Cindy,Miller,CEO,2019-05-02,2024-11-04
063527,56633,2021.0,Cindy,Miller,CEO,2019-05-02,2024-11-04
063527,56633,2022.0,Cindy,Miller,CEO,2019-05-02,2024-11-04
063527,56633,2023.0,Cindy,Miller,CEO,2019-05-02,2024-11-04
063892,15037,2017.0,Clay,Williams,CEO,2014-02-27,2026-01-01
063892,15037,2018.0,Clay,Williams,CEO,2014-02-27,2026-01-01
063892,15037,2019.0,Clay,Williams,CEO,2014-02-27,2026-01-01
063892,15037,2020.0,Clay,Williams,CEO,2014-02-27,2026-01-01
063892,15037,2021.0,Clay,Williams,CEO,2014-02-27,2026-01-01
063892,15037,2022.0,Clay,Williams,CEO,2014-02-27,2026-01-01
063892,15037,2023.0,Clay,Williams,CEO,2014-02-27,2026-01-01
063892,15037,2024.0,Clay,Williams,CEO,2014-02-27,2026-01-01
064166,44478,2017.0,Stephen,Rusckowski,CEO,2012-05-01,2022-11-01
064166,44478,2018.0,Stephen,Rusckowski,CEO,2012-05-01,2022-11-01
064166,44478,2019.0,Stephen,Rusckowski,CEO,2012-05-01,2022-11-01
064166,44478,2020.0,Stephen,Rusckowski,CEO,2012-05-01,2022-11-01
064166,44478,2021.0,Stephen,Rusckowski,CEO,2012-05-01,2022-11-01
064166,44478,2022.0,Stephen,Rusckowski,CEO,2012-05-01,2022-11-01
064166,47575,2023.0,James,Davis,CEO,2022-11-01,
064166,47575,2024.0,James,Davis,CEO,2022-11-01,
064410,44719,2017.0,William,"Nash, CPA",CEO,2016-09-01,2025-12-01
064410,44719,2018.0,William,"Nash, CPA",CEO,2016-09-01,2025-12-01
064410,44719,2020.0,William,"Nash, CPA",CEO,2016-09-01,2025-12-01
064410,44719,2021.0,William,"Nash, CPA",CEO,2016-09-01,2025-12-01
064410,44719,2022.0,William,"Nash, CPA",CEO,2016-09-01,2025-12-01
064410,44719,2023.0,William,"Nash, CPA",CEO,2016-09-01,2025-12-01
064410,44719,2024.0,William,"Nash, CPA",CEO,2016-09-01,2025-12-01
064410,35825,2020.0,David,McCreight,CEO,2025-12-01,2026-03-16
064768,15055,2017.0,Jeffrey,Bezos,CEO,1996-05-01,2021-07-05
064768,15055,2018.0,Jeffrey,Bezos,CEO,1996-05-01,2021-07-05
064768,15055,2019.0,Jeffrey,Bezos,CEO,1996-05-01,2021-07-05
064768,15055,2020.0,Jeffrey,Bezos,CEO,1996-05-01,2021-07-05
064768,15055,2021.0,Jeffrey,Bezos,CEO,1996-05-01,2021-07-05
064768,41663,2022.0,Andrew,Jassy,CEO,2021-07-05,
064768,41663,2023.0,Andrew,Jassy,CEO,2021-07-05,
064768,41663,2024.0,Andrew,Jassy,CEO,2021-07-05,
064853,22024,2017.0,Robert,Bruggeworth,CEO,2013-12-01,
064853,22024,2018.0,Robert,Bruggeworth,CEO,2013-12-01,
064853,22024,2019.0,Robert,Bruggeworth,CEO,2013-12-01,
064853,22024,2020.0,Robert,Bruggeworth,CEO,2013-12-01,
064853,22024,2021.0,Robert,Bruggeworth,CEO,2013-12-01,
064853,22024,2022.0,Robert,Bruggeworth,CEO,2013-12-01,
064853,22024,2023.0,Robert,Bruggeworth,CEO,2013-12-01,
064853,22024,2024.0,Robert,Bruggeworth,CEO,2013-12-01,
064891,49970,2017.0,Patrice Jean,Louvet,CEO,2017-07-17,
064891,49970,2018.0,Patrice Jean,Louvet,CEO,2017-07-17,
064891,49970,2019.0,Patrice Jean,Louvet,CEO,2017-07-17,
064891,49970,2020.0,Patrice Jean,Louvet,CEO,2017-07-17,
064891,49970,2021.0,Patrice Jean,Louvet,CEO,2017-07-17,
064891,49970,2022.0,Patrice Jean,Louvet,CEO,2017-07-17,
064891,49970,2023.0,Patrice Jean,Louvet,CEO,2017-07-17,
064891,49970,2024.0,Patrice Jean,Louvet,CEO,2017-07-17,
065417,35330,2017.0,Greg,Creed,CEO,2015-01-01,2019-12-31
065417,35330,2018.0,Greg,Creed,CEO,2015-01-01,2019-12-31
065417,35330,2019.0,Greg,Creed,CEO,2015-01-01,2019-12-31
065417,51216,2020.0,David,Gibbs,CEO,2020-01-01,2025-10-01
065417,51216,2021.0,David,Gibbs,CEO,2020-01-01,2025-10-01
065417,51216,2022.0,David,Gibbs,CEO,2020-01-01,2025-10-01
065417,51216,2023.0,David,Gibbs,CEO,2020-01-01,2025-10-01
065417,51216,2024.0,David,Gibbs,CEO,2020-01-01,2025-10-01
065609,19034,2017.0,John,Wiehoff,CEO,2002-05-01,2019-01-01
065609,19034,2018.0,John,Wiehoff,CEO,2002-05-01,2019-01-01
065609,54632,2019.0,Robert,"Biesterfeld, Jr.",CEO,2019-05-09,2022-12-31
065609,54632,2020.0,Robert,"Biesterfeld, Jr.",CEO,2019-05-09,2022-12-31
065609,54632,2021.0,Robert,"Biesterfeld, Jr.",CEO,2019-05-09,2022-12-31
065609,54632,2022.0,Robert,"Biesterfeld, Jr.",CEO,2019-05-09,2022-12-31
065609,51376,2023.0,David,Bozeman,CEO,2023-06-26,
065609,51376,2024.0,David,Bozeman,CEO,2023-06-26,
065772,25466,2017.0,Olivier,"Filliol, Ph.D.",CEO,2008-01-01,2021-04-01
065772,25466,2018.0,Olivier,"Filliol, Ph.D.",CEO,2008-01-01,2021-04-01
065772,25466,2019.0,Olivier,"Filliol, Ph.D.",CEO,2008-01-01,2021-04-01
065772,25466,2020.0,Olivier,"Filliol, Ph.D.",CEO,2008-01-01,2021-04-01
065772,48832,2021.0,Patrick,Kaltenbach,CEO,2021-04-01,
065772,48832,2022.0,Patrick,Kaltenbach,CEO,2021-04-01,
065772,48832,2023.0,Patrick,Kaltenbach,CEO,2021-04-01,
065772,48832,2024.0,Patrick,Kaltenbach,CEO,2021-04-01,
066065,26766,2017.0,Michael,Kneeland,CEO,2008-08-25,2019-05-08
066065,26766,2018.0,Michael,Kneeland,CEO,2008-08-25,2019-05-08
066065,41439,2019.0,Matthew,Flannery,CEO,2019-05-08,
066065,41439,2020.0,Matthew,Flannery,CEO,2019-05-08,
066065,41439,2021.0,Matthew,Flannery,CEO,2019-05-08,
066065,41439,2022.0,Matthew,Flannery,CEO,2019-05-08,
066065,41439,2023.0,Matthew,Flannery,CEO,2019-05-08,
066065,41439,2024.0,Matthew,Flannery,CEO,2019-05-08,
066368,35374,2017.0,D.,Bidzos,CEO,2008-07-01,2009-08-01
066368,35374,2018.0,D.,Bidzos,CEO,2008-07-01,2009-08-01
066368,35374,2019.0,D.,Bidzos,CEO,2008-07-01,2009-08-01
066368,35374,2020.0,D.,Bidzos,CEO,2008-07-01,2009-08-01
066368,35374,2021.0,D.,Bidzos,CEO,2008-07-01,2009-08-01
066368,35374,2022.0,D.,Bidzos,CEO,2008-07-01,2009-08-01
066368,35374,2023.0,D.,Bidzos,CEO,2008-07-01,2009-08-01
066368,35374,2024.0,D.,Bidzos,CEO,2008-07-01,2009-08-01
066446,42973,2017.0,Earl,"Austin, Jr.",CEO,2016-03-14,
066446,42973,2018.0,Earl,"Austin, Jr.",CEO,2016-03-14,
066446,42973,2019.0,Earl,"Austin, Jr.",CEO,2016-03-14,
066446,42973,2020.0,Earl,"Austin, Jr.",CEO,2016-03-14,
066446,42973,2021.0,Earl,"Austin, Jr.",CEO,2016-03-14,
066446,42973,2022.0,Earl,"Austin, Jr.",CEO,2016-03-14,
066446,42973,2023.0,Earl,"Austin, Jr.",CEO,2016-03-14,
066446,42973,2024.0,Earl,"Austin, Jr.",CEO,2016-03-14,
104432,51882,2017.0,Frank,Del Rio,CEO,2015-01-08,2023-06-30
104432,51882,2018.0,Frank,Del Rio,CEO,2015-01-08,2023-06-30
104432,51882,2019.0,Frank,Del Rio,CEO,2015-01-08,2023-06-30
104432,51882,2020.0,Frank,Del Rio,CEO,2015-01-08,2023-06-30
104432,51882,2021.0,Frank,Del Rio,CEO,2015-01-08,2023-06-30
104432,51882,2022.0,Frank,Del Rio,CEO,2015-01-08,2023-06-30
104432,60301,2023.0,Harry,Sommer,CEO,2023-07-01,2026-02-12
104432,60301,2024.0,Harry,Sommer,CEO,2023-07-01,2026-02-12
111864,26787,2017.0,Francisco,D'Souza,CEO,2007-01-01,2019-03-31
111864,26787,2018.0,Francisco,D'Souza,CEO,2007-01-01,2019-03-31
111864,58422,2019.0,Brian,Humphries,CEO,2019-04-01,2023-01-12
111864,58422,2020.0,Brian,Humphries,CEO,2019-04-01,2023-01-12
111864,58422,2021.0,Brian,Humphries,CEO,2019-04-01,2023-01-12
111864,58422,2022.0,Brian,Humphries,CEO,2019-04-01,2023-01-12
111864,65377,2023.0,Ravi,Singisetti,CEO,2023-01-12,
111864,65377,2024.0,Ravi,Singisetti,CEO,2023-01-12,
112168,17063,2017.0,Donald,Slager,CEO,2011-01-01,2021-06-25
112168,17063,2018.0,Donald,Slager,CEO,2011-01-01,2021-06-25
112168,17063,2019.0,Donald,Slager,CEO,2011-01-01,2021-06-25
112168,17063,2020.0,Donald,Slager,CEO,2011-01-01,2021-06-25
112168,56649,2021.0,Jon,Vander Ark,CEO,2021-06-25,
112168,56649,2022.0,Jon,Vander Ark,CEO,2021-06-25,
112168,56649,2023.0,Jon,Vander Ark,CEO,2021-06-25,
112168,56649,2024.0,Jon,Vander Ark,CEO,2021-06-25,
114524,42986,2017.0,Devin,"Wenig, J.D.",CEO,2015-07-17,2019-09-24
114524,42986,2018.0,Devin,"Wenig, J.D.",CEO,2015-07-17,2019-09-24
114524,42986,2019.0,Devin,"Wenig, J.D.",CEO,2015-07-17,2019-09-24
114524,45005,2020.0,Jamie,Iannone,CEO,2020-04-27,
114524,45005,2021.0,Jamie,Iannone,CEO,2020-04-27,
114524,45005,2022.0,Jamie,Iannone,CEO,2020-04-27,
114524,45005,2023.0,Jamie,Iannone,CEO,2020-04-27,
114524,45005,2024.0,Jamie,Iannone,CEO,2020-04-27,
117768,19583,2017.0,Jen-Hsun,Huang,CEO,1993-04-01,
117768,19583,2018.0,Jen-Hsun,Huang,CEO,1993-04-01,
117768,19583,2019.0,Jen-Hsun,Huang,CEO,1993-04-01,
117768,19583,2020.0,Jen-Hsun,Huang,CEO,1993-04-01,
117768,19583,2021.0,Jen-Hsun,Huang,CEO,1993-04-01,
117768,19583,2022.0,Jen-Hsun,Huang,CEO,1993-04-01,
117768,19583,2023.0,Jen-Hsun,Huang,CEO,1993-04-01,
117768,19583,2024.0,Jen-Hsun,Huang,CEO,1993-04-01,
118122,22057,2017.0,Kevin,Clark,CEO,2015-03-01,
118122,22057,2018.0,Kevin,Clark,CEO,2015-03-01,
118122,22057,2019.0,Kevin,Clark,CEO,2015-03-01,
118122,22057,2020.0,Kevin,Clark,CEO,2015-03-01,
118122,22057,2021.0,Kevin,Clark,CEO,2015-03-01,
118122,22057,2022.0,Kevin,Clark,CEO,2015-03-01,
118122,22057,2023.0,Kevin,Clark,CEO,2015-03-01,
118122,22057,2024.0,Kevin,Clark,CEO,2015-03-01,
119314,43297,2017.0,Glenn,Fogel,CEO,2017-01-01,
119314,43297,2018.0,Glenn,Fogel,CEO,2017-01-01,
119314,43297,2019.0,Glenn,Fogel,CEO,2017-01-01,
119314,43297,2020.0,Glenn,Fogel,CEO,2017-01-01,
119314,43297,2021.0,Glenn,Fogel,CEO,2017-01-01,
119314,43297,2022.0,Glenn,Fogel,CEO,2017-01-01,
119314,43297,2023.0,Glenn,Fogel,CEO,2017-01-01,
119314,43297,2024.0,Glenn,Fogel,CEO,2017-01-01,
121077,04247,2017.0,John,McAdam,CEO,2000-01-01,2017-04-01
121077,42945,2018.0,Francois,Locoh-Donou,CEO,2017-04-03,
121077,42945,2019.0,Francois,Locoh-Donou,CEO,2017-04-03,
121077,42945,2020.0,Francois,Locoh-Donou,CEO,2017-04-03,
121077,42945,2021.0,Francois,Locoh-Donou,CEO,2017-04-03,
121077,42945,2022.0,Francois,Locoh-Donou,CEO,2017-04-03,
121077,42945,2023.0,Francois,Locoh-Donou,CEO,2017-04-03,
121077,42945,2024.0,Francois,Locoh-Donou,CEO,2017-04-03,
121718,44513,2017.0,Rami,Rahim,CEO,2014-11-01,
121718,44513,2018.0,Rami,Rahim,CEO,2014-11-01,
121718,44513,2019.0,Rami,Rahim,CEO,2014-11-01,
121718,44513,2020.0,Rami,Rahim,CEO,2014-11-01,
121718,44513,2021.0,Rami,Rahim,CEO,2014-11-01,
121718,44513,2022.0,Rami,Rahim,CEO,2014-11-01,
121718,44513,2023.0,Rami,Rahim,CEO,2014-11-01,
121718,44513,2024.0,Rami,Rahim,CEO,2014-11-01,
125595,46050,2017.0,F.,Leighton,CEO,2013-01-01,
125595,46050,2018.0,F.,Leighton,CEO,2013-01-01,
125595,46050,2019.0,F.,Leighton,CEO,2013-01-01,
125595,46050,2020.0,F.,Leighton,CEO,2013-01-01,
125595,46050,2021.0,F.,Leighton,CEO,2013-01-01,
125595,46050,2022.0,F.,Leighton,CEO,2013-01-01,
125595,46050,2023.0,F.,Leighton,CEO,2013-01-01,
125595,46050,2024.0,F.,Leighton,CEO,2013-01-01,
126136,50136,2023.0,Christopher,Winfrey,CEO,2022-12-01,
126136,50136,2024.0,Christopher,Winfrey,CEO,2022-12-01,
126136,40632,2017.0,Thomas,Rutledge,CEO,2012-02-13,2022-12-01
126136,40632,2018.0,Thomas,Rutledge,CEO,2012-02-13,2022-12-01
126136,40632,2019.0,Thomas,Rutledge,CEO,2012-02-13,2022-12-01
126136,40632,2020.0,Thomas,Rutledge,CEO,2012-02-13,2022-12-01
126136,40632,2021.0,Thomas,Rutledge,CEO,2012-02-13,2022-12-01
126136,40632,2022.0,Thomas,Rutledge,CEO,2012-02-13,2022-12-01
126296,16588,2017.0,Dara,Khosrowshahi,CEO,2005-08-09,2017-08-30
126296,43301,2018.0,Mark,"Okerstrom, J.D.",CEO,2017-08-31,2019-12-04
126296,43301,2019.0,Mark,"Okerstrom, J.D.",CEO,2017-08-31,2019-12-04
126296,54178,2020.0,Peter,Kern,CEO,2020-04-01,2024-05-13
126296,54178,2021.0,Peter,Kern,CEO,2020-04-01,2024-05-13
126296,54178,2022.0,Peter,Kern,CEO,2020-04-01,2024-05-13
126296,54178,2023.0,Peter,Kern,CEO,2020-04-01,2024-05-13
126296,67454,2024.0,Ariane,Gorin,CEO,2024-05-13,
126554,37687,2017.0,Michael,McMullen,CEO,2015-03-18,2024-05-01
126554,37687,2018.0,Michael,McMullen,CEO,2015-03-18,2024-05-01
126554,37687,2019.0,Michael,McMullen,CEO,2015-03-18,2024-05-01
126554,37687,2020.0,Michael,McMullen,CEO,2015-03-18,2024-05-01
126554,37687,2021.0,Michael,McMullen,CEO,2015-03-18,2024-05-01
126554,37687,2022.0,Michael,McMullen,CEO,2015-03-18,2024-05-01
126554,37687,2023.0,Michael,McMullen,CEO,2015-03-18,2024-05-01
126554,61243,2024.0,Padraig,McDonnell,CEO,2024-05-01,
128978,22382,2017.0,Mark,Kowlzan,CEO,2010-07-01,
128978,22382,2018.0,Mark,Kowlzan,CEO,2010-07-01,
128978,22382,2019.0,Mark,Kowlzan,CEO,2010-07-01,
128978,22382,2020.0,Mark,Kowlzan,CEO,2010-07-01,
128978,22382,2021.0,Mark,Kowlzan,CEO,2010-07-01,
128978,22382,2022.0,Mark,Kowlzan,CEO,2010-07-01,
128978,22382,2023.0,Mark,Kowlzan,CEO,2010-07-01,
128978,22382,2024.0,Mark,Kowlzan,CEO,2010-07-01,
133366,12601,2017.0,Michael,Mussallem,CEO,2000-01-01,2023-05-11
133366,12601,2018.0,Michael,Mussallem,CEO,2000-01-01,2023-05-11
133366,12601,2019.0,Michael,Mussallem,CEO,2000-01-01,2023-05-11
133366,12601,2020.0,Michael,Mussallem,CEO,2000-01-01,2023-05-11
133366,12601,2021.0,Michael,Mussallem,CEO,2000-01-01,2023-05-11
133366,12601,2022.0,Michael,Mussallem,CEO,2000-01-01,2023-05-11
133366,63384,2023.0,Bernard,Zovighian,CEO,2023-05-11,
133366,63384,2024.0,Bernard,Zovighian,CEO,2023-05-11,
136725,28608,2017.0,Gary,"Guthart, Ph.D.",CEO,2010-01-01,2025-07-01
136725,28608,2018.0,Gary,"Guthart, Ph.D.",CEO,2010-01-01,2025-07-01
136725,28608,2019.0,Gary,"Guthart, Ph.D.",CEO,2010-01-01,2025-07-01
136725,28608,2020.0,Gary,"Guthart, Ph.D.",CEO,2010-01-01,2025-07-01
136725,28608,2021.0,Gary,"Guthart, Ph.D.",CEO,2010-01-01,2025-07-01
136725,28608,2022.0,Gary,"Guthart, Ph.D.",CEO,2010-01-01,2025-07-01
136725,28608,2023.0,Gary,"Guthart, Ph.D.",CEO,2010-01-01,2025-07-01
136725,28608,2024.0,Gary,"Guthart, Ph.D.",CEO,2010-01-01,2025-07-01
138205,43454,2017.0,Francis,deSouza,CEO,2016-07-05,2023-06-11
138205,43454,2018.0,Francis,deSouza,CEO,2016-07-05,2023-06-11
138205,43454,2019.0,Francis,deSouza,CEO,2016-07-05,2023-06-11
138205,43454,2020.0,Francis,deSouza,CEO,2016-07-05,2023-06-11
138205,43454,2021.0,Francis,deSouza,CEO,2016-07-05,2023-06-11
138205,43454,2022.0,Francis,deSouza,CEO,2016-07-05,2023-06-11
138205,43454,2023.0,Francis,deSouza,CEO,2016-07-05,2023-06-11
138205,50759,2024.0,Jacob,"Thaysen, Ph.D.",CEO,2023-09-25,
139665,20106,2017.0,Raymond,"McDaniel, Jr.",CEO,2005-04-26,2020-12-31
139665,20106,2018.0,Raymond,"McDaniel, Jr.",CEO,2005-04-26,2020-12-31
139665,20106,2019.0,Raymond,"McDaniel, Jr.",CEO,2005-04-26,2020-12-31
139665,20106,2020.0,Raymond,"McDaniel, Jr.",CEO,2005-04-26,2020-12-31
139665,50770,2021.0,Robert,Fauber,CEO,2021-01-01,
139665,50770,2022.0,Robert,Fauber,CEO,2021-01-01,
139665,50770,2023.0,Robert,Fauber,CEO,2021-01-01,
139665,50770,2024.0,Robert,Fauber,CEO,2021-01-01,
140541,45076,2017.0,Victor,Luis,CEO,2014-01-01,2019-09-03
140541,45076,2018.0,Victor,Luis,CEO,2014-01-01,2019-09-03
140541,45076,2019.0,Victor,Luis,CEO,2014-01-01,2019-09-03
140541,46571,2023.0,Todd,"Kahn, J.D.",CEO,,
140541,47858,2021.0,Joanne,Crevoiserat,CEO,2020-07-21,
140541,47858,2022.0,Joanne,Crevoiserat,CEO,2020-07-21,
140541,47858,2024.0,Joanne,Crevoiserat,CEO,2020-07-21,
140541,59232,2020.0,Jide,Zeitlin,CEO,2019-09-04,2020-07-20
141384,48843,2017.0,Joseph,Hogan,CEO,2015-06-01,
141384,48843,2018.0,Joseph,Hogan,CEO,2015-06-01,
141384,48843,2019.0,Joseph,Hogan,CEO,2015-06-01,
141384,48843,2020.0,Joseph,Hogan,CEO,2015-06-01,
141384,48843,2021.0,Joseph,Hogan,CEO,2015-06-01,
141384,48843,2022.0,Joseph,Hogan,CEO,2015-06-01,
141384,48843,2023.0,Joseph,Hogan,CEO,2015-06-01,
141384,48843,2024.0,Joseph,Hogan,CEO,2015-06-01,
141459,43797,2017.0,Clifton,Albert Pemble,CEO,2013-01-01,
141459,43797,2018.0,Clifton,Albert Pemble,CEO,2013-01-01,
141459,43797,2019.0,Clifton,Albert Pemble,CEO,2013-01-01,
141459,43797,2020.0,Clifton,Albert Pemble,CEO,2013-01-01,
141459,43797,2021.0,Clifton,Albert Pemble,CEO,2013-01-01,
141459,43797,2022.0,Clifton,Albert Pemble,CEO,2013-01-01,
141459,43797,2023.0,Clifton,Albert Pemble,CEO,2013-01-01,
141459,43797,2024.0,Clifton,Albert Pemble,CEO,2013-01-01,
141913,41989,2017.0,Jeffrey,"Sloan, J.D.",CEO,2013-10-01,2023-06-01
141913,41989,2018.0,Jeffrey,"Sloan, J.D.",CEO,2013-10-01,2023-06-01
141913,41989,2019.0,Jeffrey,"Sloan, J.D.",CEO,2013-10-01,2023-06-01
141913,41989,2020.0,Jeffrey,"Sloan, J.D.",CEO,2013-10-01,2023-06-01
141913,41989,2021.0,Jeffrey,"Sloan, J.D.",CEO,2013-10-01,2023-06-01
141913,41989,2022.0,Jeffrey,"Sloan, J.D.",CEO,2013-10-01,2023-06-01
141913,48288,2023.0,Cameron,"Bready, CPA",CEO,2023-06-01,
141913,48288,2024.0,Cameron,"Bready, CPA",CEO,2023-06-01,
142953,23077,2017.0,Irene,"Rosenfeld, Ph.D.",CEO,2006-06-26,2017-11-19
142953,55218,2018.0,Dirk,Van de Put,CEO,2017-11-20,
142953,55218,2019.0,Dirk,Van de Put,CEO,2017-11-20,
142953,55218,2020.0,Dirk,Van de Put,CEO,2017-11-20,
142953,55218,2021.0,Dirk,Van de Put,CEO,2017-11-20,
142953,55218,2022.0,Dirk,Van de Put,CEO,2017-11-20,
142953,55218,2023.0,Dirk,Van de Put,CEO,2017-11-20,
142953,55218,2024.0,Dirk,Van de Put,CEO,2017-11-20,
143357,42282,2017.0,Pierre,Nanterme,CEO,2011-01-01,2019-01-10
143357,42282,2018.0,Pierre,Nanterme,CEO,2011-01-01,2019-01-10
143357,45297,2019.0,David,Rowland,CEO,2019-01-10,2019-09-01
143357,48510,2020.0,Julie T.,"Sweet, J.D.",CEO,2019-09-01,
143357,48510,2021.0,Julie T.,"Sweet, J.D.",CEO,2019-09-01,
143357,48510,2022.0,Julie T.,"Sweet, J.D.",CEO,2019-09-01,
143357,48510,2023.0,Julie T.,"Sweet, J.D.",CEO,2019-09-01,
143357,48510,2024.0,Julie T.,"Sweet, J.D.",CEO,2019-09-01,
144559,13655,2017.0,David,"Dvorak, J.D.",CEO,2007-05-01,2017-07-11
144559,43149,2018.0,Bryan,Hanson,CEO,2017-12-19,2023-08-01
144559,43149,2019.0,Bryan,Hanson,CEO,2017-12-19,2023-08-01
144559,43149,2020.0,Bryan,Hanson,CEO,2017-12-19,2023-08-01
144559,43149,2021.0,Bryan,Hanson,CEO,2017-12-19,2023-08-01
144559,43149,2022.0,Bryan,Hanson,CEO,2017-12-19,2023-08-01
144559,43149,2023.0,Bryan,Hanson,CEO,2017-12-19,2023-08-01
144559,56681,2024.0,Ivan,Tornos,CEO,2023-08-22,
145977,48641,2017.0,Thomas,Greco,CEO,2016-04-11,2023-09-11
145977,48641,2018.0,Thomas,Greco,CEO,2016-04-11,2023-09-11
145977,48641,2019.0,Thomas,Greco,CEO,2016-04-11,2023-09-11
145977,48641,2020.0,Thomas,Greco,CEO,2016-04-11,2023-09-11
145977,48641,2021.0,Thomas,Greco,CEO,2016-04-11,2023-09-11
145977,48641,2022.0,Thomas,Greco,CEO,2016-04-11,2023-09-11
145977,48641,2023.0,Thomas,Greco,CEO,2016-04-11,2023-09-11
146017,11057,2017.0,Vernon,Nagel,CEO,2004-09-01,2020-01-31
146017,11057,2018.0,Vernon,Nagel,CEO,2004-09-01,2020-01-31
146017,11057,2019.0,Vernon,Nagel,CEO,2004-09-01,2020-01-31
146017,42694,2020.0,Neil,Ashe,CEO,2020-01-31,
146017,42694,2021.0,Neil,Ashe,CEO,2020-01-31,
146017,42694,2022.0,Neil,Ashe,CEO,2020-01-31,
146017,42694,2023.0,Neil,Ashe,CEO,2020-01-31,
146017,42694,2024.0,Neil,Ashe,CEO,2020-01-31,
147579,47898,2024.0,Gregory,Peters,CEO,2023-01-13,
147579,31461,2017.0,Wilmot,"Hastings, Jr.",CEO,1998-09-01,2023-01-13
147579,31461,2018.0,Wilmot,"Hastings, Jr.",CEO,1998-09-01,2023-01-13
147579,31461,2019.0,Wilmot,"Hastings, Jr.",CEO,1998-09-01,2023-01-13
147579,31461,2020.0,Wilmot,"Hastings, Jr.",CEO,1998-09-01,2023-01-13
147579,33368,2021.0,Theodore,Sarandos,CEO,2020-07-14,
147579,33368,2022.0,Theodore,Sarandos,CEO,2020-07-14,
147579,33368,2023.0,Theodore,Sarandos,CEO,2020-07-14,
148349,49893,2017.0,Walter,Howley,CEO,2003-01-01,2018-04-25
148349,49893,2018.0,Walter,Howley,CEO,2003-01-01,2018-04-25
148349,40318,2019.0,Kevin,"Stein, Ph.D.",CEO,2018-04-25,2025-09-30
148349,40318,2020.0,Kevin,"Stein, Ph.D.",CEO,2018-04-25,2025-09-30
148349,40318,2021.0,Kevin,"Stein, Ph.D.",CEO,2018-04-25,2025-09-30
148349,40318,2022.0,Kevin,"Stein, Ph.D.",CEO,2018-04-25,2025-09-30
148349,40318,2023.0,Kevin,"Stein, Ph.D.",CEO,2018-04-25,2025-09-30
148349,40318,2024.0,Kevin,"Stein, Ph.D.",CEO,2018-04-25,2025-09-30
149318,00643,2017.0,Stephen,Wynn,CEO,2002-06-01,2018-02-06
149318,35232,2018.0,Matthew,Maddox,CEO,2018-02-06,2022-01-31
149318,35232,2019.0,Matthew,Maddox,CEO,2018-02-06,2022-01-31
149318,35232,2020.0,Matthew,Maddox,CEO,2018-02-06,2022-01-31
149318,35232,2021.0,Matthew,Maddox,CEO,2018-02-06,2022-01-31
149318,54705,2022.0,Craig,Billings,CEO,2022-02-01,
149318,54705,2023.0,Craig,Billings,CEO,2022-02-01,
149318,54705,2024.0,Craig,Billings,CEO,2022-02-01,
150937,13950,2017.0,Stephen,Luczo,CEO,1998-07-01,2017-10-01
150937,36230,2018.0,William,"Mosley, Ph.D.",CEO,2017-10-01,
150937,36230,2019.0,William,"Mosley, Ph.D.",CEO,2017-10-01,
150937,36230,2020.0,William,"Mosley, Ph.D.",CEO,2017-10-01,
150937,36230,2021.0,William,"Mosley, Ph.D.",CEO,2017-10-01,
150937,36230,2022.0,William,"Mosley, Ph.D.",CEO,2017-10-01,
150937,36230,2023.0,William,"Mosley, Ph.D.",CEO,2017-10-01,
150937,36230,2024.0,William,"Mosley, Ph.D.",CEO,2017-10-01,
155394,48869,2017.0,Dominick,Zarcone,CEO,2017-06-01,2024-07-01
155394,48869,2018.0,Dominick,Zarcone,CEO,2017-06-01,2024-07-01
155394,48869,2019.0,Dominick,Zarcone,CEO,2017-06-01,2024-07-01
155394,48869,2020.0,Dominick,Zarcone,CEO,2017-06-01,2024-07-01
155394,48869,2021.0,Dominick,Zarcone,CEO,2017-06-01,2024-07-01
155394,48869,2022.0,Dominick,Zarcone,CEO,2017-06-01,2024-07-01
155394,48869,2023.0,Dominick,Zarcone,CEO,2017-06-01,2024-07-01
155394,58480,2024.0,Justin,Jude,CEO,2024-07-01,
157855,35712,2017.0,Marc,Benioff,CEO,2021-11-30,2023-01-31
157855,35712,2018.0,Marc,Benioff,CEO,2021-11-30,2023-01-31
157855,35712,2019.0,Marc,Benioff,CEO,2021-11-30,2023-01-31
157855,35712,2021.0,Marc,Benioff,CEO,2021-11-30,2023-01-31
157855,35712,2023.0,Marc,Benioff,CEO,2021-11-30,2023-01-31
157855,35712,2024.0,Marc,Benioff,CEO,2021-11-30,2023-01-31
157855,23585,2020.0,Keith,Block,CEO,2018-08-07,2020-02-01
157855,56955,2022.0,Bret,Taylor,CEO,2021-11-30,2023-01-31
160225,35245,2017.0,Ajaypal,Banga,CEO,2010-07-01,2021-01-01
160225,35245,2018.0,Ajaypal,Banga,CEO,2010-07-01,2021-01-01
160225,35245,2019.0,Ajaypal,Banga,CEO,2010-07-01,2021-01-01
160225,35245,2020.0,Ajaypal,Banga,CEO,2010-07-01,2021-01-01
160225,58730,2021.0,Michael,Miebach,CEO,2021-01-01,
160225,58730,2022.0,Michael,Miebach,CEO,2021-01-01,
160225,58730,2023.0,Michael,Miebach,CEO,2021-01-01,
160225,58730,2024.0,Michael,Miebach,CEO,2021-01-01,
160329,29840,2017.0,Lawrence,"Page, II",CEO,1998-09-01,2019-12-01
160329,29840,2018.0,Lawrence,"Page, II",CEO,1998-09-01,2019-12-01
160329,49515,2019.0,Sundar,Pichai,CEO,2019-12-01,
160329,49515,2020.0,Sundar,Pichai,CEO,2019-12-01,
160329,49515,2021.0,Sundar,Pichai,CEO,2019-12-01,
160329,49515,2022.0,Sundar,Pichai,CEO,2019-12-01,
160329,49515,2023.0,Sundar,Pichai,CEO,2019-12-01,
160329,49515,2024.0,Sundar,Pichai,CEO,2019-12-01,
162129,42302,2017.0,James,"ORourke, P.Eng.",CEO,2015-08-05,2023-12-31
162129,42302,2018.0,James,"ORourke, P.Eng.",CEO,2015-08-05,2023-12-31
162129,42302,2019.0,James,"ORourke, P.Eng.",CEO,2015-08-05,2023-12-31
162129,42302,2020.0,James,"ORourke, P.Eng.",CEO,2015-08-05,2023-12-31
162129,42302,2021.0,James,"ORourke, P.Eng.",CEO,2015-08-05,2023-12-31
162129,42302,2022.0,James,"ORourke, P.Eng.",CEO,2015-08-05,2023-12-31
162129,42302,2023.0,James,"ORourke, P.Eng.",CEO,2015-08-05,2023-12-31
162129,61691,2024.0,Bruce,"Bodine, Jr.",CEO,2024-01-01,
163946,39745,2017.0,W.,Will,CEO,2014-01-02,2026-01-04
163946,39745,2018.0,W.,Will,CEO,2014-01-02,2026-01-04
163946,39745,2019.0,W.,Will,CEO,2014-01-02,2026-01-04
163946,39745,2020.0,W.,Will,CEO,2014-01-02,2026-01-04
163946,39745,2021.0,W.,Will,CEO,2014-01-02,2026-01-04
163946,39745,2022.0,W.,Will,CEO,2014-01-02,2026-01-04
163946,39745,2023.0,W.,Will,CEO,2014-01-02,2026-01-04
163946,39745,2024.0,W.,Will,CEO,2014-01-02,2026-01-04
164296,37849,2017.0,David,Zaslav,CEO,2022-04-08,
164296,37849,2018.0,David,Zaslav,CEO,2022-04-08,
164296,37849,2019.0,David,Zaslav,CEO,2022-04-08,
164296,37849,2020.0,David,Zaslav,CEO,2022-04-08,
164296,37849,2021.0,David,Zaslav,CEO,2022-04-08,
164296,37849,2022.0,David,Zaslav,CEO,2022-04-08,
164296,37849,2023.0,David,Zaslav,CEO,2022-04-08,
164296,37849,2024.0,David,Zaslav,CEO,2022-04-08,
165052,34354,2017.0,Kevin,Plank,CEO,2024-04-01,
165052,34354,2018.0,Kevin,Plank,CEO,2024-04-01,
165052,34354,2019.0,Kevin,Plank,CEO,2024-04-01,
165052,34354,2024.0,Kevin,Plank,CEO,2024-04-01,
165052,51308,2022.0,Colin,Browne,CEO,2022-06-01,2023-02-27
165052,54781,2020.0,Patrik,Frisk,CEO,2020-01-01,2022-06-01
165052,54781,2021.0,Patrik,Frisk,CEO,2020-01-01,2022-06-01
165052,51133,2023.0,Stephanie,Linnartz,CEO,2023-02-27,2024-01-01
165993,35378,2017.0,Gary,Norcross,CEO,2015-01-01,2022-12-16
165993,35378,2018.0,Gary,Norcross,CEO,2015-01-01,2022-12-16
165993,35378,2019.0,Gary,Norcross,CEO,2015-01-01,2022-12-16
165993,35378,2020.0,Gary,Norcross,CEO,2015-01-01,2022-12-16
165993,35378,2021.0,Gary,Norcross,CEO,2015-01-01,2022-12-16
165993,35378,2022.0,Gary,Norcross,CEO,2015-01-01,2022-12-16
165993,58499,2023.0,Stephanie,Ferris,CEO,2022-12-16,
165993,58499,2024.0,Stephanie,Ferris,CEO,2022-12-16,
170617,45313,2017.0,Mark,Zuckerberg,CEO,2004-07-01,
170617,45313,2018.0,Mark,Zuckerberg,CEO,2004-07-01,
170617,45313,2019.0,Mark,Zuckerberg,CEO,2004-07-01,
170617,45313,2020.0,Mark,Zuckerberg,CEO,2004-07-01,
170617,45313,2021.0,Mark,Zuckerberg,CEO,2004-07-01,
170617,45313,2022.0,Mark,Zuckerberg,CEO,2004-07-01,
170617,45313,2023.0,Mark,Zuckerberg,CEO,2004-07-01,
170617,45313,2024.0,Mark,Zuckerberg,CEO,2004-07-01,
170841,41249,2017.0,Gregory,Garland,CEO,2012-04-30,2022-07-01
170841,41249,2018.0,Gregory,Garland,CEO,2012-04-30,2022-07-01
170841,41249,2019.0,Gregory,Garland,CEO,2012-04-30,2022-07-01
170841,41249,2020.0,Gregory,Garland,CEO,2012-04-30,2022-07-01
170841,41249,2021.0,Gregory,Garland,CEO,2012-04-30,2022-07-01
170841,61716,2022.0,Mark,Lashier,CEO,2022-07-01,
170841,61716,2023.0,Mark,Lashier,CEO,2022-07-01,
170841,61716,2024.0,Mark,Lashier,CEO,2022-07-01,
175319,34323,2017.0,Gerald,"Evans, Jr.",CEO,2016-10-01,2020-08-03
175319,34323,2018.0,Gerald,"Evans, Jr.",CEO,2016-10-01,2020-08-03
175319,34323,2019.0,Gerald,"Evans, Jr.",CEO,2016-10-01,2020-08-03
175319,34323,2020.0,Gerald,"Evans, Jr.",CEO,2016-10-01,2020-08-03
175319,59726,2021.0,Stephen,Bratspies,CEO,2020-08-03,
175319,59726,2022.0,Stephen,Bratspies,CEO,2020-08-03,
175319,59726,2023.0,Stephen,Bratspies,CEO,2020-08-03,
175319,59726,2024.0,Stephen,Bratspies,CEO,2020-08-03,
177267,34262,2017.0,Terrence,"Curtin, CPA",CEO,2017-03-08,
177267,34262,2018.0,Terrence,"Curtin, CPA",CEO,2017-03-08,
177267,34262,2019.0,Terrence,"Curtin, CPA",CEO,2017-03-08,
177267,34262,2020.0,Terrence,"Curtin, CPA",CEO,2017-03-08,
177267,34262,2021.0,Terrence,"Curtin, CPA",CEO,2017-03-08,
177267,34262,2022.0,Terrence,"Curtin, CPA",CEO,2017-03-08,
177267,34262,2023.0,Terrence,"Curtin, CPA",CEO,2017-03-08,
177267,34262,2024.0,Terrence,"Curtin, CPA",CEO,2017-03-08,
178704,49555,2021.0,David,Kimbell,CEO,2021-06-02,2025-01-06
178704,49555,2022.0,David,Kimbell,CEO,2021-06-02,2025-01-06
178704,49555,2023.0,David,Kimbell,CEO,2021-06-02,2025-01-06
178704,49555,2024.0,David,Kimbell,CEO,2021-06-02,2025-01-06
178704,41269,2017.0,Mary,Dillon,CEO,2013-07-01,2021-06-02
178704,41269,2018.0,Mary,Dillon,CEO,2013-07-01,2021-06-02
178704,41269,2019.0,Mary,Dillon,CEO,2013-07-01,2021-06-02
178704,41269,2020.0,Mary,Dillon,CEO,2013-07-01,2021-06-02
179621,32598,2017.0,Andre,Calantzopoulos,CEO,2002-01-01,2021-05-05
179621,32598,2018.0,Andre,Calantzopoulos,CEO,2002-01-01,2021-05-05
179621,32598,2019.0,Andre,Calantzopoulos,CEO,2002-01-01,2021-05-05
179621,32598,2020.0,Andre,Calantzopoulos,CEO,2002-01-01,2021-05-05
179621,44582,2021.0,Jacek,Olczak,CEO,2021-05-05,
179621,44582,2022.0,Jacek,Olczak,CEO,2021-05-05,
179621,44582,2023.0,Jacek,Olczak,CEO,2021-05-05,
179621,44582,2024.0,Jacek,Olczak,CEO,2021-05-05,
180405,22978,2017.0,Robert,Kotick,CEO,1991-02-01,
180405,22978,2018.0,Robert,Kotick,CEO,1991-02-01,
180405,22978,2019.0,Robert,Kotick,CEO,1991-02-01,
180405,22978,2020.0,Robert,Kotick,CEO,1991-02-01,
180405,22978,2021.0,Robert,Kotick,CEO,1991-02-01,
180405,22978,2022.0,Robert,Kotick,CEO,1991-02-01,
180652,48319,2017.0,Scott,Stephenson,CEO,2013-04-01,2022-05-25
180652,48319,2018.0,Scott,Stephenson,CEO,2013-04-01,2022-05-25
180652,48319,2019.0,Scott,Stephenson,CEO,2013-04-01,2022-05-25
180652,48319,2020.0,Scott,Stephenson,CEO,2013-04-01,2022-05-25
180652,48319,2021.0,Scott,Stephenson,CEO,2013-04-01,2022-05-25
180652,43050,2022.0,Lee,Shavel,CEO,2022-05-25,
180652,43050,2023.0,Lee,Shavel,CEO,2022-05-25,
180652,43050,2024.0,Lee,Shavel,CEO,2022-05-25,
180711,10075,2017.0,Hock,Tan,CEO,2006-03-01,
180711,10075,2018.0,Hock,Tan,CEO,2006-03-01,
180711,10075,2019.0,Hock,Tan,CEO,2006-03-01,
180711,10075,2020.0,Hock,Tan,CEO,2006-03-01,
180711,10075,2021.0,Hock,Tan,CEO,2006-03-01,
180711,10075,2022.0,Hock,Tan,CEO,2006-03-01,
180711,10075,2023.0,Hock,Tan,CEO,2006-03-01,
180711,10075,2024.0,Hock,Tan,CEO,2006-03-01,
186989,29019,2017.0,Gary,Heminger,CEO,2011-06-30,2020-03-01
186989,29019,2018.0,Gary,Heminger,CEO,2011-06-30,2020-03-01
186989,29019,2019.0,Gary,Heminger,CEO,2011-06-30,2020-03-01
186989,58040,2020.0,Michael,Hennigan,CEO,2020-03-17,2024-08-01
186989,58040,2021.0,Michael,Hennigan,CEO,2020-03-17,2024-08-01
186989,58040,2022.0,Michael,Hennigan,CEO,2020-03-17,2024-08-01
186989,58040,2023.0,Michael,Hennigan,CEO,2020-03-17,2024-08-01
186989,58040,2024.0,Michael,Hennigan,CEO,2020-03-17,2024-08-01
188255,25978,2017.0,Christopher,Klein,CEO,2010-01-01,2020-01-06
188255,25978,2018.0,Christopher,Klein,CEO,2010-01-01,2020-01-06
188255,25978,2019.0,Christopher,Klein,CEO,2010-01-01,2020-01-06
188255,48951,2019.0,Nicholas,"Fink, J.D.",CEO,2020-01-06,2026-03-16
188255,48951,2020.0,Nicholas,"Fink, J.D.",CEO,2020-01-06,2026-03-16
188255,48951,2021.0,Nicholas,"Fink, J.D.",CEO,2020-01-06,2026-03-16
188255,48951,2022.0,Nicholas,"Fink, J.D.",CEO,2020-01-06,2026-03-16
188255,48951,2023.0,Nicholas,"Fink, J.D.",CEO,2020-01-06,2026-03-16
188255,48951,2024.0,Nicholas,"Fink, J.D.",CEO,2020-01-06,2026-03-16
189491,43691,2017.0,Patrick,"Decker, CPA",CEO,2014-03-17,2023-12-31
189491,43691,2018.0,Patrick,"Decker, CPA",CEO,2014-03-17,2023-12-31
189491,43691,2019.0,Patrick,"Decker, CPA",CEO,2014-03-17,2023-12-31
189491,43691,2020.0,Patrick,"Decker, CPA",CEO,2014-03-17,2023-12-31
189491,43691,2021.0,Patrick,"Decker, CPA",CEO,2014-03-17,2023-12-31
189491,43691,2022.0,Patrick,"Decker, CPA",CEO,2014-03-17,2023-12-31
189491,43691,2023.0,Patrick,"Decker, CPA",CEO,2014-03-17,2023-12-31
189491,60478,2024.0,Matthew,Pine,CEO,2024-01-01,
198058,45334,2017.0,John,Idol,CEO,2003-12-01,
198058,45334,2018.0,John,Idol,CEO,2003-12-01,
198058,45334,2019.0,John,Idol,CEO,2003-12-01,
198058,45334,2020.0,John,Idol,CEO,2003-12-01,
198058,45334,2021.0,John,Idol,CEO,2003-12-01,
198058,45334,2022.0,John,Idol,CEO,2003-12-01,
198058,45334,2023.0,John,Idol,CEO,2003-12-01,
198058,45334,2024.0,John,Idol,CEO,2003-12-01,
199356,43350,2017.0,Stephen,Kaufer,CEO,2000-02-01,2022-07-01
199356,43350,2018.0,Stephen,Kaufer,CEO,2000-02-01,2022-07-01
199356,43350,2019.0,Stephen,Kaufer,CEO,2000-02-01,2022-07-01
199356,43350,2020.0,Stephen,Kaufer,CEO,2000-02-01,2022-07-01
199356,43350,2021.0,Stephen,Kaufer,CEO,2000-02-01,2022-07-01
199356,63767,2022.0,Matthew,Goldberg,CEO,2022-07-01,
199356,63767,2023.0,Matthew,Goldberg,CEO,2022-07-01,
199356,63767,2024.0,Matthew,Goldberg,CEO,2022-07-01,
294524,43641,2017.0,Bhavesh,"Patel, M.D.",CEO,2015-01-12,2021-12-31
294524,43641,2018.0,Bhavesh,"Patel, M.D.",CEO,2015-01-12,2021-12-31
294524,43641,2019.0,Bhavesh,"Patel, M.D.",CEO,2015-01-12,2021-12-31
294524,43641,2020.0,Bhavesh,"Patel, M.D.",CEO,2015-01-12,2021-12-31
294524,43641,2021.0,Bhavesh,"Patel, M.D.",CEO,2015-01-12,2021-12-31
294524,63543,2022.0,Peter Z.,Vanacker,CEO,2022-05-23,
294524,63543,2023.0,Peter Z.,Vanacker,CEO,2022-05-23,
294524,63543,2024.0,Peter Z.,Vanacker,CEO,2022-05-23,
316056,34850,2017.0,David,Petratis,CEO,2013-08-01,2022-07-11
316056,34850,2018.0,David,Petratis,CEO,2013-08-01,2022-07-11
316056,34850,2019.0,David,Petratis,CEO,2013-08-01,2022-07-11
316056,34850,2020.0,David,Petratis,CEO,2013-08-01,2022-07-11
316056,34850,2021.0,David,Petratis,CEO,2013-08-01,2022-07-11
316056,34850,2022.0,David,Petratis,CEO,2013-08-01,2022-07-11
316056,63776,2023.0,John,Stone,CEO,2022-07-11,
316056,63776,2024.0,John,Stone,CEO,2022-07-11,
