gvkey,call_year,call_quarter,transcriptid,n_tokens,net_tone,strong_modality,inverse_hedging
029751,2018,1,1462528,2645,12.476370510396976,3.780718336483932,-10.964083175803403
029751,2018,2,1539181,3369,9.201543484713564,5.6396556841792815,-8.60789551795785
029751,2018,3,1613884,3164,5.056890012642225,4.740834386852086,-7.585335018963338
029751,2018,4,1665720,3092,8.408796895213454,10.349288486416558,-6.468305304010348
029751,2019,1,1741438,3004,5.9920106524633825,6.324900133155793,-5.326231691078562
029751,2019,2,1803244,3531,8.21297082979326,13.593882752761258,-6.513735485698103
029751,2019,3,1869235,4003,10.492130901823632,8.49362977766675,-6.994753934549088
029751,2019,4,1927283,2959,4.731328151402501,7.096992227103751,-8.110848259547144
029751,2020,1,2007127,1932,-0.5175983436853002,10.869565217391305,-9.316770186335404
029751,2020,2,2064358,2143,5.132991133924405,5.599626691553897,-8.866075594960336
029751,2020,3,2154984,2324,2.1514629948364887,4.3029259896729775,-6.024096385542169
029751,2020,4,2215483,3945,11.153358681875794,6.844106463878328,-6.083650190114069
029751,2021,1,2272675,2959,11.828320378506252,5.40723217303143,-3.717472118959108
029751,2021,2,2365178,3435,3.202328966521106,4.657933042212518,-7.278020378457059
029751,2021,3,2425054,3569,9.806668534603531,6.164191650322219,-7.284953768562623
029751,2021,4,2497821,3697,7.844197998377063,7.032729239924263,-7.032729239924263
029751,2022,1,2555714,2871,9.404388714733543,6.617903169627308,-6.617903169627308
029751,2022,2,2616034,3473,10.653613590555715,5.470774546501583,-7.486323063633746
029751,2022,3,2673479,2487,13.671089666264574,7.639726578206674,-7.639726578206674
006008,2018,1,1441878,3111,17.036322725811637,6.107360977177756,-9.964641594342655
006008,2018,2,1510845,4169,27.824418325737586,5.516910530103142,-4.557447829215639
006008,2018,3,1581054,5063,21.726249259332413,6.517874777799724,-5.530317993284614
006008,2018,4,1640911,5244,14.492753623188406,5.339435545385202,-6.2929061784897025
006008,2019,1,1711554,4441,16.662913758162578,4.053141184417924,-9.23215492006305
006008,2019,2,1781548,3734,25.441885377611143,4.8205677557579,-5.891805034815212
006008,2019,3,1846749,4156,21.65543792107796,8.180943214629451,-5.293551491819057
006008,2019,4,1894291,4160,19.951923076923077,6.009615384615385,-3.8461538461538463
006008,2020,1,2014988,3719,17.746706103791343,5.915568701263781,-3.7644528098951335
006008,2020,2,2077141,3552,10.97972972972973,4.504504504504505,-5.912162162162162
006008,2020,3,2148181,4164,19.93275696445725,6.003842459173871,-6.964457252641691
006008,2020,4,2178259,3305,26.021180030257188,3.9334341906202726,-5.748865355521937
006008,2021,1,2256000,4745,28.661749209694417,7.165437302423604,-3.7934668071654376
006008,2021,2,2350033,4190,25.536992840095465,7.875894988066825,-1.1933174224343674
006008,2021,3,2409518,5812,32.17481073640744,9.11906400550585,-2.9249827942188578
006008,2021,4,2478141,5163,26.92233197753244,9.296920395119116,-3.68003098973465
006008,2022,1,2547679,5906,20.826278360988827,6.43413477819167,-3.217067389095835
006008,2022,2,2608275,5806,17.39579745091285,6.889424733034791,-3.4447123665173955
006008,2022,3,2666610,5546,23.440317345834835,9.556437071763433,-4.147133068878471
012540,2018,1,1420728,4195,27.65196662693683,5.959475566150179,-2.860548271752086
012540,2018,2,1491371,4683,29.04121289771514,5.551996583386718,-2.135383301302584
012540,2018,3,1558640,5120,23.4375,6.25,-2.34375
012540,2018,4,1630305,5201,20.188425302826378,5.960392232263026,-3.2686021918861754
012540,2019,1,1689535,5162,25.57148392096087,2.905850445563735,-2.5184037194885702
012540,2019,2,1767920,4516,26.79362267493357,4.871567759078831,-3.100088573959256
012540,2019,3,1825893,4856,25.53542009884679,3.912685337726524,-4.736408566721582
012540,2019,4,1885230,4055,33.53884093711467,4.932182490752158,-4.192355117139334
012540,2020,1,1937286,4797,21.263289555972484,8.130081300813009,-7.087763185324161
012540,2020,2,2024527,5343,20.026202507954334,7.299270072992701,-5.053340819764178
012540,2020,3,2123214,4977,27.124773960217,5.826803295157726,-3.616636528028933
012540,2020,4,2162328,9137,25.719601619787678,5.581700777060305,-5.691145890335997
012540,2021,1,2241429,5815,26.655202063628547,5.674978503869303,-4.815133276010318
012540,2021,2,2323054,5609,22.28561240862899,5.170262078801925,-1.782848992690319
012540,2021,3,2399875,5403,20.17397741995188,5.737553211178975,-2.5911530631130852
012540,2021,4,2477888,6007,28.966206092891625,3.8288663226236057,-6.492425503579157
012540,2022,1,2529052,3292,19.74483596597813,5.1640340218712035,-4.860267314702309
012540,2022,2,2590683,2319,25.010780508840018,9.055627425614489,-7.761966364812419
012540,2022,3,2655421,3125,31.68,6.08,-7.04
012540,2022,4,3000557,2958,25.016903313049358,7.099391480730223,-4.394861392832995
125595,2018,1,1552570,2968,11.79245283018868,2.3584905660377355,-4.0431266846361185
125595,2018,2,1567078,2175,22.528735632183906,5.057471264367816,-5.977011494252873
125595,2018,3,1585744,3740,12.834224598930483,3.2085561497326207,-6.149732620320856
125595,2018,4,1659154,2857,24.501225061253063,4.550227511375569,-6.300315015750788
125595,2019,1,1716628,2912,26.442307692307693,6.868131868131869,-3.4340659340659343
125595,2019,2,1812111,3708,7.5512405609492985,4.584681769147789,-4.314994606256742
125595,2019,3,1849496,4399,13.866787906342351,3.182541486701523,-3.8645146624232782
125595,2019,4,1913684,3945,14.448669201520914,2.7883396704689485,-3.8022813688212933
125595,2020,1,2017493,3017,10.938017898574744,3.314550878355983,-6.629101756711966
125595,2020,2,2087777,3337,7.49175906502847,2.39736290080911,-5.693736889421636
125595,2020,3,2166116,3835,15.384615384615385,3.129074315514994,-6.258148631029988
125595,2020,4,2201209,3581,12.566322256352974,8.936051382295448,-3.07176766266406
125595,2021,1,2269354,2489,11.651265568501406,0.8035355564483728,-3.6159100040176777
125595,2021,2,2361489,4203,-1.6654770402093744,3.8068046633357127,-4.996431120628123
125595,2021,3,2422276,2627,1.5226494099733536,5.329272934906737,-3.806623524933384
125595,2021,4,2495061,3648,17.54385964912281,8.771929824561404,-5.482456140350878
125595,2022,1,2551912,4500,8.666666666666666,4.666666666666666,-8.0
125595,2022,2,2624745,2709,11.443337024732374,4.798818752307124,-5.537098560354375
125595,2022,3,2680079,3474,12.377662636729994,4.317789291882556,-4.029936672423719
141384,2018,1,1619953,6059,9.902624195411784,3.6309622049843204,-4.456180887935303
141384,2018,2,1517561,4664,14.150943396226415,3.216123499142367,-4.716981132075471
141384,2018,3,1584072,5361,11.751538891997761,4.84984144749114,-3.730647267300877
141384,2018,4,1642421,6006,16.317016317016318,4.162504162504162,-4.662004662004662
141384,2019,1,1715140,4842,13.837257331681123,4.337050805452292,-3.7174721189591073
141384,2019,2,1780433,6938,11.963101758431824,2.5944076102623232,-4.03574517151917
141384,2019,3,1839608,4389,13.898382319434951,2.2784233310549102,-3.417634996582365
141384,2019,4,1897110,5113,13.886172501466849,5.476237042831997,-7.040876197926853
141384,2020,1,2019465,6653,2.2546219750488503,3.6073951600781604,-5.2607846084473175
141384,2020,2,2082981,5752,15.472878998609179,3.3031988873435325,-4.694019471488177
141384,2020,3,2165760,6678,11.979634621144054,3.1446540880503147,-3.5938903863432166
141384,2020,4,2242020,5613,14.252627828255836,2.137894174238375,-3.384999109210761
141384,2021,1,2261819,5906,17.43989163562479,1.3545546901456147,-2.8784287165594313
141384,2021,2,2387081,4139,20.294757187726503,2.657646774583233,-1.2080212611741967
141384,2021,3,2414914,5351,12.894786021304428,2.8032143524574846,-3.7376191366099794
141384,2021,4,2483276,4920,18.69918699186992,3.6585365853658534,-5.08130081300813
141384,2022,1,2545506,5642,8.330379298121233,2.835873803615739,-3.8993264799716414
141384,2022,2,2606093,5190,7.514450867052023,2.697495183044316,-4.238921001926783
141384,2022,3,2664333,5291,11.718011718011718,3.024003024003024,-5.859005859005859
031673,2018,1,1381662,3841,24.21244467586566,7.029419422025515,-8.070814891955221
031673,2018,2,1446407,4755,19.348054679284964,7.150368033648791,-2.9442691903259726
031673,2018,3,1533205,4083,18.61376438892971,6.367866764633848,-7.347538574577516
031673,2018,4,1628362,3914,25.038323965252943,8.686765457332653,-4.8543689320388355
031673,2019,1,1645738,2912,23.35164835164835,4.464285714285714,-8.241758241758241
031673,2019,2,1721319,3796,23.709167544783984,5.268703898840885,-4.478398314014752
031673,2019,3,1794153,4509,21.512530494566423,3.7702373031714354,-3.32667997338656
031673,2019,4,1861789,2643,28.755202421490733,7.567158531971245,-2.648505486189936
031673,2020,1,1901020,3450,16.81159420289855,5.217391304347826,-5.507246376811595
031673,2020,2,2007069,3832,6.002087682672235,9.394572025052193,-7.045929018789145
031673,2020,3,2093774,3424,13.434579439252337,5.841121495327103,-5.549065420560748
031673,2020,4,2130465,3499,22.00628751071735,6.573306659045442,-4.001143183766791
031673,2021,1,2191994,2885,30.155979202772965,4.506065857885615,-2.079722703639515
031673,2021,2,2270581,2952,37.60162601626016,4.742547425474255,-4.403794037940379
031673,2021,3,2362760,2974,35.97848016139879,5.379959650302623,-1.6812373907195697
031673,2021,4,2476028,2626,34.65346534653465,5.331302361005331,-3.4272658035034276
031673,2022,1,2492026,3368,23.159144893111637,5.04750593824228,-4.156769596199525
031673,2022,2,2552764,3003,35.63103563103563,2.9970029970029968,-2.331002331002331
031673,2022,3,2613747,3023,32.41812768772742,6.946741647370162,-0.9923916639100232
031673,2022,4,2673528,2559,38.29620945681907,4.6893317702227435,-3.516998827667057
001602,2018,1,1435450,1172,22.18430034129693,3.4129692832764507,-5.119453924914676
001602,2018,2,1510887,1851,13.50621285791464,4.862236628849271,-7.563479200432198
001602,2018,3,1592101,2190,10.50228310502283,6.392694063926941,-4.10958904109589
001602,2018,4,1645252,1537,14.964216005204944,9.108653220559532,-2.6024723487312946
001602,2019,1,1716633,1772,9.59367945823928,3.9503386004514676,-5.643340857787811
001602,2019,2,1812068,2918,13.365318711446196,9.252912954078136,-3.7697052775873887
001602,2019,3,1850406,1270,21.25984251968504,10.236220472440946,-5.511811023622047
001602,2019,4,1900109,1792,14.508928571428571,5.022321428571429,-2.232142857142857
001602,2020,1,2028554,2263,15.024304021210781,7.954043305346884,-7.070260715863897
001602,2020,4,2189077,1682,17.8359096313912,4.161712247324614,-7.134363852556481
001602,2021,1,2259951,1088,21.13970588235294,5.514705882352941,-8.272058823529411
001602,2021,2,2361587,1215,22.22222222222222,5.761316872427984,-6.584362139917696
001602,2021,3,2422184,1277,17.227877838684417,2.3492560689115116,-5.48159749412686
001602,2022,1,2545593,1056,16.098484848484848,6.628787878787879,-9.46969696969697
001602,2022,2,2620339,1500,22.666666666666664,7.333333333333333,-4.666666666666666
023809,2018,2,1404674,5325,13.333333333333332,9.014084507042252,-5.070422535211267
023809,2018,3,1474183,5169,18.57225769007545,8.318823757012963,-5.997291545753531
023809,2018,4,1559846,5245,16.015252621544327,9.151572926596758,-5.529075309818875
023809,2019,1,1639864,4932,14.598540145985403,6.285482562854826,-3.0413625304136254
023809,2019,2,1672468,4670,16.488222698072807,6.852248394004283,-4.710920770877944
023809,2019,3,1752335,4702,20.84219481071884,10.42109740535942,-3.4028073160357293
023809,2019,4,1828402,4286,21.698553429771348,9.79934671021932,-4.433037797480168
023809,2020,1,1886559,4747,19.38066147040236,6.319780914261639,-6.741099641879082
023809,2020,2,3025706,5117,12.702755520812977,7.230799296462772,-5.86281024037522
023809,2020,3,2027723,5074,-0.7883326763894364,6.700827749310209,-7.292077256602287
023809,2020,4,2136346,4971,3.8221685777509555,7.24200362100181,-8.24783745725206
023809,2021,1,2160281,4812,10.390689941812138,8.935993349958437,-6.02660016625104
023809,2021,2,2228225,5117,6.64451827242525,6.058237248387727,-11.334766464725426
023809,2021,3,2299092,3996,15.015015015015017,9.75975975975976,-9.00900900900901
023809,2021,4,2399695,4262,11.966213045518536,10.793054903801032,-9.85452839042703
023809,2022,1,2456366,5469,11.885170963613092,5.4854635216675804,-8.959590418723716
023809,2022,2,2512897,4529,15.89754912784279,7.948774563921395,-8.390373150805917
023809,2022,3,2577592,4717,8.267966928132287,8.69196523213907,-7.8439686241255036
023809,2022,4,2649327,4408,17.92196007259528,9.301270417422867,-7.713248638838476
013421,2018,1,1491446,3206,30.25577043044292,8.73362445414847,-0.6238303181534622
013421,2018,2,1505591,2895,33.506044905008636,9.671848013816925,-1.381692573402418
013421,2018,3,1576409,2910,23.367697594501717,8.934707903780069,-1.0309278350515463
013421,2018,4,1661209,3905,26.12035851472471,11.267605633802816,-1.2804097311139564
013421,2019,1,1702081,2884,24.965325936199722,6.2413314840499305,-1.0402219140083218
013421,2019,2,1775598,1879,24.48110697179351,17.562533262373602,-2.660989888238425
013421,2019,3,1836335,3482,27.857553130384836,8.32854681217691,-2.0103388856978746
013421,2019,4,1912545,3364,27.348394768133176,9.512485136741974,-1.1890606420927468
013421,2020,1,2012293,2377,27.76609171224232,15.565839293226755,-2.944888514934792
013421,2020,2,2075132,2918,26.387936943111722,7.882111034955449,-3.427004797806717
013421,2020,3,2150115,3440,27.616279069767444,14.825581395348838,-2.0348837209302326
013421,2020,4,2222252,2376,30.303030303030305,6.734006734006734,-1.2626262626262628
013421,2021,1,2258493,1405,32.028469750889684,14.946619217081851,-1.4234875444839858
013421,2021,2,2351094,1550,23.225806451612904,10.32258064516129,-1.935483870967742
013421,2022,1,2542761,2948,21.709633649932158,4.07055630936228,-3.7313432835820897
013421,2022,2,2603774,3427,30.05544207761891,6.419608987452582,-2.0426028596440036
013421,2022,3,2661744,4335,19.146482122260668,5.074971164936563,-4.382929642445213
003144,2018,1,1436509,5386,16.709988860007428,5.941329372447085,-3.156331229112514
003144,2018,2,1508423,5402,17.030729359496483,5.738615327656423,-4.442798963346908
003144,2018,3,1587491,5428,17.87030213706706,8.658806190125276,-3.316138540899042
003144,2018,4,1659217,4897,17.56177251378395,8.168266285480906,-6.534613028384725
003144,2019,1,1703080,4177,19.39190806799138,4.069906631553747,-4.069906631553747
003144,2019,2,1776851,5458,17.03920850128252,6.0461707585196045,-4.030780505679736
003144,2019,3,1837302,3995,15.018773466833542,7.008760951188987,-3.5043804755944934
003144,2019,4,1900110,4918,21.553477023180157,4.06669377795852,-4.473363155754372
003144,2020,1,2012995,6265,5.905826017557861,9.736632083000798,-7.501995211492418
003144,2020,2,2075241,6197,18.39599806357915,8.55252541552364,-7.26157818299177
003144,2020,3,2147892,5789,21.419934358265674,9.673518742442562,-3.109345310070824
003144,2020,4,2244096,3846,20.80083203328133,11.960478419136766,-4.940197607904317
003144,2021,1,2253190,5639,17.910977123603473,7.270792693740025,-5.852101436424897
003144,2021,2,2639131,5764,22.033310201249133,5.551700208188758,-4.510756419153366
003144,2021,3,3082900,5970,13.73534338358459,5.025125628140704,-4.3551088777219435
003144,2021,4,2490636,5562,18.338727076591155,7.371449119021935,-3.5958288385472854
003144,2022,1,2594423,5594,11.440829460135859,6.2567036110117975,-6.614229531641044
003144,2022,2,2604563,5549,11.713822310326185,5.22616687691476,-4.685528924130474
003144,2022,3,2662185,4882,20.893076607947563,6.759524784924212,-5.940188447357641
114524,2020,2,2078226,4438,22.98332582244254,8.337088778729157,-2.9292474087426768
114524,2020,3,2153711,4384,13.22992700729927,4.562043795620438,-2.7372262773722627
114524,2020,4,2190536,4720,20.550847457627118,6.567796610169491,-2.542372881355932
114524,2021,1,2262008,4886,21.08063855914859,4.502660663119116,-3.274662300450266
114524,2021,2,2374281,4657,23.405625939445997,3.006227184882972,-3.2209576980888985
114524,2021,3,2414918,5107,18.406109261797532,4.307812805952614,-1.958096729978461
114524,2021,4,2504352,4509,19.960079840319363,3.32667997338656,-3.104901308494123
114524,2022,1,2553621,4825,20.518134715025905,3.937823834196891,-3.316062176165803
114524,2022,2,2614786,4003,22.98276292780415,4.996252810392206,-3.247564326754934
114524,2022,3,2672834,4090,21.760391198044008,1.9559902200488997,-1.7114914425427872
004510,2018,1,1451301,4358,13.997246443322624,9.178522257916475,-4.8187241854061496
004510,2018,2,1533229,3950,5.063291139240507,8.60759493670886,-7.59493670886076
004510,2018,3,1611257,3387,9.743135518157661,13.876586950103336,-4.7239444936521995
004510,2018,4,1656004,3462,7.510109763142692,9.820912767186597,-5.488157134604275
004510,2019,1,1736792,3556,1.968503937007874,5.061867266591676,-8.155230596175478
004510,2019,2,1791531,3475,8.057553956834532,6.330935251798561,-3.4532374100719423
004510,2019,3,1849550,2613,11.481056257175661,7.271335629544585,-8.80214313050134
004510,2019,4,1904598,2661,7.891770011273957,4.509582863585118,-7.515971439308531
004510,2020,1,2004316,3534,3.395585738539898,10.752688172043012,-6.508205998868139
004510,2020,2,2097844,5302,0.5658242172764995,5.469634100339495,-4.526593738211996
004510,2020,3,2157579,6028,7.133377571333776,4.479097544790975,-5.640345056403451
004510,2020,4,2202939,6496,5.695812807881774,6.003694581280788,-7.08128078817734
004510,2021,1,2273101,5588,8.589835361488905,5.010737294201861,-4.1159627773801
004510,2021,2,2362540,6410,4.368174726989079,4.99219968798752,-5.46021840873635
004510,2021,3,2423036,5748,9.742519137091161,4.349338900487125,-4.17536534446764
004510,2021,4,2494581,5674,3.3486076841734227,5.992245329573493,-8.812125484666902
004510,2022,1,2551228,5946,3.8681466532122433,6.7272115708039015,-9.418096199125461
004510,2022,2,2613705,5089,6.288072312831598,3.9300451955197486,-4.126547455295736
004510,2022,3,2672033,4732,13.102282333051564,7.185122569737954,-4.860524091293322
024468,2018,1,1442503,2401,16.24323198667222,11.245314452311538,-11.245314452311538
024468,2018,2,1506230,1725,27.826086956521742,9.855072463768117,-12.173913043478262
024468,2018,3,1574904,2141,19.617001401214388,5.60485754320411,-7.006071929005138
024468,2018,4,1643447,1866,27.331189710610932,5.359056806002144,-3.7513397642015005
024468,2019,1,1704769,2593,13.883532587736212,14.654839953721558,-11.95526417277285
024468,2019,2,1828933,1928,23.858921161825727,8.817427385892117,-11.410788381742739
024468,2019,3,1836386,1669,7.189934092270821,10.185739964050331,-9.586578789694428
024468,2019,4,1903011,1952,21.51639344262295,4.098360655737705,-7.172131147540983
024468,2020,1,3284729,2555,13.698630136986301,4.6966731898238745,-8.21917808219178
024468,2020,2,2083426,3078,16.244314489928524,6.82261208576998,-9.746588693957115
024468,2020,3,2165379,2775,21.98198198198198,10.45045045045045,-8.288288288288287
024468,2020,4,2239722,2221,13.957676722197208,9.45520036019811,-9.45520036019811
024468,2021,1,2255485,2453,14.675907052588666,8.153281695882592,-9.37627395026498
024468,2021,2,2384573,2709,8.490217792543374,6.275378368401624,-10.705057216685123
024468,2021,3,2408046,2580,6.2015503875969,8.527131782945737,-10.852713178294575
024468,2021,4,2484105,2691,6.688963210702341,15.235971757710887,-14.492753623188404
024468,2022,1,2589327,1665,12.612612612612613,15.015015015015015,-6.006006006006006
024468,2022,2,2601509,1569,24.219247928616955,8.922880815806247,-10.197578075207138
024468,2022,3,2662363,1777,9.566685424873382,12.943162633652223,-10.692177827799663
138205,2018,1,1435435,5796,15.010351966873706,7.07384403036577,-5.693581780538302
138205,2018,2,1555706,5238,15.845742649866361,5.5364642993508975,-5.5364642993508975
138205,2018,3,1578694,6152,12.35370611183355,4.876462938881664,-4.551365409622886
138205,2018,4,1642391,5018,8.369868473495416,7.7720207253886,-5.380629732961339
138205,2019,1,1711503,5609,12.658227848101266,5.170262078801925,-5.526831877339989
138205,2019,2,1808637,5225,8.61244019138756,6.315789473684211,-7.08133971291866
138205,2019,3,1840670,5328,9.947447447447447,5.255255255255255,-4.316816816816816
138205,2019,4,1898038,5189,9.635767970707265,7.323183657737522,-5.588745423010214
138205,2020,1,2024262,5585,-2.1486123545210383,4.476275738585497,-5.0134288272157566
138205,2020,2,2097637,6006,2.8305028305028306,4.662004662004662,-4.162504162504162
138205,2020,3,2158453,4391,12.297882031427921,5.237986791163744,-6.604418127989068
138205,2020,4,2207045,4672,10.91609589041096,4.922945205479452,-3.852739726027397
138205,2021,1,2259890,5110,12.13307240704501,3.9138943248532287,-4.892367906066536
138205,2021,2,2366068,4792,10.851419031719532,6.469115191986645,-5.425709515859766
138205,2021,3,2426551,4213,12.105388084500357,4.747211013529552,-7.595537621647282
138205,2021,4,2532856,4908,16.503667481662593,6.723716381418093,-6.723716381418093
138205,2022,1,2556058,5469,17.91918083744743,6.582556226001097,-4.57121960138965
138205,2022,2,2628750,3745,8.811748998664886,4.539385847797062,-4.2723631508678235
138205,2022,3,2675064,3794,6.852925672113864,6.062203479177649,-4.480759093305219
006669,2018,1,1431060,1602,7.49063670411985,9.363295880149812,-6.242197253433208
006669,2018,2,1494959,1388,10.806916426512968,5.043227665706052,-5.763688760806916
006669,2018,3,1564908,1547,10.989010989010989,2.585649644473174,-3.8784744667097613
006669,2018,4,1666966,2228,13.464991023339318,5.834829443447037,-4.488330341113106
006669,2019,1,1695626,1972,3.0425963488843815,7.606490872210953,-5.070993914807302
006669,2019,2,1767192,1594,11.292346298619826,6.273525721455458,-5.646173149309913
006669,2019,3,1830823,1569,15.296367112810707,7.648183556405353,-5.736137667304015
006669,2019,4,1888448,1646,14.580801944106927,4.860267314702309,-2.4301336573511545
006669,2020,2,2029164,2250,0.4444444444444444,4.888888888888888,-11.11111111111111
006669,2020,4,2163943,1154,25.12998266897747,4.332755632582322,-5.199306759098787
006669,2021,1,2238998,1473,6.109979633401222,8.14663951120163,-5.431093007467753
006669,2021,2,2322841,1864,-1.0729613733905579,4.828326180257511,-8.583690987124463
006669,2021,3,2399746,1455,-2.7491408934707904,6.872852233676976,-2.7491408934707904
006669,2021,4,2462436,1365,1.465201465201465,7.326007326007326,-3.663003663003663
006669,2022,1,2527088,1235,1.6194331983805668,4.048582995951417,-7.28744939271255
006669,2022,2,2591359,1134,-1.763668430335097,7.054673721340388,-5.291005291005291
006669,2022,3,2695207,1110,2.7027027027027026,8.108108108108109,-1.8018018018018018
006669,2022,4,2710252,1503,4.657351962741185,8.649367930805058,-3.9920159680638725
028930,2018,1,1460850,6667,12.449377531123442,6.299685015749212,-8.999550022498875
028930,2018,2,1539411,7994,8.006004503377532,5.37903427570678,-12.134100575431573
028930,2018,3,1627720,8421,8.075050469065431,5.937537109606935,-11.87507421921387
028930,2018,4,1675536,7568,7.531712473572939,5.153276955602537,-9.778012684989429
028930,2019,1,1736588,6409,6.085192697768762,5.929162115774691,-12.950538305507878
028930,2019,2,1816839,6457,6.1948273191884775,4.181508440452222,-13.009137370295802
028930,2019,3,2993838,6903,6.808633927277995,7.0983630305664205,-11.009705924960162
028930,2019,4,1932617,5670,3.3509700176366843,7.760141093474426,-11.992945326278658
028930,2020,1,2017727,6830,-2.1961932650073206,9.370424597364568,-11.71303074670571
028930,2020,2,2160462,7524,3.189792663476874,6.113769271664008,-12.626262626262626
028930,2020,3,2132781,6349,2.205071664829107,7.87525594581824,-13.072924870058278
028930,2022,1,2552679,2736,10.23391812865497,3.654970760233918,-6.578947368421053
028930,2022,2,2612076,3309,8.159564823209429,3.022061045633122,-8.159564823209429
028930,2022,3,2673385,3182,11.313639220615965,4.399748585795097,-8.170961659333752
065772,2018,1,1486999,3393,16.504568228706162,9.136457412319482,-4.420866489832007
065772,2018,2,1510749,2916,22.63374485596708,6.858710562414267,-7.20164609053498
065772,2018,3,1602037,3384,14.479905437352246,10.342789598108746,-7.387706855791961
065772,2018,4,1662226,3302,18.170805572380377,6.359781950333132,-7.571168988491824
065772,2019,1,1738852,3612,17.718715393133998,7.475083056478406,-6.36766334440753
065772,2019,2,1809975,4012,16.699900299102694,6.4805583250249255,-4.7357926221336
065772,2019,3,1863790,3784,17.970401691331922,8.720930232558139,-5.549682875264271
065772,2019,4,1906825,4655,15.037593984962406,8.16326530612245,-7.733619763694952
065772,2020,1,2016684,3969,2.2675736961451247,11.08591584782061,-4.787100025195263
065772,2020,2,2079668,4393,5.918506715228773,10.015934441156386,-6.146141588891418
065772,2020,3,2132268,4013,18.93845003737852,6.22975330176925,-5.98056316969848
065772,2020,4,2193571,4807,20.59496567505721,11.441647597254006,-6.240898689411275
065772,2021,1,2274187,3991,29.81708844901027,8.769731896767727,-6.01353044349787
065772,2021,2,2355569,3374,26.081802015411974,9.18790752815649,-3.8529934795494962
065772,2021,3,2426465,3669,23.43962932679204,5.723630417007358,-6.81384573453257
065772,2021,4,2491329,3086,34.67271548930655,10.045366169799093,-6.156837329876864
065772,2022,1,2555953,2978,21.826729348556075,8.394895903290799,-5.0369375419744795
065772,2022,2,2609976,3755,30.093209054593878,3.7283621837549936,-4.793608521970706
065772,2022,3,2676303,3046,29.875246224556797,7.879185817465529,-6.894287590282338
008762,2018,3,1432843,7494,21.083533493461438,6.805444355484388,-5.204163330664532
008762,2018,4,1527259,7128,28.759820426487092,4.62962962962963,-7.154882154882155
008762,2022,1,2407413,1161,18.087855297157624,1.7226528854435832,-7.7519379844961245
008762,2022,2,3000431,2089,10.052656773575874,4.30828147438966,-7.659167065581618
008762,2022,4,2609249,1870,13.903743315508022,9.090909090909092,-5.882352941176471
025434,2018,1,1374618,4151,15.658877378944831,6.022645145748013,-4.81811611659841
025434,2018,2,1441384,2420,13.223140495867769,7.024793388429752,-4.958677685950414
025434,2018,3,1510808,2649,17.365043412608532,6.795016987542469,-3.7750094375235936
025434,2018,4,1590426,2078,18.286814244465834,5.774783445620789,-1.9249278152069298
025434,2019,1,1641029,2848,26.68539325842697,4.915730337078652,-2.106741573033708
025434,2019,2,1711484,2631,34.96769289243634,3.4207525655644244,-1.5203344735841886
025434,2019,3,1832859,3486,24.956970740103273,2.581755593803787,-3.442340791738382
025434,2019,4,1868877,3333,26.402640264026402,3.9003900390039004,-2.4002400240024
025434,2020,1,1897940,2524,23.771790808240887,9.112519809825674,-2.3771790808240887
025434,2020,2,2017527,4222,9.711037423022264,4.500236854571293,-5.684509711037423
025434,2020,3,2077858,5286,18.35035944003027,4.729474082482028,-3.9727582292849037
025434,2020,4,2154245,4258,21.136683889149836,2.1136683889149834,-6.106153123532175
025434,2021,1,2181807,4392,25.04553734061931,5.009107468123862,-4.098360655737705
025434,2021,2,2259898,5040,22.22222222222222,2.976190476190476,-4.166666666666666
025434,2021,3,2352182,3090,24.919093851132686,6.796116504854369,-1.2944983818770226
025434,2021,4,2417583,4749,18.109075594862077,8.001684565171615,-5.685407454200885
015855,2018,3,1402023,4226,10.648367250354946,2.602934216753431,-2.8395646000946524
015855,2018,4,2493469,1292,6.191950464396285,3.0959752321981426,-4.643962848297214
015855,2019,1,1563051,3078,5.523066926575698,2.923976608187134,-5.198180636777128
015855,2019,2,1590430,3401,10.879153190238165,2.646280505733608,-2.9403116730373418
015855,2019,3,1645723,4270,11.943793911007026,5.620608899297424,-5.3864168618266985
015855,2020,1,1831751,2800,9.285714285714286,6.785714285714286,-10.714285714285715
015855,2020,2,1874164,3432,4.662004662004662,11.363636363636363,-6.410256410256411
015855,2020,3,1904594,2282,13.146362839614373,4.820333041191937,-3.5056967572304996
015855,2020,4,1992641,3220,9.316770186335402,7.142857142857142,-7.142857142857142
015855,2021,1,2096793,3639,14.28964001099203,3.5724100027480077,-3.847210772190162
015855,2021,2,2176356,2486,12.872083668543846,5.631536604987932,-3.2180209171359615
015855,2021,3,2240549,3920,14.03061224489796,5.1020408163265305,-3.5714285714285716
015855,2022,1,2352196,3167,18.31386169876855,5.052099778970635,-5.052099778970635
015855,2022,2,2426709,1916,19.31106471816284,3.131524008350731,-2.0876826722338206
015855,2022,3,2484841,2823,21.253985122210413,7.0846617074034715,-4.95926319518243
015855,2022,4,2555969,2607,16.110471806674337,5.7537399309551205,-6.904487917146144
061483,2018,1,1451475,995,18.09045226130653,6.030150753768844,-10.050251256281406
061483,2018,3,1612317,2290,-1.3100436681222707,7.860262008733625,-8.733624454148472
061483,2018,4,1659326,2316,9.93091537132988,7.772020725388601,-9.93091537132988
061483,2019,1,1724262,1714,3.500583430571762,11.085180863477246,-8.168028004667445
061483,2019,2,1794025,2826,0.0,5.3078556263269645,-14.154281670205238
061483,2019,3,1858490,2120,6.60377358490566,9.433962264150944,-7.547169811320755
061483,2019,4,1908377,2545,11.001964636542239,11.787819253438114,-11.787819253438114
061483,2020,1,2005685,3800,-1.5789473684210527,5.0,-10.0
061483,2020,2,2078776,4079,3.1870556508948273,6.8644275557734735,-13.974013238538857
061483,2020,3,2154412,2151,10.227801022780103,4.184100418410042,-6.043700604370061
061483,2020,4,2246741,3272,4.584352078239609,3.3618581907090466,-7.946210268948656
061483,2021,1,2263792,1562,-1.9206145966709345,3.201024327784891,-13.444302176696542
061483,2021,2,2361617,2482,13.295729250604351,4.43190975020145,-12.892828364222401
061483,2021,3,2417183,1898,12.644889357218124,5.268703898840885,-15.806111696522656
061483,2021,4,2496489,3075,-3.5772357723577235,7.804878048780488,-12.357723577235772
061483,2022,1,2555823,1356,8.849557522123893,5.162241887905605,-11.061946902654867
061483,2022,2,2611325,2315,1.2958963282937366,7.34341252699784,-9.503239740820733
061483,2022,3,2668164,2685,-4.4692737430167595,7.07635009310987,-18.24953445065177
178704,2019,1,1485119,3553,30.678300028145227,3.095975232198142,-2.251618350689558
178704,2019,2,1552266,4314,28.743625405656005,6.02688919796013,-4.172461752433936
178704,2019,3,1632221,3207,29.31088244465232,3.4299968818210163,-2.806361085126286
178704,2019,4,1690099,4275,24.561403508771928,3.0409356725146197,-4.912280701754385
178704,2020,1,1755983,4190,31.264916467780427,3.5799522673031023,-3.3412887828162288
178704,2020,2,1814780,5077,34.272207996848536,5.712034666141422,-4.7272011030135905
178704,2020,3,1886028,5129,27.685708715149154,4.679274712419575,-3.7044258139988306
178704,2020,4,1937923,4449,19.7797257810744,5.619240278714318,-4.045853000674309
178704,2021,1,2030077,1275,13.333333333333334,9.411764705882353,-7.0588235294117645
178704,2021,4,2236097,3351,27.454491196657717,7.162041181736795,-3.879438973440764
178704,2022,1,2303133,3979,35.68735863282232,1.759235988941945,-5.026388539834129
178704,2022,2,2386357,4464,30.017921146953405,4.704301075268817,-3.5842293906810037
178704,2022,3,2454785,4262,28.390427029563586,5.396527451900516,-2.1116846550915063
178704,2022,4,2522808,4848,29.7029702970297,3.5066006600660065,-2.268976897689769
010115,2018,1,1441875,2812,14.580369843527738,6.04551920341394,-4.978662873399715
010115,2018,2,1506740,1705,26.979472140762464,7.038123167155426,-5.865102639296188
010115,2018,3,1590880,3163,21.498577300031616,7.587733164717041,-4.426177679418274
010115,2018,4,1642463,3706,20.50728548300054,6.206152185644901,-3.237992444684296
010115,2019,1,1703071,2564,23.400936037441497,8.190327613104524,-6.240249609984399
010115,2019,2,1781568,2318,18.981880931837793,5.608283002588439,-4.745470232959448
010115,2019,3,1850444,1744,7.454128440366972,5.73394495412844,-6.307339449541285
010115,2019,4,1897156,3954,19.726858877086496,7.587253414264037,-9.357612544258979
010115,2020,1,2024239,5218,-1.5331544653123803,6.707550785741664,-9.965504024530471
010115,2020,2,2085517,5245,11.820781696854146,5.147759771210676,-5.147759771210676
010115,2020,3,2154634,4512,12.632978723404255,10.638297872340425,-7.535460992907801
010115,2020,4,2251565,3509,19.948703334283273,7.124536905101168,-5.699629524080935
010115,2021,1,2260462,3291,21.877848678213308,7.900334244910361,-4.861744150714069
010115,2021,2,2352172,5242,18.885921404044257,3.6245707745135447,-5.9137733689431515
010115,2021,3,2417356,2184,14.652014652014651,8.699633699633699,-7.783882783882784
010115,2021,4,2479217,2754,14.887436456063906,7.625272331154684,-5.083514887436456
010115,2022,1,2547617,2098,18.589132507149667,8.102955195424213,-3.813155386081983
010115,2022,2,2604765,5328,7.507507507507507,6.756756756756756,-3.5660660660660657
010115,2022,3,2669498,4554,9.881422924901186,9.003074220465525,-5.05050505050505
007985,2018,1,1437176,3148,12.706480304955527,6.98856416772554,-5.082592121982211
007985,2018,2,1508484,2723,20.56555269922879,6.2431142122658825,-3.672420124862284
007985,2018,3,1576978,1517,21.75346077785102,7.2511535926170065,-2.6367831245880025
007985,2019,1,1750167,3344,16.74641148325359,3.88755980861244,-2.6913875598086126
007985,2019,2,1780270,3779,16.671077004498542,3.9693040486901294,-5.8216459380788566
007985,2019,3,1886452,3182,10.685103708359522,7.542426147077309,-5.342551854179761
007985,2019,4,1898033,3418,16.968987712112348,5.26623756582797,-5.851375073142188
007985,2020,1,2018269,4145,5.066344993968637,7.478890229191798,-10.132689987937274
007985,2020,2,2092565,4215,8.540925266903916,7.829181494661922,-7.117437722419929
007985,2020,3,2165757,4515,7.530454042081948,6.423034330011074,-5.094130675526024
007985,2020,4,2252756,3327,13.826269912834384,6.011421701232341,-5.410279531109107
007985,2021,1,2268517,3406,9.982384028185555,6.459189665296536,-5.28479154433353
007985,2021,2,2354384,3906,15.61699948796723,4.09626216077829,-3.8402457757296466
007985,2021,3,2415772,3286,2.7388922702373706,4.564820450395618,-8.520998174071819
007985,2021,4,2478733,3778,6.352567496029646,4.499735309687666,-4.499735309687666
007985,2022,1,2546449,4682,6.621102093122597,5.98035027765912,-8.329773601025204
007985,2022,2,2608416,4323,6.014341892204487,4.395095998149433,-7.864908628267407
007985,2022,3,2665469,3799,8.423269281389839,6.317451961042379,-6.054224795998946
025340,2018,1,1378240,1450,20.0,0.6896551724137931,-3.4482758620689657
025340,2018,2,1439762,1611,24.20856610800745,5.58659217877095,-3.1036623215394163
025340,2018,4,1611803,1872,13.354700854700855,2.1367521367521367,-9.615384615384615
025340,2019,1,1641544,2086,19.65484180249281,3.8350910834132312,-4.793863854266539
025340,2019,2,1712382,1383,19.52277657266811,3.6153289949385394,-6.507592190889371
025340,2019,3,1809190,1883,18.05629314922995,3.186404673393521,-4.779607010090281
025340,2019,4,1867962,1440,23.61111111111111,5.555555555555555,-4.166666666666666
025340,2020,1,1895035,1263,22.961203483768806,4.750593824228028,-0.7917656373713381
025340,2020,2,2015992,1481,6.076975016880486,2.700877785280216,-8.777852802160702
025340,2020,3,2095804,2026,16.288252714708786,6.416584402764068,-7.403751233958539
025340,2020,4,2136788,1747,17.74470520892959,5.151688609044076,-6.296508299942759
025340,2021,1,2181464,1575,22.22222222222222,3.8095238095238093,-5.079365079365079
025340,2021,2,2255558,1643,15.21606816798539,3.651856360316494,-7.912355447352404
025340,2021,3,2481767,2911,6.526966678117485,3.7787701820680177,-4.465819306080385
025340,2021,4,2430973,2269,16.30674305861613,4.407227853680035,-4.8479506390480385
025340,2022,1,2493520,2158,10.194624652455978,4.170528266913809,-5.560704355885079
025340,2022,2,2543399,1515,17.821782178217823,3.9603960396039604,-6.600660066006601
025340,2022,3,2602417,1493,-0.6697923643670463,4.688546550569324,-11.386470194239786
025340,2022,4,2681175,1315,6.844106463878327,6.844106463878327,-6.844106463878327
006066,2020,1,2012299,3606,6.100942872989462,7.2102052135329995,-4.991680532445923
006066,2020,2,2059945,3674,7.348938486663037,6.5323897659227,-6.5323897659227
006066,2020,3,2145396,3588,9.47603121516165,5.852842809364549,-5.852842809364549
006066,2020,4,2250658,4095,8.79120879120879,6.837606837606837,-3.907203907203907
006066,2021,1,2253389,3651,12.873185428649686,9.312517118597645,-6.299643933168995
006066,2021,2,2347766,3550,8.732394366197184,3.380281690140845,-4.788732394366197
006066,2021,3,2408386,2993,12.362178416304712,7.684597393919145,-5.345806882726362
006066,2021,4,2476525,3039,4.277722935176045,2.9615004935834155,-7.568279039157617
006066,2022,1,2540100,2982,-0.335345405767941,5.365526492287056,-4.0241448692152915
006066,2022,2,2600554,2076,11.078998073217726,5.780346820809249,-2.8901734104046244
006066,2022,3,2659290,2667,10.123734533183352,4.499437570303712,-5.999250093738283
157855,2019,1,1479181,3994,18.27741612418628,4.757135703555333,-5.508262393590385
157855,2019,2,1551739,3352,14.618138424821002,5.369928400954653,-4.176610978520286
157855,2019,3,1619788,4277,15.665185877951837,2.571896188917466,-1.8704699555763387
157855,2019,4,1679679,3210,21.806853582554517,2.1806853582554515,-2.4922118380062304
157855,2020,1,1756660,2992,18.048128342245988,3.0080213903743314,-2.0053475935828877
157855,2020,2,1819080,2253,24.41189525077674,3.994673768308921,-2.2192632046160674
157855,2020,3,1882100,1708,25.761124121779858,3.51288056206089,-1.17096018735363
157855,2020,4,1931930,1487,18.82985877605918,7.397444519166107,-3.3624747814391394
157855,2021,1,2033232,5416,7.75480059084195,3.6927621861152145,-4.800590841949779
157855,2021,2,2105896,4159,14.666987256552055,3.8470786246693915,-3.3661937965857174
157855,2021,3,2156466,5182,19.49054419143188,5.78927055191046,-5.403319181783096
157855,2021,4,2224539,3777,21.975112523166533,1.8533227429176593,-4.765687053216839
157855,2022,2,2390205,1683,14.854426619132502,1.7825311942959003,-2.9708853238265003
157855,2022,3,2466892,2335,19.271948608137045,2.9978586723768736,-2.9978586723768736
157855,2022,4,2513627,1775,17.464788732394368,1.1267605633802817,-3.943661971830986
001891,2018,2,1377092,6699,16.718913270637408,4.926108374384237,-10.449320794148381
001891,2018,3,1448204,5090,16.699410609037326,6.286836935166994,-8.251473477406678
001891,2018,4,1526174,6354,12.118350645262826,4.2492917847025495,-9.91501416430595
001891,2019,1,1595067,5453,24.20685860993948,2.9341646799926644,-9.719420502475701
001891,2019,2,1644778,6129,17.294827867515092,4.568445097079459,-10.931636482297277
001891,2019,3,1719882,6395,14.5426114151681,5.003909304143862,-5.629397967161845
001891,2019,4,1790842,7731,12.029491656965464,2.716336825766395,-8.278359849954727
001891,2020,1,1849551,6342,14.03342794071271,1.7344686218858403,-7.410911384421318
001891,2020,2,1898034,7069,14.00480973263545,3.253642665157731,-5.941434432027161
001891,2020,3,2018317,7837,-3.8279954064055124,6.507592190889371,-5.997192803368637
001891,2020,4,2085748,7994,-3.1273455091318487,3.6277207905929445,-12.259194395796847
001891,2021,1,2153304,6427,11.047144857631865,4.356620507235102,-9.646802551734869
001891,2021,2,2182155,7835,10.082961072112315,4.722399489470325,-7.275047862156987
001891,2021,3,2260871,7310,12.859097127222983,3.146374829001368,-9.712722298221614
001891,2021,4,2352716,7682,11.195001301744337,4.686279614683676,-10.02343139807342
001891,2022,1,2414509,7279,6.5943124055502125,3.571919219673032,-7.143838439346064
001891,2022,2,2477733,6377,12.701897443939156,5.01803355809942,-6.2725419476242745
001891,2022,3,2544941,5048,8.914421553090333,5.150554675118859,-4.952456418383519
001891,2022,4,2605392,4041,4.4543429844097995,6.434050977480822,-10.146003464488988
012635,2020,1,2016855,2331,31.746031746031747,6.006006006006006,-5.577005577005577
012635,2020,2,2102681,3845,23.14694408322497,5.201560468140443,-5.461638491547465
012635,2020,3,2150198,3817,24.626670159811372,5.239717055279015,-3.1438302331674093
012635,2020,4,2201192,3554,25.323579065841308,4.501969611705121,-4.220596510973551
012635,2021,1,2259130,3625,17.379310344827587,4.137931034482759,-5.793103448275862
012635,2021,2,2351728,4041,15.095273447166543,3.4644889878742884,-4.7018064835436775
012635,2021,3,2414121,3497,13.72605090077209,5.719187875321704,-2.859593937660852
012635,2021,4,2487552,3255,24.27035330261137,8.294930875576037,-3.993855606758833
012635,2022,1,2544784,4034,21.070897372335153,3.7183936539414972,-5.205751115518097
012635,2022,2,2604277,3197,27.838598686268377,3.127932436659368,-4.6918986549890525
012635,2022,3,2665311,3661,24.58344714558864,7.648183556405354,-5.736137667304016
199356,2018,1,1460805,3150,18.730158730158728,6.984126984126984,-4.1269841269841265
199356,2018,2,1532915,4233,17.2454523978266,3.5435861091424523,-5.433498700685093
199356,2018,3,1613877,2282,21.47239263803681,5.6967572304995615,-3.067484662576687
199356,2018,4,1657916,2609,15.331544653123803,8.049060942889996,-4.599463395937141
199356,2019,1,1738896,3069,14.66275659824047,3.258390355164549,-4.235907461713913
199356,2019,2,1803258,2843,17.58705592683785,3.8691523039043263,-4.57263454097784
199356,2019,3,1860848,3089,19.747491097442538,2.9135642602784073,-7.769504694075753
199356,2019,4,1911612,2845,13.708260105448156,7.381370826010545,-5.62390158172232
199356,2020,1,1990447,3899,6.155424467812259,8.97666068222621,-9.233136701718388
199356,2020,2,2159683,5305,10.367577756833176,5.089538171536287,-6.786050895381715
199356,2020,3,2132713,4016,15.687250996015937,8.466135458167331,-3.735059760956175
199356,2020,4,2257791,5774,11.257360581918947,4.849324558365085,-6.23484586075511
199356,2021,1,2304993,5169,19.15264074289031,6.190752563358483,-6.3842135809634355
199356,2021,2,2367155,3242,17.27328809376928,8.019740900678594,-4.626773596545343
199356,2021,3,2476029,4015,14.9439601494396,5.47945205479452,-4.732254047322541
199356,2021,4,2497384,1671,11.968880909634949,4.189108318372233,-8.378216636744465
199356,2022,2,2620194,3697,27.589937787395186,8.114687584527996,-4.057343792263998
199356,2022,3,2678928,4587,13.95247438412906,5.886200130804447,-4.142140832788314
003226,2018,1,1437293,2300,28.695652173913043,4.782608695652174,-3.9130434782608696
003226,2018,2,1509145,2338,34.217279726261765,5.560307955517536,-6.41573994867408
003226,2018,3,1579224,2794,30.780243378668576,8.589835361488905,-7.516105941302792
003226,2018,4,1641461,2549,38.05413887799137,9.02314633189486,-5.100039231071008
003226,2019,1,1708641,1998,33.033033033033036,7.507507507507508,-5.005005005005005
003226,2019,2,1781743,1531,30.04572175048988,4.5721750489875905,-7.184846505551928
003226,2019,3,1839434,1229,33.360455655004074,1.627339300244101,-4.882017900732303
003226,2019,4,1894634,1543,29.163966299416725,3.2404406999351916,-5.184705119896306
003226,2020,1,2020090,3135,8.931419457735247,7.336523125996811,-8.931419457735247
003226,2020,2,2084703,1240,24.193548387096772,8.870967741935484,-4.838709677419354
003226,2020,3,2154267,3471,28.233938346297897,6.9144338807260155,-6.9144338807260155
003226,2020,4,2252285,2967,26.289180990899897,6.740815638692281,-5.392652510953825
003226,2021,1,2262844,1817,34.1221794166208,4.953219592735278,-3.8525041276829937
003226,2021,3,2416199,2507,27.522935779816514,6.382130035899482,-6.382130035899482
003226,2021,4,2478728,2412,21.144278606965173,5.804311774461028,-4.560530679933665
003226,2022,1,2546784,2783,26.230686309737695,9.342436219906576,-4.311893639956882
003226,2022,2,2607054,2070,28.98550724637681,7.246376811594202,-8.695652173913043
003226,2022,3,2665363,2508,30.303030303030305,7.974481658692185,-4.385964912280702
005047,2018,1,1433505,4220,15.165876777251185,6.398104265402844,-2.132701421800948
005047,2018,2,1504575,3275,17.099236641221374,6.106870229007634,-2.4427480916030535
001209,2018,1,1375342,3862,24.080787156913516,5.955463490419471,-3.8839979285344377
001209,2018,2,1443923,3819,19.114951557999476,7.855459544383346,-2.3566378633150036
001209,2018,3,1515711,4493,11.350990429557088,8.680169152014244,-6.454484754061873
001209,2018,4,1614608,5239,14.506585226188204,6.48978812750525,-6.48978812750525
001209,2019,1,1641437,5835,13.881748071979434,8.05484147386461,-4.113110539845758
001209,2019,2,1778815,4397,14.100523083920855,7.2776893336365704,-3.6388446668182852
001209,2019,3,1782048,3283,19.189765458422176,10.051781906792568,-3.655193420651843
001209,2019,4,1864277,5628,9.417199715707179,11.194029850746269,-5.50817341862118
001209,2020,1,2005217,4213,14.241633040588654,8.782340375029671,-4.509850462853074
001209,2020,2,2014638,5633,0.0,7.633587786259542,-6.035860110065684
001209,2020,3,2077102,5892,6.279701289884589,6.958587915818059,-4.9219280380176516
001209,2020,4,2138836,7270,2.063273727647868,7.702888583218707,-3.8514442916093534
001209,2021,1,2192402,5847,8.380365999657943,7.867282367025825,-4.617752693689071
001209,2021,2,2278502,5532,3.4345625451916124,11.749819233550252,-7.230657989877079
001209,2021,3,2369788,5246,13.343499809378574,7.243614182234084,-4.765535646206634
001209,2021,4,2425664,5336,5.622188905547226,7.871064467766116,-4.685157421289355
001209,2022,1,2485562,5149,2.7189745581666345,7.962711206059429,-7.768498737618955
001209,2022,2,2555317,4942,3.6422501011736137,6.879805746661271,-4.653986240388506
001209,2022,3,2615895,4144,9.893822393822393,8.928571428571429,-6.515444015444015
001209,2022,4,2713308,4319,7.872192637184534,8.798332947441537,-9.26140310257004
002086,2018,1,1441765,2460,15.853658536585366,6.9105691056910565,-2.845528455284553
002086,2018,2,1513245,4406,10.894235133908307,5.901044030866999,-4.993191103041307
002086,2018,3,1603042,3644,6.311745334796927,7.135016465422613,-4.116355653128431
002086,2018,4,1668266,3726,14.761137949543748,9.66183574879227,-2.4154589371980677
002086,2019,1,1708582,3580,14.804469273743015,7.262569832402234,-5.027932960893854
002086,2019,2,1784497,3717,11.299435028248586,7.263922518159806,-5.649717514124293
002086,2019,3,1839410,3924,5.861365953109072,5.861365953109072,-4.841997961264016
002086,2019,4,1950977,3767,9.025749933634192,6.105654366870188,-7.167507300238916
002086,2020,1,2019975,3244,2.466091245376079,4.315659679408139,-5.548705302096177
002086,2020,2,2090636,3696,6.2229437229437226,6.4935064935064934,-8.116883116883116
002086,2020,3,2163161,3870,9.819121447028422,5.684754521963824,-4.909560723514211
002086,2020,4,2192051,3566,8.132361189007291,10.65619742007852,-7.851934941110488
002086,2021,1,2262482,2863,9.430667132378623,6.985679357317499,-5.239259517988124
002086,2021,2,2369667,3467,9.80674935102394,11.537352177675224,-5.768676088837612
002086,2021,3,2476658,2659,7.145543437382474,5.64121850319669,-9.778112072207596
002086,2021,4,2497496,2773,11.17922827262892,11.900468806346916,-6.130544536602956
002086,2022,1,2546393,2291,1.745962461807071,7.420340462680052,-6.983849847228284
002086,2022,2,2607101,2981,1.677289500167729,6.37370010063737,-6.709158000670916
002086,2022,3,2665762,3513,12.24025049814973,10.816965556504414,-10.247651579846286
020548,2018,1,1441377,3136,7.334183673469387,5.420918367346939,-6.058673469387755
020548,2018,2,1512860,4529,3.753587988518437,5.5199823360565246,-9.273570324574962
020548,2018,3,1581874,5559,6.835761827666847,5.396654074473826,-8.994423457456376
020548,2018,4,1667610,3946,3.0410542321338063,2.787633046122656,-10.136847440446022
020548,2019,1,1711313,3979,8.293541090726313,4.523749685850716,-8.54486051771802
020548,2019,2,1786869,3814,6.816990036706869,7.079181961195595,-12.32302045097011
020548,2019,3,1842493,3147,0.0,5.40197013028281,-13.028280902446776
020548,2019,4,1926416,4766,-0.629458665547629,4.616030214015946,-9.022240872849348
020548,2020,1,1995220,2840,-4.225352112676056,4.929577464788732,-12.32394366197183
020548,2020,2,2083676,3600,10.833333333333334,5.833333333333334,-10.277777777777779
020548,2020,3,2168435,4154,8.184882041405874,4.814636494944632,-6.981222917669716
020548,2020,4,2222359,3833,13.305504826506652,6.000521784503,-5.217845030002609
020548,2021,1,2265216,4028,5.958291956305859,3.4756703078450846,-7.447864945382324
020548,2021,2,2357668,3215,19.284603421461895,5.909797822706065,-11.19751166407465
020548,2022,1,2551107,3665,3.819918144611187,7.639836289222374,-5.184174624829468
020548,2022,2,2614028,2597,11.936850211782826,5.390835579514825,-6.1609549480169425
020548,2022,3,2676094,4510,7.5388026607538805,9.090909090909092,-7.095343680709535
002663,2019,2,1677020,4718,27.554048325561677,4.027130139889784,-6.35862653666808
002663,2019,3,1757788,4254,24.212505876821815,6.346967559943582,-5.171603196991067
002663,2019,4,1825280,5458,22.535727372663978,7.328691828508611,-4.213997801392451
002663,2020,1,1933575,5747,17.226378980337568,4.00208804593701,-6.264137811031842
002663,2020,2,1936085,5428,24.871039056742816,1.8422991893883567,-5.342667649226234
002663,2020,3,2031940,3546,12.690355329949238,6.768189509306261,-7.896221094190637
002663,2020,4,2107739,3851,19.735133731498312,5.193456245131135,-5.972474681900805
002663,2021,1,2161053,6237,15.712682379349046,4.008337341670675,-7.0546737213403885
002663,2021,2,2233987,5430,20.257826887661142,3.867403314917127,-6.077348066298343
002663,2021,3,2314438,5496,14.374090247452692,5.276564774381368,-7.4599708879184865
002663,2021,4,2390364,5225,17.22488038277512,4.784688995215311,-11.291866028708133
002663,2022,1,2457029,5437,16.001471399668937,3.3106492551039177,-5.7016737171234135
002663,2022,2,2520666,5557,11.696958790714415,4.318877091956091,-9.177613820406695
002663,2022,3,2586178,5093,18.06400942470057,2.356175142352248,-7.85391714117416
002663,2022,4,2640703,5514,20.13057671381937,6.347479143997099,-8.523757707653246
013498,2018,1,2059775,4833,18.6219739292365,7.862611214566521,-8.483343678874405
013498,2018,2,1503859,4034,14.12989588497769,6.941001487357462,-4.709965294992563
013498,2018,3,2059767,3908,16.120777891504606,7.1647901740020465,-4.605936540429887
013498,2018,4,2059754,4692,15.345268542199488,6.820119352088661,-7.033248081841432
013498,2019,1,1693850,4407,16.791468118901747,7.714998865441343,-8.168822328114363
013498,2019,2,2059736,4651,5.375188131584605,9.030316061062138,-5.375188131584605
013498,2019,3,1829645,5067,9.275705545687785,8.683639234260905,-6.315373988553385
013498,2019,4,2059733,4218,7.112375533428165,8.060692271218587,-7.823613086770981
013498,2020,2,2062178,5012,5.38707102952913,8.379888268156424,-8.180367118914605
013498,2020,4,3414098,3565,19.91584852734923,10.37868162692847,-4.207573632538569
013498,2021,1,2248061,5021,15.534754033061143,11.750647281418043,-6.5723959370643295
013498,2021,2,2329070,3849,22.603273577552613,12.470771628994544,-4.416731618602235
013498,2021,3,2406497,3174,24.889729048519218,8.506616257088847,-5.671077504725898
013498,2021,4,2463050,4217,21.81645719705952,5.45411429926488,-9.959686981266303
013498,2022,1,2528817,3525,17.872340425531917,7.092198581560284,-7.375886524822696
013498,2022,2,2592699,2943,24.125042473666326,6.455997281685355,-4.4172612979952435
002884,2018,1,1462344,2647,19.644880997355497,3.7778617302606725,-3.7778617302606725
002884,2018,2,1572323,3779,22.757343212490074,5.02778512834083,-3.1754432389521035
002884,2018,3,1612479,3985,19.82434127979925,4.767879548306149,-2.5094102885821834
002884,2018,4,1667004,4912,9.568403908794789,6.514657980456026,-7.53257328990228
002884,2019,1,1738377,4443,18.906144496961513,4.951609273013729,-4.951609273013729
002884,2019,2,1800767,4932,15.612327656123277,8.51581508515815,-3.8523925385239255
002884,2019,3,1871649,3067,21.845451581349852,5.542875774372351,-4.89077274209325
002884,2019,4,1914527,5438,20.779698418536228,4.045605001838911,-6.620080912100037
002884,2020,1,2016747,3625,-2.4827586206896552,5.517241379310345,-6.344827586206897
002884,2020,2,2117323,4050,16.049382716049383,5.185185185185185,-5.185185185185185
002884,2020,3,2129398,3914,19.92846193152785,4.3433827286663265,-3.576903423607563
002884,2020,4,2203704,4916,19.528071602929213,3.86493083807974,-3.458096013018715
002884,2021,1,2271415,4364,14.665444546287809,7.561869844179651,-5.499541704857928
002884,2021,2,2361826,3353,13.420817178645988,9.543692215926036,-6.263048016701461
002884,2021,3,2428867,4263,15.716631480178279,6.33356790992259,-7.271874266948159
002884,2021,4,2489599,4136,15.473887814313347,7.4951644100580275,-5.077369439071567
002884,2022,1,2553434,4368,13.04945054945055,8.47069597069597,-4.5787545787545785
002884,2022,2,2614575,3833,5.217845030002609,5.217845030002609,-6.000521784503
002884,2022,3,2672642,3723,12.8928283642224,7.2522159548751,-5.1034112275047
003062,2021,1,2136359,2468,8.508914100486223,3.646677471636953,-3.646677471636953
003062,2021,2,2164645,2313,9.511456982274103,2.16169476869866,-6.052745352356247
003062,2021,3,2238878,1393,18.66475233309404,7.896625987078248,-7.178750897343862
003062,2021,4,2346143,4008,17.46506986027944,8.483033932135728,-2.49500998003992
003062,2022,1,2402791,3667,14.180529042814289,6.272157076629397,-4.908644668666485
003062,2022,2,2463738,3363,18.435920309247695,2.0814748736247397,-2.3788284269997026
003062,2022,3,2529647,3939,14.216806296014218,3.3003300330033003,-2.538715410002539
003062,2022,4,2599445,3561,19.657399606852007,4.773939904521202,-3.6506599269868016
003650,2018,1,1446523,4411,12.015416005440944,3.8540013602357743,-4.7608252097030155
003650,2018,2,1523441,5313,9.787314135140223,6.39939770374553,-4.140786749482402
003650,2018,3,1594437,5370,7.4487895716946,5.027932960893855,-2.60707635009311
003650,2018,4,1662751,4539,9.032826613791583,6.389072482925754,-5.728133950209297
003650,2019,1,1718708,5236,6.302521008403361,7.830404889228419,-4.774637127578304
003650,2019,2,1788809,5701,-1.4032625855113139,7.016312927556569,-4.736011226100684
003650,2019,3,3022045,6281,-0.15921031682853048,5.253940455341506,-3.980257920713262
003650,2019,4,1902035,5346,-2.431724653946876,5.611672278338945,-4.302282080059858
003650,2020,1,2017294,4783,-8.3629521220991,7.317583106836714,-7.526656909889191
003650,2020,2,3306283,4579,-2.8390478270364707,9.609084953046516,-7.643590303559729
003650,2020,3,2153573,3665,2.1828103683492497,3.819918144611187,-5.457025920873124
003650,2020,4,2238540,4371,-1.1439029970258523,3.8892701898878976,-3.8892701898878976
003650,2021,1,2294654,3920,7.142857142857143,7.908163265306123,-7.3979591836734695
003650,2021,2,2360921,5266,16.710976072920623,7.59589821496392,-4.937333839726548
003650,2021,3,2421421,3938,4.824784154393092,3.8090401218892835,-5.078720162519045
003650,2021,4,2484478,4056,7.889546351084813,7.396449704142012,-3.2051282051282053
003650,2022,2,2612276,3731,15.81345483784508,7.236665773251139,-2.948271240954168
003650,2022,3,2673765,3432,19.230769230769234,6.118881118881119,-3.4965034965034967
014934,2018,1,1452622,2982,15.761234071093225,4.0241448692152915,-10.060362173038229
014934,2018,2,1531308,3199,9.377930603313535,4.3763676148796495,-10.315723663644889
014934,2018,3,1613396,2461,8.939455505891914,8.126777732629012,-6.50142218610321
014934,2018,4,1664542,4332,24.93074792243767,9.464450600184671,-7.386888273314866
014934,2019,1,1722810,2697,24.47163515016685,6.674082313681868,-8.527994067482387
014934,2019,2,2090317,2903,19.290389252497416,5.8560110230795726,-7.233895969686531
014934,2019,3,1861390,3116,17.650834403080875,4.813863928112966,-7.702182284980745
014934,2019,4,1922724,3120,22.435897435897438,7.051282051282052,-8.333333333333334
014934,2020,1,2003735,3674,5.443658138268916,4.0827436037016875,-14.425694066412628
014934,2020,2,2083230,1929,10.88646967340591,6.73924313115604,-17.62571280456195
014934,2020,3,2168515,3701,19.184004323155907,6.754931099702784,-9.186706295595785
014934,2021,1,2296633,3050,14.098360655737704,4.2622950819672125,-9.180327868852459
014934,2021,2,2362813,2343,20.05975245411865,5.975245411865131,-7.255655142979087
014934,2021,3,2423340,2647,26.44503211182471,5.6667925953910085,-7.555723460521345
014934,2021,4,2496106,1844,15.726681127982648,5.42299349240781,-11.3882863340564
014934,2022,1,2596047,2565,14.035087719298245,7.017543859649122,-7.017543859649122
014934,2022,2,2612233,3102,15.796260477111542,6.769825918762089,-7.7369439071566735
014934,2022,3,2672347,2025,23.209876543209877,10.37037037037037,-8.395061728395062
004321,2018,1,1381692,8833,11.321181931393637,7.698403713347673,-4.8681082304992636
004321,2018,2,1446697,8234,14.938061695409278,5.58659217877095,-4.97935389846976
004321,2018,3,1538076,6796,11.03590347263096,7.210123602118893,-4.267216009417304
004321,2018,4,1613059,7124,6.597417181358788,7.860752386299832,-7.158899494665918
004321,2019,1,1647693,8399,4.881533515894749,7.739016549589237,-5.476842481247767
004321,2019,2,1732880,6377,5.488474204171241,8.624745177983378,-4.704406460718206
004321,2019,3,1803030,9255,2.917341977309562,6.915180983252296,-5.942733657482441
004321,2019,4,1861146,7954,1.8858436007040484,6.411868242393765,-5.406084988684939
004321,2020,1,1904620,7077,0.423908435777872,8.336865903631484,-8.902077151335313
004321,2020,2,2013052,10427,-3.6443847703078545,9.782295962405295,-4.891147981202647
004321,2020,3,2086378,7547,10.73274148668345,7.28766397243938,-3.57758049556115
004321,2020,4,2127757,6789,6.18647812638091,9.868905582560023,-5.302695536897923
004321,2021,1,2189084,1512,14.55026455026455,6.613756613756614,-2.6455026455026456
004321,2021,2,2270654,3522,19.307211811470754,3.975014196479273,-4.258943781942079
004321,2021,3,2362541,4709,13.378636653217244,6.583138670630707,-5.308982798895732
004321,2021,4,2423138,3629,9.644530173601542,12.675668228162028,-8.542298153761367
004321,2022,1,2488190,3032,19.12928759894459,5.936675461741425,-5.277044854881266
004321,2022,2,2552669,2842,18.296973961998592,3.518648838845883,-4.2223786066150595
004321,2022,3,2643040,2577,18.23826154443151,6.208769887466046,-6.208769887466046
004321,2022,4,2669371,2101,17.61066158971918,9.995240361732508,-3.8077106139933363
005959,2018,1,1437351,5695,24.056189640035118,4.389815627743634,-6.84811237928007
005959,2018,2,1514961,4691,21.1042421658495,3.6239607759539547,-5.7557024088680455
005959,2018,3,1577018,5712,17.331932773109244,4.726890756302521,-7.878151260504201
005959,2018,4,1643714,5213,11.70151544216382,4.028390562056398,-7.4812967581047385
005959,2019,1,1950383,4263,15.247478301665494,3.0494956603330987,-6.098991320666197
005959,2019,2,1790265,4833,17.380509000620734,3.9313056072832606,-5.58659217877095
005959,2019,3,1846254,5139,11.870013621327107,2.5296750340533176,-7.589025102159954
005959,2019,4,3189707,5325,11.64319248826291,5.258215962441314,-9.2018779342723
005959,2020,1,1998982,4073,0.9820770930518046,6.629020378099681,-4.910385465259023
005959,2020,2,2092244,4342,8.521418701059421,4.375863657300783,-9.212344541685859
005959,2020,3,2482986,5522,8.692502716407098,5.432814197754437,-8.873596522998914
005959,2020,4,2194812,4750,13.894736842105262,4.842105263157895,-8.0
005959,2021,1,2304827,2901,23.784901758014477,1.723543605653223,-6.204756980351603
005959,2021,2,2362623,4908,17.929910350448246,2.444987775061125,-3.667481662591687
005959,2021,3,2423464,6018,19.940179461615156,3.9880358923230306,-8.97308075772682
005959,2021,4,2481803,5493,15.838339705079191,4.733296923357,-5.461496450027307
005959,2022,1,2552685,4489,26.286478057473825,3.787034974381822,-6.905769659166852
005959,2022,2,2613910,4318,27.79064381658175,3.0106530801296896,-7.874015748031496
005959,2022,3,2672126,4408,24.727767695099818,3.629764065335753,-5.671506352087114
006216,2018,1,1382431,5420,24.723247232472325,3.874538745387454,-3.321033210332103
006216,2018,2,1453925,5116,27.56059421422987,4.691164972634871,-3.127443315089914
006216,2018,3,1537679,4883,25.18943272578333,4.095842719639566,-5.9389719434773705
006216,2018,4,1612816,4609,27.554784118029943,3.9054024734215664,-5.641136906053374
006216,2019,1,1649252,3838,20.844189682126107,7.034914017717561,-3.3871808233454925
006216,2019,2,1732006,4449,29.220049449314452,4.9449314452686,-3.5963137783771635
006216,2019,3,1793355,5624,27.027027027027025,4.4452347083926025,-3.5561877667140824
006216,2019,4,1876283,3913,25.555839509327882,6.133401482238692,-5.622284692052134
006216,2020,1,1900957,2338,19.67493584260051,3.4217279726261762,-4.277159965782721
006216,2020,2,2005633,3423,8.764241893076248,4.382120946538124,-7.3035349108968735
006216,2020,3,2080199,3013,19.249917026219713,2.3232658479920345,-3.9827414537006307
006216,2020,4,2180683,1943,14.410705095213588,5.661348430262481,-3.602676273803397
006216,2021,1,2244104,2602,19.21598770176787,3.4588777863182165,-2.3059185242121445
006216,2021,2,2301619,2223,14.84480431848853,2.699055330634278,-4.9482681061628435
006216,2021,3,2391452,2034,14.257620452310718,4.424778761061947,-3.4414945919370696
006216,2021,4,2447698,1448,9.668508287292818,2.0718232044198897,-4.834254143646409
006216,2022,1,2487853,2100,20.0,1.9047619047619047,-3.8095238095238093
006216,2022,2,2551380,1627,9.21942224953903,1.2292562999385372,-3.6877688998156115
006216,2022,3,2610947,1814,24.807056229327454,3.8588754134509373,-8.820286659316428
006216,2022,4,2695376,1054,8.538899430740038,3.795066413662239,-4.743833017077799
006304,2018,2,1374662,1814,12.679162072767365,4.961411245865491,-3.8588754134509373
006304,2018,3,1441638,2730,12.087912087912088,4.029304029304029,-5.86080586080586
006304,2018,4,1524592,2535,20.512820512820515,5.128205128205129,-5.522682445759369
006304,2019,1,1586106,2113,12.304779933743493,3.7860861334595364,-5.679129200189305
006304,2019,2,1642458,1165,13.733905579399142,4.291845493562231,-1.7167381974248928
006304,2019,3,1729747,1915,15.14360313315927,3.655352480417755,-5.221932114882507
006304,2019,4,1800271,2561,17.57126122608356,3.1237797735259663,-9.3713393205779
006304,2020,1,1851915,2713,24.327312937707337,7.003317360855142,-6.634721710283818
006304,2020,2,1904670,3232,18.564356435643564,4.022277227722772,-5.25990099009901
006304,2020,3,2001247,3363,11.894142134998514,8.028545941123996,-8.325899494498959
006304,2020,4,2109110,4130,17.675544794188863,3.1476997578692494,-4.842615012106537
006304,2021,1,2154361,2713,23.59012163656469,3.6859565057132326,-6.634721710283818
006304,2021,2,2190464,2970,21.54882154882155,2.6936026936026938,-4.7138047138047146
006304,2021,3,2263845,5083,14.558331693881565,5.311823726145977,-6.49222899862286
006304,2021,4,2357105,3623,12.144631520839082,3.3121722329561134,-5.520287054926856
006304,2022,1,2442929,3232,10.82920792079208,5.25990099009901,-5.569306930693069
006304,2022,2,2484902,3927,13.750954927425518,2.546473134708429,-5.347593582887701
006304,2022,3,2551755,3514,14.797951052931133,2.5611838360842345,-4.837791690381332
006304,2022,4,2608372,1689,-1.1841326228537596,3.552397868561279,-5.328596802841918
006435,2018,1,1434104,2753,7.628042135851798,4.358881220486742,-11.623683254631311
006435,2018,2,1506840,2937,8.85257065032346,3.404834865509023,-10.214504596527068
006435,2018,3,1574328,1172,5.972696245733789,3.4129692832764507,-14.505119453924916
006435,2019,1,1702682,3920,32.90816326530612,2.5510204081632653,-10.204081632653061
006435,2019,2,1778035,4903,32.021211503161325,3.4672649398327553,-9.17805425249847
006435,2019,3,1837795,4282,28.724894908921065,1.4012143858010275,-6.071929005137786
006435,2019,4,1894310,2715,32.41252302025783,3.314917127071823,-8.839779005524862
006435,2020,1,2013756,6034,13.092475969506133,8.949287371561153,-10.109380178985749
006435,2020,2,2077115,5303,15.085800490288516,3.5828776164435228,-9.428625306430323
006435,2020,3,2147912,3462,26.28538417099942,1.4442518775274407,-7.510109763142692
006435,2020,4,2181013,4811,15.173560590313864,6.651423820411557,-5.819995842860112
006435,2021,1,2256489,3269,13.765677577240748,6.4239828693790155,-8.259406546344449
006435,2021,2,2350531,5930,10.623946037099495,3.8785834738617204,-12.31028667790894
006435,2021,3,2449242,4209,17.343787122832026,4.989308624376337,-10.216203373722974
006435,2021,4,2477822,3640,18.956043956043956,5.21978021978022,-8.791208791208792
006435,2022,1,2541923,3314,19.31200965600483,4.224502112251057,-8.147254073627037
006435,2022,2,2604406,3945,16.983523447401776,1.0139416983523448,-8.61850443599493
006435,2022,3,2662628,4671,7.921216013701563,2.354956112181546,-7.278955255833869
007343,2018,2,1423783,4007,18.46768155727477,6.239081607187423,-5.490391814324932
007343,2018,3,1493711,3753,21.849187316813214,6.661337596589395,-3.4638955502264857
007343,2018,4,1560246,4227,19.162526614620297,9.9361249112846,-3.075467234445233
007343,2019,1,1633629,4445,18.89763779527559,10.573678290213723,-3.824521934758155
007343,2019,2,1692312,4022,16.658378915962206,11.188463451019393,-2.9835902536051715
007343,2019,3,3029007,4367,15.113350125944583,9.159606136936112,-6.182734142431875
007343,2019,4,1829379,4147,13.74487581384133,8.922112370388232,-7.475283337352303
007343,2020,1,1887272,4915,17.497456765005087,9.562563580874873,-6.307222787385554
007343,2020,2,1947501,5051,11.680855276182934,6.929320926549198,-7.72124331815482
007343,2020,3,2035816,5286,13.242527430949679,6.242905788876278,-6.999621642073402
007343,2020,4,2141238,4443,20.48165653837497,10.35336484357416,-6.302048165653837
007343,2021,1,2232450,4623,19.684187756867836,9.950248756218905,-6.056673155959333
007343,2021,2,2245629,4494,18.914107699154428,6.008010680907877,-7.565643079661772
008543,2020,1,2020127,6718,2.0839535576064305,3.870199464126228,-9.377791009228938
008543,2020,2,2088577,6696,12.69414575866189,6.272401433691757,-9.408602150537636
008543,2020,3,2154565,5195,10.009624639076034,6.544754571703561,-10.779595765158806
008543,2020,4,2252343,5627,18.66003198862627,3.1988626266216458,-5.509152301403946
008543,2021,1,2263308,5057,6.723353767055567,4.943642475776152,-6.52560806802452
008543,2021,2,2354422,4179,6.221584111031347,4.0679588418281885,-9.093084469968892
008543,2021,3,2415679,2610,9.578544061302683,1.5325670498084292,-8.045977011494253
008543,2021,4,2478873,4170,6.235011990407674,2.3980815347721824,-7.194244604316547
008543,2022,1,2546439,3123,4.1626641050272175,3.8424591738712772,-8.005123278898495
008543,2022,2,2608197,3890,13.881748071979434,5.3984575835475574,-9.511568123393316
008543,2022,3,2665409,4182,17.694882831181253,6.456241032998565,-11.7168818747011
009777,2018,3,1394200,1684,18.40855106888361,6.532066508313539,-5.344418052256532
009777,2018,4,1486603,3914,19.417475728155342,6.898313745528871,-4.598875830352581
009777,2019,1,1547225,1917,17.21439749608764,9.389671361502348,-7.82472613458529
009777,2019,2,1621824,2891,8.647526807333103,6.572120373573158,-6.226219301279834
009777,2019,3,1670050,2009,22.896963663514185,6.470881035340965,-2.986560477849676
009777,2019,4,1757957,3083,25.624391826143366,8.433344145313006,-1.9461563412260783
009777,2020,1,1812946,4382,8.900045641259698,7.987220447284344,-6.3897763578274756
009777,2020,2,1876247,3962,14.891468955073195,8.076728924785462,-5.552751135790005
009777,2020,3,1932721,3166,14.845230574857865,6.948831332912192,-6.632975363234365
009777,2020,4,2024033,5047,11.293837923518923,8.718050326926887,-7.925500297206262
009777,2021,1,2117168,3047,14.112241549064654,7.548408270429931,-7.548408270429931
009777,2021,2,2152757,3513,14.802163393111302,8.255052661542841,-7.401081696555651
009777,2021,3,2223596,2845,20.38664323374341,5.975395430579965,-2.81195079086116
009777,2021,4,2308858,3624,16.83222958057395,7.450331125827815,-4.690949227373069
009777,2022,1,2399736,1675,14.328358208955223,10.746268656716417,-5.3731343283582085
009777,2022,2,2447615,2654,3.391107761868877,4.898266767143934,-13.187641296156745
009777,2022,3,2533262,1399,16.440314510364544,10.72194424588992,-5.718370264474625
009777,2022,4,2585831,1814,18.191841234840133,5.512679162072768,-4.410143329658214
010867,2018,1,1445573,1933,19.141231246766683,2.586652871184687,-2.0693222969477496
010867,2018,2,1504079,2477,14.937424303593057,3.6334275333064188,-4.037141703673798
010867,2018,3,1582436,3633,11.010184420589045,7.7071290944123305,-7.7071290944123305
010867,2018,4,1641049,2365,23.67864693446089,3.382663847780127,-5.073995771670191
010867,2019,1,1701786,1657,6.035003017501509,4.828002414001207,-4.224502112251057
010867,2019,2,1774099,1538,9.752925877763328,3.901170351105331,-3.901170351105331
010867,2019,3,1834892,2734,6.217995610826628,3.65764447695684,-5.852231163130944
010867,2019,4,1894296,2918,11.651816312542838,5.483207676490747,-4.797806716929403
010867,2020,1,2014349,2124,7.532956685499058,7.532956685499058,-6.120527306967984
010867,2020,2,2086019,2373,7.585335018963338,4.635482511588706,-5.899705014749262
010867,2020,3,2162931,2596,25.423728813559322,5.3929121725731894,-3.466872110939908
010867,2020,4,2189437,2652,15.83710407239819,4.147812971342383,-3.770739064856712
010867,2021,1,2255430,3620,16.022099447513813,5.801104972375691,-6.077348066298343
010867,2021,2,2351760,1980,6.565656565656566,2.0202020202020203,-5.050505050505051
010867,2021,3,2408980,2367,10.984368398817068,4.224757076468103,-3.802281368821293
010867,2021,4,2475309,3422,12.857977790765634,2.9222676797194627,-5.260081823495033
010867,2022,1,2551148,3716,4.3057050592034445,3.2292787944025836,-3.4983853606027986
010867,2022,2,2602292,3289,9.729401033748859,3.6485253876558223,-5.776831863788385
010867,2022,3,2659851,2334,11.568123393316196,1.713796058269066,-6.426735218508997
011259,2021,1,2010929,4346,3.6815462494247586,3.2213529682466637,-8.97376898297285
011259,2021,2,2101957,3147,10.80394026056562,4.448681283762314,-5.40197013028281
011259,2021,3,2144572,3069,17.26946888237211,6.842619745845552,-3.5842293906810037
011259,2021,4,2250164,9505,13.361388742766964,7.785376117832719,-4.629142556549184
011259,2022,1,2290563,2955,19.289340101522843,3.3840947546531304,-0.676818950930626
011259,2022,2,2379931,3329,16.22108741363773,3.0039050765995796,-4.806248122559327
011259,2022,3,2441023,3500,19.428571428571427,3.4285714285714284,-4.0
011259,2022,4,2497512,3777,21.71035213132115,3.7066454858353186,-3.9714058776806986
027786,2018,1,1449300,1280,47.65625,5.46875,-4.6875
027786,2018,2,1525484,1915,37.0757180156658,9.921671018276763,-14.62140992167102
027786,2018,3,1594202,2181,32.09536909674461,10.087116001834021,-5.960568546538285
027786,2018,4,1675918,2496,34.05448717948718,6.810897435897436,-4.807692307692308
027786,2019,1,1750077,1881,49.973418394471025,4.253056884635832,-9.037745879851144
027786,2019,2,1800277,2253,37.28362183754993,12.427873945849978,-7.1016422547714155
027786,2019,3,1870821,2461,22.348638764729785,6.095083299471759,-11.377488825680617
027786,2019,4,1931905,2786,23.689877961234743,7.178750897343862,-8.614501076812633
027786,2021,1,2282575,3396,9.128386336866901,7.067137809187279,-3.5335689045936394
027786,2021,2,2373344,2710,20.66420664206642,8.118081180811808,-3.321033210332103
027786,2022,1,2555563,3237,8.958912573370405,6.487488415199259,-10.503552672227372
027786,2022,2,2613721,3813,23.341201153947026,10.22816679779701,-6.818777865198007
027786,2022,3,2671815,3286,7.608034083992695,7.608034083992695,-9.433962264150942
028180,2019,2,1781418,1889,5.293806246691371,4.235044997353097,-8.470089994706195
028180,2019,3,1840563,2219,22.53267237494367,5.8584948174853535,-5.8584948174853535
028180,2019,4,1904449,2919,6.509078451524495,7.536827680712573,-1.7129153819801302
028180,2020,1,2014722,2789,-3.2269630692004303,5.019720329867336,-7.171029042667623
028180,2020,2,2079975,3381,9.760425909494232,3.8450162673765163,-12.718130730553092
028180,2020,3,2168748,3197,10.322177040975914,4.066312167657179,-7.507037847982483
028180,2020,4,2206607,3296,11.529126213592232,4.24757281553398,-9.405339805825243
028180,2021,1,2263158,2977,21.83406113537118,4.7027208599261,-9.4054417198522
028180,2021,2,2387674,2864,20.600558659217878,5.935754189944134,-8.379888268156424
028180,2021,3,2416030,3440,7.267441860465117,2.616279069767442,-9.883720930232558
028180,2021,4,2490928,3388,17.70956316410862,4.7225501770956315,-7.969303423848878
028180,2022,1,2546645,3241,9.564949089787103,7.096575131132367,-8.947855600123418
028180,2022,2,2608177,3092,10.996119016817593,5.174644243208279,-6.144890038809831
028180,2022,3,2665916,2497,21.22547056467761,4.004805766920304,-9.611533840608729
029736,2018,1,1444552,2049,13.66520253782333,7.320644216691069,-8.296730112249879
029736,2018,2,1520419,1911,14.65201465201465,5.2328623757195185,-8.895866038723181
029736,2018,3,1580477,1878,17.03940362087327,4.259850905218317,-6.3897763578274756
029736,2018,4,1646640,1841,15.752308527973927,5.975013579576317,-10.320478001086366
029736,2019,1,1708911,1137,22.867194371152152,2.638522427440633,-7.915567282321899
029736,2019,2,1789000,1280,21.09375,0.78125,-8.59375
029736,2019,3,1842044,3326,25.255562236921225,3.307276007215875,-6.313890559230306
029736,2019,4,1899398,1299,23.864511162432642,7.698229407236336,-10.007698229407236
029736,2020,1,2014662,4935,7.90273556231003,3.4447821681864235,-5.268490374873354
029736,2020,2,2084552,6831,15.663885229102618,5.270092226613965,-4.977309325135412
029736,2020,3,2116507,6207,21.588529080070888,3.2221685194135654,-4.67214435314967
029736,2020,4,2252782,5584,15.04297994269341,5.909742120343839,-3.044412607449857
029736,2021,1,2255853,4672,19.263698630136986,2.5684931506849313,-2.9965753424657535
029736,2021,2,2347635,5288,17.77609682299546,2.83661119515885,-6.9969742813918305
029736,2021,3,2409151,4856,17.71004942339374,1.8533772652388798,-3.500823723228995
029736,2021,4,2479269,9054,18.334437817539207,4.52838524409101,-3.4239010382151536
029736,2022,1,2541167,4374,19.89026063100137,4.343850022862369,-5.486968449931413
029736,2022,2,2602388,4827,21.752641392169046,4.764864304951315,-4.764864304951315
029736,2022,3,2660014,4842,16.52209830648492,6.815365551425031,-4.337050805452292
031846,2018,3,1423810,4744,18.54974704890388,6.112984822934233,-4.4266441821247895
031846,2018,4,1493415,5909,20.64647148417668,2.8769673379590457,-8.123201895413775
031846,2019,1,1560648,3686,30.656538252848613,2.9842647856755287,-4.3407487791644055
031846,2019,2,1635004,4804,28.51790174854288,7.077435470441299,-2.289758534554538
031846,2019,3,1692678,4176,34.24329501915709,4.07088122605364,-5.507662835249042
031846,2019,4,1765536,4597,18.92538612138351,4.3506634761801175,-6.308462040461171
031846,2020,1,1832062,4835,20.062047569803514,5.584281282316443,-6.825232678386763
031846,2020,2,1887278,6287,22.10911404485446,6.044218228089709,-5.0898679815492285
031846,2020,3,1945837,2364,2.5380710659898478,5.499153976311337,-8.460236886632826
031846,2020,4,2036701,7310,14.363885088919288,6.429548563611491,-7.7975376196990425
031846,2021,1,2136019,6780,17.256637168141594,6.1946902654867255,-6.489675516224189
031846,2021,2,2164849,6762,19.66873706004141,4.436557231588288,-5.175983436853002
031846,2021,3,2242321,4392,21.174863387978142,6.602914389799635,-8.19672131147541
031846,2021,4,2377446,3625,20.689655172413794,4.413793103448276,-7.724137931034482
031846,2022,1,2400565,2211,17.639077340569877,5.4274084124830395,-9.045680687471732
031846,2022,2,2479310,3096,15.82687338501292,9.043927648578812,-5.4909560723514215
031846,2022,3,2530634,4479,15.405224380442064,8.037508372404556,-7.367716008037509
031846,2022,4,2592299,5358,13.997760358342665,5.9723777528928705,-7.278835386338186
064166,2018,1,1433251,4671,16.912866623849283,4.281738385784629,-8.349389852280027
064166,2018,2,1506732,4698,17.667092379736058,5.5342699020859945,-4.895700297999149
064166,2018,3,1575413,4166,24.963994239078254,6.9611137782045125,-6.00096015362458
064166,2018,4,1660094,3409,19.653857436198297,9.386916984452919,-9.386916984452919
064166,2019,1,1703158,3878,19.597730789066528,9.798865394533264,-6.704486848891181
064166,2019,2,1778134,4243,16.026396417629037,8.248880509073768,-6.363422106999764
064166,2019,3,1837724,3978,18.350930115635997,7.290095525389643,-5.781799899446958
064166,2019,4,1899913,5200,19.80769230769231,6.346153846153847,-7.307692307692308
064166,2020,1,2013540,5750,2.782608695652174,8.521739130434783,-11.826086956521738
064166,2020,2,2085815,5016,4.186602870813397,9.370015948963317,-12.161084529505583
064166,2020,3,2161664,4903,10.80970834183153,5.3028757903324495,-7.954313685498674
064166,2020,4,2251880,4626,15.996541288370082,9.511456982274103,-8.862948551664505
064166,2021,1,2255621,4334,5.9990770650669125,7.383479464697738,-7.383479464697738
064166,2021,2,2350557,3411,15.8311345646438,3.224860744649663,-12.019935502785108
064166,2021,3,2409008,3441,17.72740482417902,2.615518744551003,-9.29962220284801
064166,2021,4,2484611,7163,15.635906742984782,6.8407092000558425,-7.957559681697612
064166,2022,1,2558438,3883,26.268349214524854,4.378058202420809,-5.4081895441668815
064166,2022,2,2602225,2305,6.507592190889371,4.7722342733188725,-9.544468546637745
064166,2022,3,2659728,1333,12.753188297074269,12.003000750187548,-6.751687921980496
002285,2018,1,1436438,5347,21.694408079296803,3.553394426781373,-4.488498223302787
002285,2018,2,1508387,6478,15.436863229391786,3.0873726458783572,-3.550478542760111
002285,2018,3,1576914,6279,20.06688963210702,4.61856983596114,-3.185220576524924
002285,2018,4,1643708,6306,17.760862670472566,4.4402156676181415,-4.915953060577229
002285,2019,1,1751027,6502,13.380498308212859,8.612734543217472,-3.229775453706552
002285,2019,2,1830979,7432,11.302475780409042,7.534983853606028,-7.265877287405813
002285,2019,3,1839335,6599,8.486134262767086,10.153053492953477,-6.061524473405061
002285,2020,1,2018563,5523,-4.345464421510049,11.950027159152635,-12.49321021184139
002285,2020,2,2088615,4286,2.099860009332711,10.965935604293048,-8.63275781614559
002285,2020,3,2153184,4471,4.4732721986132855,13.419816595839857,-10.735853276671886
002285,2020,4,2182400,4800,10.625,11.666666666666668,-8.541666666666668
002285,2021,1,2260997,5044,13.679619349722442,9.119746233148295,-6.740681998413957
002285,2021,2,2353071,7102,15.770205575894115,9.715573078006196,-8.589129822585187
002285,2021,3,2414339,5728,11.696927374301676,7.157821229050279,-9.078212290502794
002285,2021,4,2477775,3487,8.316604531115573,8.02982506452538,-7.4562661313449965
002285,2022,1,2544975,4151,8.431703204047217,8.913514815707059,-6.745362563237774
002285,2022,2,2640862,3641,8.788794287283713,10.711343037627024,-8.23949464432848
002285,2022,3,2663948,3845,7.542262678803642,7.542262678803642,-9.362808842652797
111864,2018,1,1487047,2736,11.330409356725147,2.9239766081871346,-5.116959064327485
111864,2018,2,1533179,2378,9.251471825063078,2.1026072329688814,-2.1026072329688814
111864,2018,3,1589585,2384,13.003355704697986,6.291946308724833,-5.033557046979865
111864,2018,4,1649749,3214,13.067828251400126,8.400746733042938,-5.289359054138146
111864,2019,1,1724313,4077,23.05616875153299,10.301692420897718,-3.924454255580083
111864,2019,2,1813241,5762,17.702186740715028,8.330440819160014,-3.471017007983339
111864,2019,3,1849597,5124,11.124121779859484,8.97736143637783,-4.68384074941452
111864,2019,4,1902349,4579,13.54007425202009,8.735531775496833,-3.712601004586154
111864,2020,1,2204947,4795,8.342022940563087,12.721584984358707,-6.256517205422314
111864,2020,2,2078216,5563,15.099766313140393,8.808197015998562,-4.13445982383606
111864,2020,3,2154312,6161,12.984905047881838,8.764810907320241,-5.843207271546827
111864,2020,4,2190414,5147,14.37730716922479,7.382941519331649,-4.662910433262095
111864,2021,1,2271524,5643,2.303739145844409,5.493531809321284,-7.974481658692185
111864,2021,2,2353461,4556,14.705882352941176,4.389815627743634,-3.072870939420544
111864,2021,3,2414929,4879,9.223201475712237,6.148800983808157,-3.4843205574912894
111864,2021,4,2483399,4876,15.586546349466776,5.3322395406070555,-5.537325676784249
111864,2022,1,2554460,5275,10.805687203791468,6.635071090047393,-6.635071090047393
111864,2022,2,2606122,4192,15.028625954198473,3.816793893129771,-7.156488549618321
111864,2022,3,2672899,4635,2.373247033441208,6.256742179072276,-6.68824163969795
002136,2019,1,1702447,2844,25.31645569620253,13.0098452883263,-0.7032348804500703
002136,2019,2,1790843,4601,14.127363616605086,7.38969789176266,-4.129537057161487
002136,2019,3,1841852,4393,21.85294787161393,7.511950830867289,-2.5039836102890964
002136,2019,4,2105098,4262,16.89347724073205,10.08916001877053,-1.642421398404505
002136,2020,1,2987703,4472,11.851520572450804,8.050089445438282,-4.472271914132379
002136,2020,2,2086743,4527,16.1254694057875,8.614976805831677,-1.104484205875856
002136,2020,3,2148419,4567,15.765272607838844,7.006787825706152,-1.5327348368732208
002136,2020,4,2251204,4150,20.0,10.36144578313253,-3.855421686746988
002136,2021,1,2254550,4056,20.463510848126234,6.16370808678501,-3.451676528599606
002136,2021,2,2348697,3596,24.74972191323693,10.011123470522802,-4.171301446051167
002136,2021,3,2408165,4256,18.796992481203006,8.223684210526315,-1.8796992481203008
002136,2021,4,2476851,4401,20.222676664394456,12.269938650306749,-3.181095205635083
002136,2022,1,2549604,4181,17.459937813920114,13.633102128677349,-3.1093039942597462
002136,2022,2,2603013,4701,17.230376515634973,10.21059349074665,-4.679855349925548
002136,2022,3,2660853,4103,18.03558371922983,9.748964172556665,-1.4623446258834998
140541,2018,2,1381594,4702,26.3717566992769,3.4028073160357293,-4.0408336877924285
140541,2018,3,1446364,4835,21.509824198552224,3.9296794208893484,-2.0682523267838677
140541,2018,4,1544082,2582,22.850503485670025,3.4856700232378004,-3.872966692486445
140541,2019,1,1591933,5232,29.051987767584098,4.587155963302752,-3.4403669724770642
140541,2019,2,1651841,6801,21.1733568592854,4.852227613586237,-3.675930010292604
140541,2019,3,1739359,6286,27.521476296531976,4.295259306395163,-3.6589245943366207
140541,2019,4,1807994,5872,25.71525885558583,4.4277929155313345,-4.598092643051771
140541,2020,1,1857650,4318,13.200555812876331,4.863362667901806,-4.863362667901806
140541,2020,2,1908456,4998,20.80832332933173,6.802721088435374,-7.202881152460984
140541,2020,3,3080571,4331,14.084507042253522,9.004848764719464,-7.1577003001616255
140541,2021,1,2158505,5202,27.10495963091119,4.421376393694733,-2.306805074971165
140541,2021,2,2191852,5840,28.253424657534246,3.4246575342465753,-3.0821917808219177
140541,2021,3,2272519,5602,29.810781863620136,3.391645840771153,-3.5701535166012137
140541,2021,4,2382466,4131,29.77487291212781,0.9682885499878964,-4.599370612442508
140541,2022,1,2435252,4079,32.36087276293209,1.9612650159352782,-1.2257906349595489
140541,2022,2,2493732,5234,29.80512036683225,1.5284677111196026,-3.8211692777990063
140541,2022,3,2565247,4711,23.986414773933348,1.0613457864572278,-3.6085756739545745
140541,2022,4,2634382,4989,25.856885147324114,2.2048506714772502,-3.2070555221487274
004818,2018,1,1451346,4960,9.274193548387096,4.637096774193548,-5.241935483870967
004818,2018,2,1567075,4034,8.924144769459595,4.214179474467031,-8.180466038671295
004818,2018,3,1596343,2832,9.533898305084746,4.590395480225989,-6.3559322033898304
004818,2018,4,1667177,4236,16.525023607176582,4.485363550519358,-6.610009442870632
004818,2019,1,1724292,1972,4.056795131845842,6.085192697768763,-7.606490872210953
004818,2019,2,1794216,3560,1.404494382022472,6.741573033707866,-11.797752808988765
004818,2019,3,1850016,2920,8.561643835616438,5.136986301369863,-9.246575342465754
004818,2019,4,1919032,2268,7.936507936507936,5.291005291005291,-7.054673721340388
004818,2021,1,2275733,3851,8.309529992209816,7.270838743183589,-4.414437808361464
004818,2021,2,2367377,4663,11.366073343341197,3.0023589963542783,-7.934805918936307
004818,2021,3,2427400,4359,12.388162422573986,3.211745813259922,-4.35879788942418
004818,2021,4,2501975,3687,13.561160835367508,5.695687550854354,-5.9669107675617035
004818,2022,1,2557644,3537,15.83262651964942,3.3927056827820183,-3.958156629912355
004818,2022,2,2621366,4187,6.4485311679006445,6.209696680200621,-7.40386911870074
004818,2022,3,2717141,3549,2.2541561003099466,5.635390250774867,-6.480698788391097
143357,2018,2,1423439,3212,19.925280199252803,5.915317559153176,-5.292652552926526
143357,2018,3,1495978,3435,21.834061135371176,5.240174672489083,-4.075691411935953
143357,2018,4,1563682,3165,16.74565560821485,4.107424960505529,-8.846761453396525
143357,2019,1,1635385,3058,12.09941137998692,1.9620667102681493,-5.886200130804448
143357,2019,2,1694792,3967,8.570708343836653,5.545752457776658,-5.545752457776658
143357,2019,3,1768176,3285,18.2648401826484,6.0882800608828,-3.95738203957382
143357,2020,1,1886923,4111,22.378983215762588,3.8919970810021893,-2.675747993189005
143357,2020,2,1943288,4615,8.234019501625136,5.200433369447454,-6.2838569880823405
143357,2020,3,2072126,4897,7.555646314069838,3.06309985705534,-4.288339799877476
143357,2020,4,2204928,3524,11.350737797956867,4.256526674233825,-4.540295119182747
143357,2021,1,2204923,3519,18.186984938903098,4.5467462347257745,-4.262574595055414
143357,2021,2,2239525,4274,17.547964436125408,4.445484323818437,-3.9775386055217594
143357,2021,3,2326904,3581,17.592851158894163,5.026528902541189,-5.305780508237922
143357,2021,4,2400506,4248,15.536723163841806,5.414312617702448,-4.943502824858757
143357,2022,1,2464407,4066,14.756517461878996,2.951303492375799,-3.9350713231677323
143357,2022,2,3001973,4685,14.08751334044824,5.3361792956243335,-5.976520811099253
143357,2022,3,2592285,4472,14.311270125223613,5.813953488372093,-3.5778175313059033
143357,2022,4,2650368,3797,17.382143797735054,8.691071898867527,-4.740584672109561
001300,2018,1,1434481,3390,13.569321533923304,5.3097345132743365,-7.374631268436578
001300,2018,2,1505006,3941,18.269474752600864,5.328596802841918,-5.328596802841918
001300,2018,3,1573641,4610,18.655097613882862,4.7722342733188725,-7.375271149674621
001300,2018,4,1647169,4668,19.92287917737789,5.784061696658098,-7.926306769494429
001300,2019,1,1701777,4113,15.074155117918794,3.8901045465596886,-8.266472161439339
001300,2019,2,1774097,4297,12.799627647195717,4.188969048173144,-12.334186641843147
001300,2019,3,1836420,3282,23.76599634369287,4.570383912248628,-9.750152346130408
001300,2019,4,1901654,2908,17.1939477303989,1.031636863823934,-8.940852819807429
001300,2020,1,1981650,5421,-2.951484965873455,7.932115845784911,-10.330197380557093
001300,2020,2,2090264,4412,8.386219401631912,5.666364460562103,-11.106074342701723
001300,2020,3,2154530,4188,17.66953199617956,4.2979942693409745,-6.446991404011461
001300,2020,4,2253176,4064,10.580708661417322,7.627952755905512,-6.397637795275591
001300,2021,1,2256490,4040,15.594059405940595,4.207920792079208,-10.148514851485148
001300,2021,2,2383870,4168,21.11324376199616,9.836852207293665,-6.957773512476008
001300,2021,3,2410081,3877,15.217952024761415,2.5793139025019345,-4.642765024503483
001300,2021,4,2484166,4554,13.83399209486166,8.124725516029864,-7.465963987703118
001300,2022,1,2563175,3903,11.785805790417628,7.173968741993339,-7.686395080707149
001300,2022,2,2607042,4149,13.015184381778742,5.302482525909858,-7.230657989877079
001300,2022,3,2665726,3805,10.512483574244415,5.256241787122208,-9.198423127463863
030923,2018,1,1463013,3909,15.093374264517777,8.186236889229981,-5.372217958557175
030923,2018,2,1515680,4583,24.874536329914903,10.473488981016802,-5.0185468034038845
030923,2018,3,1586406,4598,17.39886907351022,9.351892127011745,-5.219660722053066
030923,2018,4,2102358,4170,23.02158273381295,8.15347721822542,-8.15347721822542
030923,2019,1,1711306,5093,17.278617710583152,8.050265069703514,-6.283133712939328
030923,2019,2,1781866,4634,15.105740181268882,12.084592145015106,-5.6107034958998705
030923,2019,3,2091823,4293,17.703237829023994,10.249242953645469,-6.988120195667365
030923,2019,4,1932043,4881,15.365703749231715,9.014546199549272,-6.965785699651711
030923,2020,1,2014300,6458,7.742335088262619,11.768349334159183,-10.684422421802415
030923,2020,2,2079731,4361,21.783994496675074,10.777344645723458,-5.274019720247649
030923,2020,3,2115541,5533,14.458702331465751,7.5908187240195195,-7.952286282306163
030923,2020,4,2223250,5186,16.197454685692247,7.520246818357115,-5.013497878904743
030923,2021,1,2260926,5716,14.695591322603219,10.496850944716586,-8.397480755773268
030923,2021,2,2349551,4919,14.230534661516568,6.911973978450905,-7.318560683065664
030923,2021,3,2408835,3913,17.88908765652952,7.666751852798365,-8.94454382826476
030923,2021,4,2505874,4775,15.287958115183246,7.329842931937173,-7.120418848167539
030923,2022,1,2546644,3659,13.938234490297896,4.646078163432632,-4.646078163432632
030923,2022,2,2607270,3113,15.740443302280758,9.315772566655959,-4.49726951493736
030923,2022,3,2665191,2731,19.772976931526912,8.787989747345295,-6.5909923105089705
146017,2018,1,1366729,6826,14.796366832698506,7.6179314386170525,-11.280398476413714
146017,2018,2,1427686,6503,15.223742887897894,9.995386744579426,-11.071813009380287
146017,2018,3,1497033,5807,17.04838987428965,7.23265024969864,-9.299121749612537
146017,2018,4,1565252,6499,11.232497307278043,10.155408524388369,-10.46314817664256
146017,2019,1,1636025,6058,9.57411687025421,6.107626279300099,-10.564542753383956
146017,2019,2,1698022,6033,12.26587104259904,7.458975634012929,-11.768606000331511
146017,2019,3,1768830,6302,9.203427483338624,6.505871152015233,-12.218343383053
146017,2019,4,1831044,7387,12.318938676052523,6.63327467172059,-11.912819818600243
146017,2020,2,1950109,4984,10.834670947030498,5.818619582664526,-5.818619582664526
146017,2020,3,2030550,3186,21.343377275580664,4.394224733207784,-11.613308223477715
146017,2020,4,2146453,3902,12.045105074320862,4.1004613018964635,-9.226037929267044
146017,2021,1,2247254,3362,22.010707911957166,7.733491969066032,-5.948839976204639
146017,2021,2,2245324,5199,18.272744758607427,9.424889401808041,-4.039238315060588
146017,2021,4,2404490,3110,18.006430868167204,5.466237942122187,-3.215434083601286
146017,2022,1,2468575,4042,5.937654626422563,5.1954477981197424,-4.700643245917862
146017,2022,2,2535250,2900,14.482758620689657,3.4482758620689657,-3.4482758620689657
146017,2022,3,2594492,2895,10.01727115716753,5.872193436960276,-5.181347150259067
146017,2022,4,2658111,4270,20.140515222482435,5.3864168618266985,-4.918032786885246
001327,2018,1,1380480,3172,21.122320302648173,7.250945775535939,-1.8915510718789408
001327,2018,2,1453516,3385,18.020679468242246,6.794682422451994,-4.13589364844904
001327,2018,3,1545497,2902,22.053756030323914,5.5134390075809785,-4.135079255685734
001327,2018,4,1607779,4089,14.91807287845439,4.402054292002935,-3.4238200048911716
001327,2019,1,1649233,3802,24.986849026827986,5.260389268805891,-3.156233561283535
001327,2019,2,1724356,4242,14.615747289014616,4.0075436115040075,-3.0645921735030646
001327,2019,3,1805743,3102,21.92134107027724,5.157962604771115,-4.835589941972921
001327,2019,4,1877918,3962,22.21100454316002,5.805148914689551,-4.038364462392731
001327,2020,1,1894688,3947,20.775272358753483,4.560425639726374,-4.560425639726374
001327,2020,2,1995366,3876,18.059855521155832,2.321981424148607,-4.12796697626419
001327,2020,3,2091711,4525,22.320441988950275,4.41988950276243,-5.966850828729282
001327,2020,4,2126387,3334,23.695260947810436,2.3995200959808036,-0.5998800239952009
001327,2021,1,2184801,3917,24.253255042124074,5.105948429920858,-3.5741639009446007
001327,2021,2,2263770,3900,17.69230769230769,3.0769230769230766,-3.846153846153846
001327,2021,3,2355703,3410,25.21994134897361,3.2258064516129035,-3.519061583577713
001327,2021,4,2426363,2879,25.35602639805488,2.7787426189649183,-3.8207711010767627
001327,2022,1,2489187,3516,23.321956769055745,3.981797497155859,-1.7064846416382253
001327,2022,2,2551673,3953,23.27346319251202,3.0356691120667847,-3.0356691120667847
001327,2022,3,2617107,3635,20.357634112792297,2.200825309491059,-2.200825309491059
001327,2022,4,2674742,2830,26.148409893992934,6.360424028268551,-1.76678445229682
149318,2018,1,1435478,3918,18.12149055640633,10.974987238386932,-3.828483920367534
149318,2018,2,1530312,3186,11.613308223477715,15.693659761456372,-7.219083490269931
149318,2018,3,1602990,3088,6.476683937823834,11.6580310880829,-6.800518134715025
149318,2018,4,1643441,2902,3.7904893177119225,9.303928325292901,-8.270158511371468
149318,2019,1,1738892,2549,9.807767752059632,17.261671243624953,-8.23852491173009
149318,2019,2,1817094,2336,2.1404109589041096,10.702054794520548,-5.565068493150685
149318,2019,3,1872098,2946,4.41276306856755,10.522742701968772,-7.467752885268161
149318,2019,4,1919093,1326,10.558069381598793,6.787330316742081,-5.279034690799397
149318,2020,1,2016769,3459,3.758311650766117,12.142237640936687,-12.720439433362243
149318,2020,2,2067886,2069,-2.899951667472209,4.349927501208313,-9.18318028032866
149318,2020,3,2131450,2935,9.199318568994888,11.584327086882453,-8.517887563884157
149318,2020,4,2193011,2652,6.787330316742081,10.180995475113122,-6.033182503770739
149318,2021,1,2278794,2110,20.85308056872038,7.109004739336493,-6.6350710900473935
149318,2021,2,2363306,1631,21.459227467811157,11.649294911097487,-7.357449417535254
149318,2021,3,2431936,1995,16.040100250626566,6.015037593984962,-5.012531328320802
149318,2022,1,3193087,2574,17.094017094017094,5.439005439005439,-8.547008547008547
149318,2022,2,2656712,2601,6.920415224913495,6.151480199923107,-4.61361014994233
149318,2022,3,2682431,2744,13.119533527696792,4.008746355685131,-5.830903790087463
180405,2019,1,1724740,1430,27.27272727272727,9.79020979020979,-2.797202797202797
180405,2019,3,1861862,1154,24.263431542461007,3.466204506065858,-3.466204506065858
180405,2019,4,1905805,1073,21.435228331780056,4.659832246039143,-2.795899347623486
180405,2020,1,1999950,1175,11.063829787234043,4.25531914893617,-5.1063829787234045
180405,2020,3,2154209,1381,22.447501810282404,5.068790731354091,-1.448225923244026
180405,2020,4,2193355,1401,16.41684511063526,6.423982869379015,-5.710206995003569
180405,2021,1,2269272,1373,21.12163146394756,7.283321194464676,-4.369992716678805
180405,2021,3,2467459,1413,22.64685067232838,19.10828025477707,-3.5385704175513095
179621,2020,1,2013033,4495,-9.121245828698553,7.78642936596218,-15.57285873192436
179621,2020,4,2399400,1827,6.568144499178983,14.77832512315271,-12.588943623426383
179621,2022,1,2542034,3875,6.193548387096774,8.258064516129032,-9.032258064516128
179621,2022,3,2660060,1176,12.755102040816325,9.353741496598639,-5.1020408163265305
165993,2018,1,1446701,3071,24.4220123738196,4.88440247476392,-4.558775643112993
165993,2018,2,1525594,3905,22.535211267605632,5.377720870678617,-4.353393085787452
165993,2018,3,1591956,2952,34.21409214092141,3.048780487804878,-1.6937669376693767
165993,2018,4,1661111,5079,21.657806654853317,5.31600708800945,-6.3004528450482375
165993,2019,1,1718544,4432,31.362815884476532,4.512635379061372,-3.6101083032490973
165993,2019,2,1799001,4795,22.940563086548487,6.673618352450469,-1.4598540145985401
165993,2019,3,1859646,4318,21.76933765632237,4.400185270958777,-1.1579434923575729
165993,2019,4,1912419,4783,20.698306502195276,5.226845076311938,-1.8816642274722977
165993,2020,1,2001198,4934,15.20064856100527,8.512363194162951,-4.053506282934738
165993,2020,2,2109423,5068,21.310181531176006,4.143646408839778,-1.7758484609313339
165993,2020,3,2154577,3479,22.995113538373097,4.886461626904283,-1.1497556769186548
165993,2020,4,2200719,3677,24.748436225183575,5.983138428066359,-2.9915692140331793
165993,2021,1,2272715,3855,27.496757457846954,3.3722438391699097,-1.8158236057068744
165993,2021,2,2360644,3585,18.68898186889819,4.741980474198048,-1.9525801952580195
165993,2021,3,2425005,4456,18.402154398563734,6.732495511669659,-2.244165170556553
165993,2021,4,2508435,3471,23.624315759147223,8.931143762604437,-3.1691155286660906
165993,2022,1,2550941,3556,14.0607424071991,6.749156355455568,-1.687289088863892
165993,2022,2,2615531,2002,23.47652347652348,7.492507492507492,-5.4945054945054945
165993,2022,3,2673526,1422,15.471167369901547,10.548523206751055,-5.625879043600563
164296,2018,1,1462950,5540,16.60649819494585,3.7906137184115525,-6.859205776173286
164296,2018,2,1538434,4554,24.37417654808959,4.391743522178305,-3.732981993851559
164296,2018,3,1613872,6470,16.0741885625966,3.554868624420402,-4.4822256568778975
164296,2018,4,1671953,4077,24.03728231542801,3.4338974736325727,-4.660289428501349
164296,2019,1,1726627,6017,21.771647000166197,4.4872860229350175,-5.6506564733255775
164296,2019,2,1800556,5851,12.818321654418048,3.760041018629294,-5.981883438728422
164296,2019,3,1861772,4019,20.15426723065439,3.2346354814630502,-6.220452848967405
164296,2019,4,1933958,4814,18.487744079767346,4.570004154549231,-6.024096385542168
164296,2020,1,2004772,6284,15.11775938892425,6.524506683640992,-6.365372374283895
164296,2020,2,2086364,4832,22.144039735099337,4.552980132450331,-4.966887417218543
164296,2020,3,2211532,5384,21.916790490341754,5.757800891530461,-8.35809806835067
164296,2020,4,2218554,4701,18.719421399702192,6.594341629440545,-5.318017443097213
164296,2021,1,2260818,3862,22.00932159502848,4.142931123770067,-5.437597099948213
164296,2021,2,2391353,4566,18.615856329391153,4.818221638195357,-6.789312308366185
164296,2021,3,2423053,4520,26.991150442477878,6.858407079646018,-5.0884955752212395
164296,2021,4,2506778,4959,18.753781004234725,7.662835249042146,-6.856221012300868
164296,2022,1,2543305,5337,20.42345887202548,6.557991380925613,-4.122166010867528
164296,2022,2,2617038,4889,23.726733483329923,10.63612190632031,-7.363469012067907
164296,2022,3,2674889,6310,17.11568938193344,6.18066561014263,-6.497622820919176
148349,2018,1,1381750,2742,1.4587892049598834,4.741064916119621,-11.670313639679067
148349,2018,2,1446572,2245,7.57238307349666,5.79064587973274,-11.58129175946548
148349,2018,3,1537874,1616,12.376237623762377,5.569306930693069,-11.757425742574258
148349,2018,4,1622016,1902,6.309148264984227,8.412197686645635,-18.40168243953733
170841,2018,1,1443357,3206,11.228945726762321,5.926388022457891,-5.6144728633811605
170841,2018,2,1522158,3279,10.369014943580359,5.184507471790179,-7.9292467215614515
170841,2018,3,1583306,3500,12.857142857142856,5.142857142857142,-3.714285714285714
170841,2018,4,1653690,2555,16.43835616438356,4.305283757338552,-8.610567514677104
170841,2019,1,1718025,2507,1.994415636218588,5.1854806541683285,-11.168727562824094
170841,2019,2,1782726,2820,10.638297872340425,10.28368794326241,-6.382978723404255
170841,2019,3,1842011,1632,13.480392156862745,11.029411764705884,-2.450980392156863
170841,2019,4,1901601,2911,16.832703538302987,4.809343868086568,-8.244589488148403
170841,2020,1,1994485,3093,8.08276753960556,6.142903330100226,-10.022631749110895
170841,2020,2,2092280,1801,3.3314825097168237,3.3314825097168237,-9.439200444197667
170841,2020,3,2155352,2810,2.491103202846975,5.338078291814947,-6.405693950177937
170841,2020,4,2186471,2865,6.282722513089006,5.5846422338568935,-7.329842931937173
170841,2021,1,2265713,1260,14.285714285714285,8.73015873015873,-2.380952380952381
170841,2021,3,2418794,3065,8.809135399673735,5.872756933115824,-8.482871125611746
170841,2021,4,3001963,2630,12.167300380228136,4.562737642585551,-6.4638783269961975
170841,2022,1,2549197,2507,13.960909453530116,4.387714399680894,-5.1854806541683285
170841,2022,2,2609704,2862,20.964360587002098,6.638714185883997,-7.686932215234102
170841,2022,3,2670582,1818,2.2002200220022003,10.451045104510452,-5.500550055005501
016101,2018,1,1439740,5494,15.471423370950129,6.916636330542411,-7.28066982162359
016101,2018,2,1541801,5957,14.94040624475407,6.043310391136478,-7.722007722007722
016101,2018,3,1597005,3737,13.647310677013646,12.041744715012042,-9.633395772009633
016101,2018,4,1642397,3830,10.966057441253264,9.138381201044387,-13.054830287206268
016101,2019,1,1708683,4346,9.664058904739992,6.672802577082375,-4.601932811780948
016101,2019,2,1782369,4435,14.88162344983089,7.891770011273957,-7.891770011273957
016101,2019,3,1851146,3489,15.190599025508742,5.445686443106907,-5.159071367153913
016101,2019,4,1907773,5074,14.97832085139929,8.6716594402838,-7.489160425699645
016101,2020,1,1995276,5901,2.372479240806643,6.7785121165904085,-13.387561430266057
016101,2020,2,2085746,4661,24.67281699206179,6.007294571980262,-9.225488092683973
016101,2020,3,3499880,5883,16.488186299507053,10.3688594254632,-7.819139894611593
016101,2020,4,2190107,3861,17.094017094017097,6.734006734006734,-8.806008806008807
016101,2021,1,2265775,2613,11.86375813241485,8.036739380022963,-9.567546880979718
016101,2021,2,2358028,2292,14.834205933682373,3.926701570680628,-9.162303664921465
016101,2021,3,2418575,2686,14.147431124348474,5.956813104988831,-7.446016381236039
016101,2021,4,2483061,3480,16.379310344827584,7.471264367816092,-6.60919540229885
016101,2022,1,2548987,1763,17.01644923425978,11.911514463981849,-15.314804310833804
016101,2022,2,3069264,3748,9.871931696905015,9.6051227321238,-9.6051227321238
016101,2022,3,2667865,2987,9.708737864077671,9.03916973552059,-13.056578506863074
013721,2018,1,1451423,3995,13.76720901126408,20.77596996245307,-5.25657071339174
013721,2018,2,1533212,3541,15.814741598418527,17.226772098277323,-7.624964699237505
013721,2018,3,1602110,3328,19.83173076923077,19.53125,-4.507211538461538
013721,2018,4,1664730,3777,15.091342335186654,16.944665078104315,-6.883770187979878
013721,2019,1,1731921,3581,14.521083496230103,17.0343479475007,-7.260541748115052
013721,2019,2,1798831,3861,9.583009583009584,21.4970214970215,-4.662004662004662
013721,2019,3,1862941,3117,13.474494706448509,10.587102983638115,-4.8123195380173245
013721,2020,1,2008254,5456,7.148093841642229,8.43108504398827,-6.048387096774194
013721,2020,2,2097425,4338,8.068234209313047,6.685108344859382,-6.685108344859382
013721,2020,3,2132277,3514,15.651678998292544,7.968127490039841,-9.675583380762664
013721,2020,4,2212528,4858,15.232606010703993,6.792918896665294,-7.822149032523672
013721,2021,1,2272900,4303,13.943760167325122,5.3451080641412965,-5.3451080641412965
013721,2021,2,2364736,2901,20.682523267838675,7.928300586004826,-3.7917959324370907
013721,2021,3,2425737,3415,13.469985358711567,6.44216691068814,-8.49194729136164
013721,2021,4,2494536,4326,14.563106796116504,6.703652334720296,-6.472491909385113
013721,2022,1,3144803,3397,7.065057403591404,4.415660877244628,-6.476302619958787
013721,2022,2,2615780,3424,19.27570093457944,2.9205607476635516,-10.514018691588785
013721,2022,3,2673701,3964,11.60443995963673,4.036326942482341,-6.306760847628658
026590,2018,1,1441420,6175,26.558704453441297,6.153846153846154,-10.68825910931174
026590,2018,2,1512899,5437,28.692293544233955,5.51774875850653,-6.989148427441604
026590,2018,3,1582311,5958,12.588116817724067,2.853306478684122,-6.881503860355824
026590,2018,4,1659919,5689,22.85111618913693,4.921778871506416,-11.95289154508701
026590,2019,1,3499962,5829,21.78761365585864,4.975124378109452,-8.577800651912849
026590,2019,2,1781408,6014,11.473229132025274,2.494180246092451,-9.976720984369804
026590,2019,3,1840610,6435,10.1010101010101,2.797202797202797,-8.702408702408702
026590,2019,4,1907569,3532,13.306908267270668,4.813137032842582,-8.493771234428086
026590,2020,1,2028558,6704,-1.939140811455847,4.325775656324582,-10.143198090692124
026590,2020,2,2085862,7518,17.956903431763767,5.18754988028731,-7.980845969672786
026590,2020,3,2159830,6524,19.926425505824646,5.364806866952789,-10.729613733905579
026590,2020,4,2193260,7154,25.580095051719315,2.096729102599944,-9.505171931786412
026590,2021,1,2264445,6801,27.20188207616527,3.234818409057491,-7.204822820173503
026590,2021,2,2356303,6579,26.143790849673202,2.2799817601459185,-6.687946496428028
026590,2021,3,2417148,5092,25.333857030636292,2.7494108405341713,-5.891594658287509
026590,2021,4,2484359,6194,20.01937358734259,1.7759121730707135,-8.395221181788827
026590,2022,1,2547286,7085,19.054340155257588,3.952011291460833,-7.904022582921666
026590,2022,2,2607588,6597,22.282855843565258,2.2737608003638017,-7.427618614521752
026590,2022,3,2663843,6269,21.69405008773329,3.509331631839209,-6.540118041154889
014282,2018,1,1437211,5854,20.32798086778271,6.320464639562692,-7.345404851383669
014282,2018,2,1513965,8490,17.6678445229682,4.358068315665489,-5.418138987043581
014282,2018,3,1582457,7479,16.71346436689397,4.679770022730311,-6.284262601952133
014282,2018,4,1640455,9710,18.228630278063854,1.64778578784758,-7.826982492276004
014282,2019,1,1706403,6891,14.221448265854013,4.498621390219126,-8.561892323320272
014282,2019,2,1780232,10113,8.602788490062295,4.845248689805201,-8.998318995352516
014282,2019,3,1850465,9037,13.832023901737301,5.090184795839327,-8.520526723470178
014282,2019,4,1893435,8538,15.811665495432186,4.450691028343874,-9.01850550480206
014282,2020,1,2013884,9511,-2.418252549679319,5.887919251393123,-8.937020292293134
014282,2020,2,2086174,9381,9.167466154994138,4.370536190171624,-7.5684895000533
014282,2020,3,2114784,8121,8.742765669252556,4.063538973032878,-8.250215490703116
014282,2020,4,2182538,7619,12.337577109856937,3.018768867305421,-6.56254101588135
014282,2021,1,2261279,6783,13.710747456877488,6.04452307238685,-5.602240896358544
014282,2021,2,2353181,6748,10.52163604030824,2.8156490812092474,-9.63248369887374
014282,2021,3,2414527,6056,4.623513870541611,4.953764861294584,-5.944517833553501
014282,2021,4,2484922,7178,18.250208971858456,4.040122596823628,-6.965728615213152
014282,2022,1,2560927,6536,11.474908200734394,2.9069767441860463,-7.496940024479804
014282,2022,2,2605887,6239,13.14313191216541,2.7247956403269753,-7.6935406315114605
014282,2022,3,2664067,7329,11.870650839132214,5.3213262382316815,-6.27643607586301
063080,2018,1,1452757,4926,13.195290296386519,4.060089321965083,-4.263093788063337
063080,2018,2,1537956,4928,15.625,5.073051948051948,-4.058441558441558
063080,2018,3,1617189,4694,21.303792074989346,2.343417128248828,-2.7694929697486153
063080,2018,4,1677869,4042,18.555170707570507,3.463631865413162,-3.463631865413162
063080,2019,1,1726662,3963,20.691395407519554,3.0280090840272518,-4.542013626040878
063080,2019,2,1798763,4676,13.47305389221557,4.491017964071856,-5.560307955517536
063080,2019,3,1861826,4366,15.116811726981219,2.5194686211635364,-6.184150251946862
063080,2019,4,1934019,5115,18.963831867057674,3.1280547409579667,-9.970674486803519
063080,2020,1,1982605,4117,0.7286859363614282,5.343696866650474,-10.201603109059995
063080,2020,2,2113916,2910,12.027491408934708,3.436426116838488,-5.841924398625429
063080,2020,3,2130450,2884,18.723994452149793,4.8543689320388355,-6.588072122052705
063080,2020,4,2289419,4265,10.082063305978899,4.6893317702227435,-11.019929660023447
063080,2021,1,2272714,3923,11.215906194239103,2.2941626306398164,-5.098139179199592
063080,2021,2,2364650,4066,11.067388096409248,2.951303492375799,-7.132316773241515
063080,2021,3,2425538,4362,12.150389729481889,2.063273727647868,-4.585052728106373
063080,2021,4,2505583,3708,18.338727076591155,3.505933117583603,-5.663430420711974
063080,2022,1,2595546,4280,19.626168224299064,5.841121495327103,-3.2710280373831777
063080,2022,2,2615960,3614,20.19922523519646,4.980630879911456,-4.427227448810183
063080,2022,3,2673546,4515,14.617940199335548,2.2148394241417497,-2.2148394241417497
114524,2018,1,1439711,3030,20.13201320132013,5.6105610561056105,-5.6105610561056105
114524,2018,2,1502927,3829,10.185427004439802,6.790284669626534,-6.790284669626534
114524,2018,3,1592129,4050,13.580246913580247,10.617283950617283,-4.197530864197531
114524,2018,4,1643516,3858,13.219284603421462,10.88646967340591,-3.36962156557802
114524,2019,1,1704069,3171,16.08325449385052,7.883948281299275,-3.15357931251971
114524,2019,2,1773643,2884,19.764216366158113,7.6282940360610265,-5.894590846047157
012635,2018,1,1451245,4787,15.458533528305828,6.058073950282014,-6.475872153749739
012635,2018,2,1525917,4873,13.749230453519392,7.592858608659963,-6.15637184485943
012635,2018,3,1624817,4771,11.947180884510585,4.820792286732342,-6.4975896038566345
012635,2018,4,2717650,5713,23.10519866970068,5.951339051286539,-8.92700857692981
012635,2019,1,1716451,5217,17.634655932528272,9.392371094498753,-5.558750239601303
012635,2019,2,1781547,5924,13.841998649561107,4.388926401080351,-6.75219446320054
012635,2019,3,1872037,4392,20.264116575591984,6.830601092896175,-4.781420765027322
012635,2019,4,1901252,5707,19.800245312773786,4.555808656036446,-7.008936393902225
001161,2018,1,1439689,4039,18.321366674919535,5.1993067590987865,-4.704134686803664
001161,2018,2,1541798,4566,16.4257555847569,5.037231712658783,-3.942181340341656
001161,2018,3,1576930,3944,18.002028397565923,5.831643002028398,-5.578093306288032
001161,2018,4,1643513,3842,16.137428422696512,8.328995314940135,-6.246746486205101
001161,2019,1,1716972,3286,16.433353621424224,6.695069993913572,-6.3907486305538646
001161,2019,2,1789337,3323,9.930785434848028,6.921456515197111,-5.717724947336744
001161,2019,3,1846373,4188,21.012416427889207,8.118433619866284,-3.5816618911174785
001161,2019,4,1897451,3528,22.108843537414966,5.668934240362812,-4.81859410430839
001161,2020,1,2017567,4343,14.506101772967995,3.6840893391664746,-5.9866451761455215
001161,2020,2,2085919,4857,19.147621988882026,4.323656578134651,-3.7059913526868438
001161,2020,3,2153507,5028,26.252983293556085,8.154335719968177,-2.386634844868735
001161,2020,4,2181802,5014,20.343039489429597,2.991623454327882,-2.5927403270841642
001161,2021,1,2259888,5046,22.59215219976219,3.7653586999603648,-2.3781212841854935
001161,2021,2,2352127,3959,22.227835311947462,5.304369790351099,-6.314725940894165
001161,2021,3,2413301,3792,26.10759493670886,2.3734177215189876,-4.219409282700422
001161,2021,4,2483841,4016,20.66733067729084,5.229083665338646,-3.4860557768924303
001161,2022,1,2575036,4871,22.17203859577089,5.132416341613632,-4.105933073290905
001161,2022,2,2617159,4439,16.44514530299617,4.505519261094841,-4.054967334985357
001161,2022,3,2671032,4779,8.78844946641557,5.440468717304876,-6.06821510776313
003226,2021,2,2355809,2555,29.74559686888454,6.262230919765166,-5.870841487279844
005047,2019,1,1718444,3546,18.330513254371123,5.640157924421883,-9.024252679075014
005047,2019,2,1790160,4101,19.26359424530602,5.852231163130943,-6.827603023652768
005047,2019,3,1851169,4238,19.820670127418595,5.427088249174139,-5.427088249174139
005047,2019,4,1897315,4963,16.92524682651622,9.470078581503122,-7.656659278662099
005047,2020,1,2018264,7594,-0.9217803529101923,7.24255991572294,-8.296023176191731
005047,2020,2,2078334,3583,12.559307842590009,5.023723137036003,-7.5355847055540055
005047,2020,3,2153188,4108,20.20447906523856,6.085686465433301,-3.8948393378773125
005047,2020,4,2181497,4031,15.132721409079632,9.923096005953857,-6.450012403870008
005047,2021,1,2261099,4008,14.471057884231536,7.734530938123752,-7.48502994011976
005047,2021,2,2351657,2631,22.424933485366783,7.9817559863169905,-7.221588749524896
005047,2021,3,2412909,4134,19.35171746492501,6.289308176100628,-5.563618771165941
005047,2021,4,2476857,4484,21.855486173059766,7.805530776092774,-5.575379125780553
005047,2022,1,2543312,4280,15.654205607476635,5.841121495327103,-4.906542056074766
005047,2022,2,2604296,3930,17.557251908396946,5.089058524173028,-4.325699745547074
005047,2022,3,2662326,4038,15.106488360574541,6.191183754333829,-4.457652303120357
008543,2018,2,1520444,4485,8.249721293199554,4.236343366778149,-7.58082497212932
008543,2018,3,1582441,4030,6.20347394540943,3.4739454094292803,-8.188585607940446
008543,2018,4,1662172,5874,4.766768811712632,4.085801838610827,-10.044262853251617
008543,2019,1,1715315,6130,1.7944535073409462,5.057096247960848,-11.256117455138662
008543,2019,2,1788833,6904,9.125144843568945,3.041714947856315,-8.835457705677868
008543,2019,3,1850816,5741,7.664170005225571,4.00627068454973,-16.02508273819892
008543,2019,4,1899668,3348,0.8960573476702509,5.973715651135007,-12.246117084826762
148349,2019,1,1648601,2748,12.736535662299854,5.822416302765648,-10.553129548762737
148349,2019,2,1737024,2382,6.717044500419815,7.5566750629722925,-13.014273719563393
148349,2019,3,1800829,3537,5.937234944868532,6.2199604184337005,-12.439920836867401
148349,2019,4,1888277,2570,11.673151750972762,7.003891050583658,-10.505836575875486
148349,2020,1,1905284,2998,10.00667111407605,7.33822548365577,-11.674449633088726
148349,2020,2,1998972,3844,-7.804370447450571,9.105098855359,-13.007284079084286
148349,2020,3,2109369,4020,-4.726368159203981,10.945273631840797,-13.681592039800995
148349,2020,4,2144845,4116,-0.24295432458697766,9.718172983479107,-15.792031098153547
148349,2021,1,2200768,3140,-0.3184713375796178,9.872611464968152,-13.694267515923567
148349,2021,2,3083573,3965,7.061790668348046,10.592686002522068,-10.844892812105927
148349,2021,3,2371678,2565,10.526315789473683,8.187134502923977,-11.695906432748536
148349,2021,4,2441669,3369,5.6396556841792815,10.982487384980706,-14.544375185514989
148349,2022,1,2494820,3489,3.7259959873889366,11.17798796216681,-11.464603038119805
148349,2022,2,2560764,2673,13.468013468013469,6.734006734006734,-10.849233071455295
148349,2022,3,2650526,2394,2.923976608187134,10.025062656641603,-13.366750208855471
148349,2022,4,2683996,2262,4.862953138815207,6.18921308576481,-17.68346595932803
