gvkey,fyear,overconfidence,overconfidence_pca,overconfidence_2comp,z_net_tone,z_strong_modality,z_inverse_hedging,size,profitability,mtb,tangibility,cash,age,fin_constrained,sa_index,book_leverage_t1,debt_share_t1,debt_share_strict_t1,net_external_t1
001161,2018,0.2304016072152078,0.4940419542922528,0.360646859574695,0.2766596705338334,-0.0300888975037665,0.4446340486155567,8.424200324567073,0.12949956101843724,4.346422300263389,0.07638279192273925,0.254828797190518,46,0,-4.636886736540802,0.12076974120769741,0.0,,120.0
001161,2019,0.3508717284224744,0.398789678229843,0.3697991197827137,0.2989580482791718,0.3130169457019958,0.4406401912862556,8.704170559746386,0.12027206370272063,9.02193098871931,0.11695421366954213,0.25,47,0,-4.636886736540802,0.06382503905378263,0.0,,-193.0
001161,2020,0.3774672302026422,1.3798777905736033,0.8804196810299927,0.6997922065394063,-0.6284376714520585,1.061047155520579,9.100748695346088,0.17853157777281856,11.857220795161231,0.09473331845570185,0.25552332068734657,48,0,-4.636886736540802,0.058941943795796765,0.0,,-1895.0
001161,2021,0.3627333501639674,1.6281088806149802,0.9999032670582308,1.1222544400320047,-0.9116064836245596,0.877552094084457,9.426982836948033,0.31999355825750864,11.857220795161231,0.08607778404058297,0.29052258635961026,49,0,-4.636886736540802,0.04374075170168689,0.8557858376511226,,-3262.0
001161,2022,0.0497402261242731,0.6130965708309384,0.3345778704294432,0.0651870841046679,-0.5199350624860671,0.6039686567542185,11.121067360268281,0.08390056229653743,1.588713228765907,0.02919502811482687,0.08663805859721811,50,0,-4.636886736540802,0.045798040804301395,0.0,,-1144.0
001209,2018,0.4523980901003083,0.4263393135534569,0.4321112903198795,0.2828684258497855,0.4929716896611658,0.5813541547899735,9.86153471051546,0.14923116230322814,2.1108621619225896,0.5174441947409312,0.15517538050817853,68,0,-4.636886736540802,0.17558122347277066,0.0,,-360.5
001209,2019,0.6670932759680651,0.0061479960561506,0.3206691105467873,-0.181258937105562,1.3599416068106207,0.8225971581991367,9.849179191082785,0.1691038283675064,2.7571041187152905,0.5457271364317842,0.12747323521337922,69,0,-4.636886736540802,0.3303454715219421,0.9930830239964299,0.9924612561625361,4523.3
001209,2020,-0.0493970792568343,-0.817423451688629,-0.4402019026581213,-1.4474960704637028,0.7322125675457395,0.5670922651474601,10.133348491597863,0.13204600989331902,2.9460008987424753,0.4903550072511274,0.2526133857798438,70,0,-4.636886736540802,0.30601060344314057,0.9440633245382586,,-273.4
001209,2021,0.1211844470550227,-0.8852844578353243,-0.3928356641689371,-1.142299639157526,1.1492246695029429,0.3566283108196516,10.19836368556815,0.13166066003455054,2.4170930507982367,0.5145648418419014,0.21597069160660035,71,0,-4.636886736540802,0.3062193390848981,0.9754296626352642,0.949935149156939,385.50000000000006
001209,2022,-0.2881349381058366,-1.467618578986652,-0.8834380094269436,-1.3900527883258067,0.9024712045363774,-0.3768232305280805,10.210700156445844,0.13587520134154146,2.2048458209218684,0.5462956833844502,0.12141906253907313,72,0,-4.636886736540802,0.3447105694867589,0.9932207219931077,0.9917943107221007,2924.7999999999997
001300,2018,-0.1393494090763124,0.1077276892438105,-0.0112532500849163,0.3336398099966452,-0.3955417270591047,-0.3561463101664779,10.9642768174945,0.15354923580219135,1.9491588112093885,0.09166911879251553,0.18884253890225539,68,0,-4.636886736540802,0.2847185534859149,0.8455334987593052,,-4079.0
001300,2019,-0.8447040077085836,-0.4706351882881526,-0.6405889074925135,0.2746916010915899,-1.2529342081407238,-1.5558694160766169,10.97983719053025,0.1446002828950732,2.429688645000767,0.10221714753148486,0.17750813749382233,69,0,-4.636886736540802,0.359396773294522,0.9626354820308043,,2496.0
001300,2020,-0.6529535575842075,-1.4124074753706346,-1.0287029106977643,-1.0341494865361935,0.0985451486429062,-1.023256334859335,11.075752948017643,0.1126095438639953,2.6541566283714735,0.09821013842009105,0.23565478586690614,70,0,-4.636886736540802,0.3200093066542578,0.9166059723233795,,-5551.0
001300,2021,-0.1048467873347769,-0.2221187073961034,-0.162288846895369,0.1602065920829465,0.0100373317864072,-0.4847842858736846,11.073955278304666,0.12266170311772917,2.5348014270203194,0.10096168760663875,0.17873429502093996,71,0,-4.636886736540802,0.3297792051384986,0.9022303696914146,,-2777.0
001300,2022,-0.4828144321584709,-0.8587233201524266,-0.6661801820187097,-0.5351837991100235,-0.1160829324379934,-0.7971765649273957,11.039315340130381,0.1332476916900843,2.6271164993978324,0.10199919710959454,0.16234443998394218,72,0,-4.636886736540802,0.3500365704997968,0.9384035197988686,,-2264.0
001327,2018,0.5474726131910396,1.1825175313056886,0.8611331775568338,0.5458194442908707,-0.0798485155405492,1.176446910822797,8.48237397743796,0.33552154735032824,3.3324264325208643,0.2362649878854398,0.21276067013191413,53,0,-4.636886736540802,0.02100750817171542,0.0,,-638.6
001327,2019,0.4467271536649644,1.3980532648093598,0.922840305835858,0.829571123029938,-0.5054991506768232,1.0161094886417783,8.484587351667322,0.29211091825770724,2.7854419786759235,0.2491114968179188,0.21791057112158027,54,0,-4.636886736540802,0.035032408404644874,0.0,,-600.7
001327,2020,0.2065400542397582,1.64786450436271,0.9350948430225452,0.8711237003619597,-1.250569523325816,0.9990659856831308,8.538308682020313,0.252413495995457,4.753304482346722,0.27755693500695167,0.1908864824642137,55,0,-4.636886736540802,0.2808967837312442,0.9855818743563336,,2023.7999999999997
001327,2021,0.3377606237344186,1.8572673491861005,1.1042188148943797,1.1567590755446708,-1.1951557585855033,1.0516785542440883,9.058435501762936,0.24581233194035407,3.4515503975229023,0.19412853434528035,0.1187446890241773,56,0,-4.636886736540802,0.2720931280849242,0.0,,-989.5
001327,2022,0.6122535495577538,2.25486110784259,1.436575694610378,1.178354174603233,-1.0363907405474948,1.6947972146175228,9.090858393934143,0.25497532060672995,1.8114848204827696,0.20597714620568416,0.06607090536185174,57,0,-4.636886736540802,0.17910925985261134,0.0,,-1074.0
001602,2018,0.1489818015864996,0.4004039397701456,0.273927790005499,-0.0111677508193697,-0.1009101752514991,0.5590233308303678,11.10369327029282,0.18834317032040473,2.356258010118044,0.07465068658154661,0.4412189833774994,36,0,-4.596886736540801,0.5096722327365301,,,-12353.0
001602,2019,0.3763398033096399,0.3324040822459233,0.3476411636556973,-0.1016259593180503,0.4337370826175252,0.796908286629445,10.997204545438429,0.19689483645133737,2.8974793240323575,0.09039141139229906,0.14924548210427588,37,0,-4.636886736540802,0.5313115587469022,1.0,,-1022.0
001602,2020,-0.0964561961335542,-0.1469433259609445,-0.1201875336726579,0.1587610446479843,-0.0489935210553468,-0.3991361119933002,11.050064267720755,0.19978394865603355,2.6435746330304375,0.08414882124928512,0.1691396072949101,38,0,-4.636886736540802,0.5555301234366059,1.0,,-4180.0
001602,2021,-0.0943564536487958,0.5381480219410334,0.2289799474694947,0.7197759734943492,-0.741029255885377,-0.2618160785553597,11.021330409481017,0.2046595275075615,2.60900434889234,0.09400801111746913,0.13139867571323469,39,0,-4.636886736540802,0.6087130111638335,1.0,,
001602,2022,0.1954328445959409,0.025402222251753,0.1069515310258311,0.5985277453420491,0.3723954717361606,-0.3846246832903869,11.084002356823872,0.20501835045530628,2.762392469403111,0.09222831344727507,0.14288785491623285,40,0,-4.636886736540802,0.6733948164769336,1.0,1.0,26323.0
001891,2018,-0.6413756902919842,-0.8397480168338899,-0.7312962342630847,-0.0276059739584033,-0.4615346023497832,-1.434986494567766,10.521067619990701,0.08095996893932654,1.641080221199449,0.021400049071550097,0.05859736253899436,56,0,-4.636886736540802,0.05411373744559859,0.0,,-866.9000000000001
001891,2019,-0.6278007417020367,-0.2061079139611175,-0.4032015973415458,0.2463936644859146,-1.0769990304230184,-1.0527968591690062,10.642747506728288,0.08331323992484668,1.7678933433919746,0.018244019127333325,0.04678461696392975,57,0,-4.636886736540802,0.06276186950249583,0.0,,-958.5
001891,2020,-1.1103275036063538,-1.1637216970784394,-1.1213185142898232,-1.5034155940306555,-1.088345482239415,-0.739221434548991,10.57555153622055,0.09633989097547586,1.6970525334797204,0.030577932108616,0.048729111079904505,58,0,-4.636886736540802,0.07068737505766569,0.9500863060989644,,-288.5
001891,2021,-0.922053598923695,-0.9876766887902017,-0.9409390364409984,-0.6059503900966845,-0.8842827238890882,-1.275927682785312,10.794921908411416,0.07800707365831154,1.7961534471269667,0.023511199958993288,0.05301348095750679,59,0,-4.636886736540802,0.05693360520833003,0.0,,-1873.8000000000002
001891,2022,-0.6648120638040046,-0.8340438601828057,-0.7412456260251564,-1.0721314565234654,-0.5119449393617012,-0.4103597955268474,11.051971959532658,0.06805807046974546,1.4426976511141907,0.01749693189277639,0.02351898421074329,60,0,-4.636886736540802,0.0694708755959271,0.0,,-1030.8000000000002
002086,2018,0.3833026339468696,0.2186770788128421,0.2926602712429977,-0.5077718098366789,0.5645873593546135,1.0930923523226743,9.657650950674242,0.16239370884214566,2.3810877936193338,0.2903906399846557,0.11712806086567355,68,0,-4.636886736540802,0.3276534931017424,0.8410004466279589,,969.0
002086,2019,-0.1146251238440523,-0.4353329144937433,-0.2765029228407396,-0.7620928263726374,0.2091304741493222,0.2090869806911582,9.808792183696804,0.1498378497224207,2.6540802011762765,0.28142692244269774,0.18331226295828065,69,0,-4.636886736540802,0.3398771167390979,0.9032103497843795,,406.0
002086,2020,-0.4002839487960268,-1.084366397524751,-0.7424547993734012,-1.2964653567644608,0.2840577523587221,-0.1884442419823416,9.904437101571716,0.13382286827513862,2.363673490184325,0.26599730256256554,0.18662270842699435,70,0,-4.636886736540802,0.5462247546314251,0.9845326716294458,,8667.0
002086,2021,0.0570271874314321,-1.165669605373764,-0.5651244265397358,-0.8897729280871601,1.301330415373768,-0.2404759249923116,10.419927387086586,0.08925748038543004,1.8307518152799738,0.1732645207481877,0.08818352674442886,71,0,-4.636886736540802,0.6085127443702054,0.0,,-859.0
002086,2022,-0.4509132701486217,-1.82353200652876,-1.1415988250990865,-1.510797005375034,0.930457839752308,-0.7724006448231393,10.250157614133787,0.11429278467140383,1.5174426075582423,0.19546081238731572,0.06087602078693393,72,0,-4.636886736540802,0.5079926439383222,0.0,,-2539.0
002136,2019,1.2705027725302116,1.061938058473346,1.1446311750956126,0.6231021148460463,1.5222459673994098,1.666160235345179,12.58357371242251,0.16105811255043243,1.3268666911187517,0.392863876158189,0.013077294868147274,35,0,-4.556886736540802,0.47569048378891626,1.0,1.0,14269.0
002136,2020,0.8699024898792014,0.7013005624946369,0.7700942789807496,0.0850997299813977,1.069518911676105,1.4550888279801013,12.665018487168823,0.14422350788830926,1.243872894423362,0.3708405875866166,0.07383065650070621,36,0,-4.596886736540801,0.4853571779288372,1.0,1.0,22554.0
002136,2021,1.1635743282198847,0.9952661445948487,1.060249217783304,0.8481137581566529,1.370224549093046,1.2723846774099554,12.812015703253474,0.13079248000523738,1.0803381270935852,0.34800979825202677,0.011001211142511102,37,0,-4.636886736540802,0.4644200379266751,1.0,1.0,4242.0
002136,2022,1.311926892255425,0.3822701678145277,0.8193785640440966,0.3293360953432886,2.2970235486780823,1.3094210327449043,12.84708407166959,0.1253213232195533,0.9002464254108722,0.35178044669195113,0.010495680573114202,38,0,-4.636886736540802,0.46006495641082956,1.0,,-2012.0
002285,2018,0.1283906348256284,1.2663586012512351,0.7038868017499808,0.5027805001556884,-1.0226016990230762,0.9049931033442732,11.672992891989832,0.11671878594739218,1.6778536158283555,0.10774631685682394,0.07297267359128827,68,0,-4.636886736540802,0.21352291861552852,0.9977207529374779,,10377.0
002285,2019,0.273310096851962,-0.6174999553176044,-0.1838133736823526,-0.6416506823429311,1.1875570379205913,0.2740239349782257,11.802792648327346,0.058746492048643593,1.5858202869223572,0.10240598690364827,0.07506080449017774,69,0,-4.636886736540802,0.4268220539517274,0.999238643092801,,36113.0
002285,2020,-0.2734514357633064,-3.1738042273226714,-1.7419678479670178,-1.8098862737352777,2.663581388644116,-1.674049422198758,11.932530136632112,-0.04977125729610349,1.2461640847662618,0.08592312141767892,0.1682047641583846,70,0,-4.636886736540802,0.4304593221317628,0.9957304056114669,,-5600.0
002285,2021,-0.0482175607796011,-1.1497632364179298,-0.606496160084385,-0.4466067349792427,1.0683396378299663,-0.7663855851895273,11.839000985408878,0.005456435129049021,1.286172487152838,0.08917229632195854,0.1172411802067094,71,0,-4.636886736540802,0.4272939460247994,0.40476190476190477,,-1266.0
002285,2022,-0.1899111746673514,-1.6815601253866128,-0.9445530964838972,-1.0590225035325562,1.31937266896574,-0.8300836894352379,11.828465865550406,-0.0008679795769511306,1.2575997016776075,0.0875346462436178,0.12560175054704595,72,0,-4.636886736540802,0.3950091962747789,0.625,,-5504.0
002663,2019,0.5564004701980968,1.2380717233336989,0.8949170941324632,1.400594897961458,-0.1206327776706359,0.3892392903034684,9.48402493478411,0.11826893824155765,1.590914207484028,0.18672041375114085,0.0033182337401472723,69,0,-4.636886736540802,0.5210960232783706,0.9775171065493646,,-1257.0
002663,2020,-0.1276602797586184,0.5122722953694427,0.1996219321014025,0.4865407424825087,-0.7822247034786604,-0.0872968782797036,9.423191133804961,0.13522470093760103,1.7310976398318785,0.2119301648884578,0.06943097316521177,70,0,-4.636886736540802,0.4509971024373615,0.0,,-970.0
002663,2021,-0.4360437650302666,-0.12435162770665,-0.2704255030996029,0.227614585255567,-0.7672802888915942,-0.7684655914547728,9.370245889485805,0.13797511505028123,1.5762263507755243,0.22200443156638827,0.005880347707516618,71,0,-4.636886736540802,0.42457114026236126,0.0,,-635.0
002663,2022,-0.4956463533531072,-0.0639788656393533,-0.2683213092578477,0.1651877765878432,-0.9502964415436262,-0.7018303951035386,9.383621184117988,0.1270602085435587,1.6653758829465188,0.21712075344769594,0.009165825765220317,72,0,-4.636886736540802,0.41192569248631616,0.9578544061302682,,-205.0
002884,2018,0.2257519491022623,0.9693368975689552,0.5995285979399221,0.3849599816014082,-0.5218013485730572,0.814097214278436,11.159900992801498,0.12538430881348211,0.7462071573958097,0.375882486905033,0.007002960601229788,47,0,-4.636886736540802,0.5630348151122919,1.0,,-750.0
002884,2019,0.2874103619752917,0.759159660524592,0.5226883202978801,0.5841288322963805,-0.1831455546698853,0.4612478082993799,11.078165419805039,0.1329739581724383,0.7854509619721356,0.4288560748818387,0.026149949028451393,48,0,-4.636886736540802,0.5660672795231841,1.0,,-3054.0
002884,2020,-0.1076558554007814,0.4308503956533968,0.1665977941955577,-0.3140497217769925,-0.6561631545934598,0.6472453101681079,10.991948490147863,0.14683301343570057,0.7461356323871098,0.4720510489275011,0.006886217463043405,49,0,-4.636886736540802,0.5265807942337868,1.0,,-2667.0
002884,2021,0.2307840256187898,-0.2398813614538537,-0.0117648669783162,-0.0811822988297157,0.7158818108130022,0.0576525648730832,10.968077592589802,0.14324142568930734,0.7480743469039366,0.38532236649250773,0.006138671908678633,50,0,-4.636886736540802,0.4827450034005397,,,
002884,2022,0.0095305389371477,-0.3453787969072194,-0.1717174550806519,-0.7413959537627728,0.3720265269727471,0.397961043601469,10.727246242006135,0.14356859217656479,0.5974597169873412,0.44988043263640554,0.027445646212237555,51,0,-4.636886736540802,0.6260215180198718,1.0,1.0,15.0
003062,2021,0.0023594635543281,0.283968885284945,0.144629807455059,-0.2720820703569114,-0.2821812242471337,0.5613416852670295,9.00543646242651,0.22174275608867575,5.33713248116912,0.18333485531815863,0.01110447492996415,39,0,-4.636886736540802,0.31222581881681505,0.0,,-445.844
003062,2022,0.1453467599705778,1.2196103169854615,0.6877638930684249,0.1874421766189767,-0.9394875062251162,1.1880856095178731,9.053260272251862,0.24100388516462454,5.932369243687017,0.18428204956592026,0.014526542072434147,40,0,-4.636886736540802,0.29099501058860705,0.0,,-712.113
003144,2018,0.4973306475461597,0.5703937401777484,0.5265471207155352,0.2873174706016961,0.4388977012074086,0.7657767708293743,11.329194916012854,0.12995097096712172,2.9518938665641223,0.09892328398384927,0.19183810805614304,68,0,-4.636886736540802,0.5111656498535557,0.9578701969110361,,-1932.0
003144,2019,0.31520530625413,1.025628398023117,0.6707554224434826,0.4299573266037909,-0.395894926124575,0.9115535182831744,11.36652302320156,0.13761128025839015,3.2536437411004733,0.14135052847269655,0.12936872691911416,69,0,-4.636886736540802,0.5087861986803519,0.9765418222689533,,-1333.0
003144,2020,0.7086526556793001,-0.2875998867736815,0.1921647531085255,0.1886313546997051,1.7416284608208492,0.1956981515173459,11.37705992176308,0.1301205095307918,3.211334769061584,0.14118630865102638,0.12502291055718476,70,0,-4.636886736540802,0.4687877567458719,0.9491156857060017,0.34756625432854943,819.0
003144,2021,0.3769753443948822,0.6971281353161716,0.5336132112102356,0.3932783395613244,0.0636996107641754,0.6739480828591469,11.454808945234552,0.1354049642834432,3.182856582656803,0.12016448693219153,0.13380460817771372,71,0,-4.636886736540802,0.43770684432370666,0.825951341235184,,-1539.0
003144,2022,0.0123984859742064,0.0633640296858415,0.0378633974225568,-0.1015315539403772,-0.0385313369224944,0.1772583487854909,11.437803132373013,0.14426010370514106,3.4055289285598787,0.12124446169270076,0.12538404320688207,72,0,-4.636886736540802,0.44446946357839573,0.9274562584118439,,107.0
003226,2018,1.0583708545687116,1.7579371749386286,1.3995523684941569,2.617417415276172,0.3760078267178219,0.1816873217121409,12.435929611363521,0.11998776243225633,1.0562928358576629,0.17655870059280684,0.015710176252761398,44,0,-4.636886736540802,0.42514444942182267,1.0,,-4204.0
003226,2019,0.5877610694519882,2.047509597260818,1.3217410197998136,2.3886269432838008,-0.8801988312436624,0.2548550963158262,12.481482217979835,0.1300538316110761,1.2024377557001524,0.19877455260540441,0.027527010713173938,45,0,-4.636886736540802,0.41401545994617867,1.0,,-667.0
003226,2020,0.4725445944792912,0.3655670231830372,0.4120151565804741,0.975285694224044,0.5936034702769253,-0.1512553810630956,12.520405168853133,0.11255746360486218,1.2904431476362785,0.20367036794964016,0.04398453275105981,46,0,-4.636886736540802,0.3887533752559758,1.0,,-13542.0
003226,2021,0.7274210162320166,1.6045362921983426,1.162963467557662,1.902004289165924,-0.1436638864192739,0.4239226459493997,12.527811882549322,0.1255722078251572,1.215695496275892,0.21932911690618148,0.03310922237726754,47,0,-4.636886736540802,0.41498785346419204,1.0,,-12889.0
003226,2022,1.0120682010729638,1.126777550463419,1.056503047607448,1.9575115909592984,0.9231985080039958,0.1554945042555974,12.457900830704293,0.1437566805946944,0.9886058164609852,0.23897386065494122,0.020103002623651736,48,0,-4.636886736540802,0.39150941614963125,1.0,,-14429.0
003650,2018,-0.1385691405572691,0.0595327918710557,-0.0372290525044452,-0.8628817814935151,-0.3412493166629167,0.7884236764846246,9.855452103497571,0.15664673171755325,1.2347950897072708,0.2148777672856993,0.08000209841569615,68,0,-4.636886736540802,0.1453108375132999,,,-1367.0
003650,2019,-0.4510851190371713,-1.0222417818481473,-0.73662136163179,-2.2025281293164345,0.119987366152066,0.7292854060528543,9.890250325754108,0.16081471348229215,1.5099295738967422,0.2402087449967067,0.07447940416476669,69,0,-4.636886736540802,0.20407531824611033,0.9581351094196003,,1388.0
003650,2020,-0.885048919579631,-1.775882605909139,-1.3261471646483731,-2.6669287384446787,-0.0028524294421471,0.0146344091479325,10.0267665686963,0.11094413012729844,1.6862682019094766,0.20743458274398868,0.1707036775106082,70,0,-4.636886736540802,0.1945592576971742,0.5851851851851851,,-1340.0
003650,2021,-0.0880334019763965,-0.4054345439990492,-0.2489417585172329,-0.9267876158540412,0.2337833111052763,0.4289040988195752,10.07365217905945,0.12091944327288064,1.505607338675664,0.20522986081822017,0.13441585828764235,71,0,-4.636886736540802,0.27575167497277137,1.0,,179.0
003650,2022,0.6019616961200871,0.9837131865725766,0.7859628801617828,0.3214139086218187,0.2339593280366954,1.250511851701747,10.31886998765251,0.1203010000330044,1.4056759959074558,0.19845539456747746,0.08492029439915509,72,0,-4.636886736540802,0.22521481018590844,1.0,,-275.0
004321,2018,0.042314724515784,-0.3284044869125379,-0.1473529352601187,-0.6540474496062438,0.4216500440675895,0.3593415790860064,9.922799863568502,0.18577734183423247,2.5965736145169203,0.1746934771947033,0.053604708190289355,68,0,-4.636886736540802,0.2791140166853686,1.0,,-215.0
004321,2019,-0.272471348622398,-1.1109151917752804,-0.6956990583100887,-1.7234764018715856,0.5739840707529833,0.3320782852514081,9.928033812954128,0.19232082743816167,2.2721598282675513,0.17768453920085867,0.07288871542176904,69,0,-4.636886736540802,0.34992570579494797,1.0,,788.0
004321,2020,-0.1188485981795139,-1.4291862072188082,-0.7839212072993573,-1.778380791682873,1.211296620060173,0.2105383770841584,10.03810585426089,0.15986364828249278,2.0635372782099464,0.18337557905777466,0.1448736998514116,70,0,-4.636886736540802,0.29265628161035806,,,-808.0
004321,2021,0.2786171008209677,-0.0206902089453253,0.1219890461544986,-0.1704077617235414,0.5918732101539058,0.4143858540325386,10.11516562574106,0.16398948007283026,2.563518511025693,0.17382156585069797,0.0952458021444467,71,0,-4.636886736540802,0.30460865664947295,1.0,,1953.0
004321,2022,0.3667300960263945,0.6267354252591535,0.4931252297433303,0.4400790541876755,0.113939828592523,0.5461714052989851,10.482121346307313,0.13122336846826643,1.5185105404799282,0.10792778649921507,0.050571877102489345,72,0,-4.636886736540802,0.2036447854770037,,,-3781.0
004510,2018,0.399683429182661,-1.0835747771363866,-0.360323673747417,-0.936260046638164,1.919697635042817,0.2156126991433298,9.207767063857057,0.1291418946693001,1.2542510973201129,0.10352606197928677,0.016211663976419398,68,0,-4.636886736540802,0.3498029920892967,0.967305088024763,,232.60000000000002
004510,2019,-0.5704281255264321,-0.980664997979778,-0.7707915780329644,-1.1937515104273178,-0.1697012205133672,-0.3478316456386111,9.197528651248847,0.12182077851043786,1.6553382235862528,0.09345974252230899,0.03434724036990894,69,0,-4.636886736540802,0.3381469410193984,0.5231660231660232,,-106.60000000000001
004510,2020,-0.4448471577679318,-1.1231002900048772,-0.783909237565419,-1.663248693055968,0.2332770018270424,0.09543021792513,9.228808776259227,0.11987552030157857,1.7976081068876153,0.09021833032278333,0.05584897510406032,70,0,-4.636886736540802,0.31527317059340537,0.9921619208254787,,-603.1999999999999
004510,2021,-0.529608047613305,-0.5793861701495717,-0.5481370911151962,-1.3184867177827977,-0.492549960609523,0.2222125355524053,9.266843571209915,0.12161076616294784,1.6206952935839642,0.08998894275750617,0.04884087966506951,71,0,-4.636886736540802,0.306553400230949,0.0,,-100.9
004510,2022,-0.4069950320645391,-0.7201946873784665,-0.5607955090776884,-1.133708354155101,-0.0993940780382404,0.0121173359997242,9.321103268460455,0.12255511892080599,1.7042289438113738,0.08713399514828177,0.05120263532444747,72,0,-4.636886736540802,0.34421693414499166,0.9964758295099408,,222.6999999999999
004818,2018,-0.5310700914346979,-0.3123668629973157,-0.4123967581844745,-0.6404671937153159,-0.7684167579351446,-0.1843263226536332,9.095337630218266,0.07002528821849038,0.6939154915103677,0.11372821217646623,0.2220837577298694,68,0,-4.636886736540802,0.2463593893449424,0.0,,-2.106
004818,2019,-0.9353036900113676,-1.7256833426711056,-1.3227285768872212,-1.470775530397238,-0.1604539162596608,-1.1746816233772044,8.983020361384792,-0.052493700353834896,0.578554535666022,0.09926897828424415,0.25160625697751804,69,0,-4.636886736540802,0.2701188484738048,1.0,,2.5679999999999996
004818,2021,-0.3348400225675471,-0.0573980153180679,-0.1895775033855278,-0.5895391282321544,-0.6253650609315856,0.2103841214610986,8.892826111916483,0.04000006593802403,0.658700659641245,0.0676184820434963,0.3209813556115937,71,0,-4.636886736540802,0.19056686685220448,,,
004818,2022,-0.4913898300790545,-0.4999076126305927,-0.4892427413444002,-1.0703151253400387,-0.4956840075483631,0.0918296426512382,8.82864061741828,0.03530101069283726,0.9131215057858503,0.08715394756115424,0.3843562326058298,72,0,-4.636886736540802,0.18628997562024954,1.0,,284.0
005047,2018,0.6007283291277603,1.1733604535584157,0.88117427688388,0.1144413121398477,0.039836433615521,1.647907241627912,12.641513944489292,0.06255964338512401,0.568804150985511,0.16416770992045393,0.11501994313053773,68,0,-4.636886736540802,0.3534850853981236,0.9869015356820234,,
005047,2019,0.0739713533189266,-0.0467360431366543,0.0123232061812258,0.4797307049138679,0.1972676475943282,-0.4550842925514161,12.49143202261231,0.05410301900408949,0.7200389532715901,0.1736002525859995,0.1387757096463796,69,0,-4.636886736540802,0.30853573852248156,1.0,,-14850.0
005047,2020,-0.0962172460659998,-0.5994015991170831,-0.3505403594977706,-0.5392763050562946,0.4124289807975416,-0.1618044139392465,12.442929734972143,0.03699319792307814,0.6820475845524991,0.17621482568691507,0.17340166974417245,70,0,-4.636886736540802,0.19124169071874655,1.0,,-36157.0
005047,2021,0.3603121230501599,0.14587602007035,0.2466113951701582,0.6198606383010425,0.5877135788101634,-0.1266378479607261,12.200426737343347,0.03810955680481109,0.7133063180204552,0.07848688114082283,0.14112955941953195,71,0,-4.636886736540802,0.18501182184165121,1.0,,-4047.0
005047,2022,0.1939252404573743,0.5974868983925502,0.3954364436918085,0.1104830349873663,-0.209097166011494,0.6803898523962507,12.143068945951173,0.0381760282872175,0.6709659792958017,0.07709757812000767,0.1324419025709843,72,0,-4.636886736540802,0.14067895366309915,1.0,,-10379.0
005959,2018,-0.2593329967519757,0.3631550786928866,0.0612790842451002,0.4742886954989309,-0.9005571587461276,-0.3517305270087303,9.793388047808879,0.1321525657413661,1.460253372890722,0.0966123171215022,0.05042729794751854,68,0,-4.636886736540802,0.29961497733294945,0.9276645816560352,,857.1
005959,2019,-0.5776836267754374,-0.0523828317877165,-0.3021129159205518,-0.1979428007186999,-1.1288250484852085,-0.4062830311224037,9.92780448481139,0.1282432913826169,1.8453419381914185,0.11546776106147187,0.06361413799329504,69,0,-4.636886736540802,0.31323974070177946,0.0,,-493.0
005959,2020,-0.71782097800016,-1.065422104991267,-0.8838204638740865,-1.093514510116159,-0.3858220062523066,-0.6741264176320141,9.806794917580882,0.106247280618174,2.222472656374782,0.09685130007104815,0.18119482064472067,70,0,-4.636886736540802,0.2926610482951085,0.0,,-1454.5
005959,2021,-0.2363819230675461,0.8457578235272433,0.3170390807475877,0.5971510207127754,-1.343223930697814,0.0369271407824,9.801443752712537,0.13069912180644305,2.9237226242815533,0.10164010675644249,0.11955835612797483,71,0,-4.636886736540802,0.2934253605875587,0.0,,-1207.2
005959,2022,0.0395655727883629,1.2856452190658676,0.6731389180436185,1.624147581966912,-1.227581117722148,-0.277869745879675,9.802650125605886,0.14916268471816654,2.4206447676090614,0.11053225378285107,0.06749955756127776,72,0,-4.636886736540802,0.273438910060386,0.8981374438021837,,-645.4
006008,2018,0.1387920564596095,0.4106847797623351,0.2754732197987971,0.7306989850648179,-0.1345702702187656,-0.1797525454672237,11.759496438615137,0.25264334221610935,1.8622170471151818,0.3827356345193533,0.09104194181130483,47,0,-4.636886736540802,0.21645278485833994,0.8189280540801546,,-12061.0
006008,2019,0.2293484252849607,0.6402036907830241,0.4351182853100853,0.8287227927614093,-0.1821912947652884,0.0415137778587612,11.824255702327717,0.24357622103073454,2.097122117722891,0.41028683601418064,0.09612229351615834,48,0,-4.636886736540802,0.24121600877909216,0.919508255563532,,-7610.0
006008,2020,0.0806659036523274,0.6457353600635507,0.3665418776989157,0.4924043253040205,-0.491086044440849,0.2406794300938109,11.938787794810091,0.23590544186137657,1.5631019459014572,0.37355559765107027,0.15608363652990706,49,0,-4.636886736540802,0.22906547272662495,0.8298298298298298,,1079.0
006008,2021,1.440861446803961,1.913204392267307,1.6593963248619317,1.9303378543922056,1.00379169068802,1.3884547953316575,12.03413300960933,0.2011448523211762,1.4737064000095008,0.3788107312091018,0.16871726660570288,50,0,-4.636886736540802,0.23316474742316162,0.8701661129568107,0.5551001821493625,2196.0
006008,2022,0.8429366710410523,1.0416378651610825,0.9308633216425392,0.7730294992154476,0.6670833698380786,1.088697144069631,12.112327740044577,0.08684096363047286,0.833599171897223,0.4467087307732437,0.15561522874417225,51,0,-4.636886736540802,0.259416825005742,0.9161907825947077,0.9125398690616082,11914.0
006066,2020,-0.1823250873602488,-0.5641372613979482,-0.374602770341206,-1.1074268487423256,0.2022302786016655,0.3582213080599135,11.957425371514706,0.09863372037109462,1.1465987884927327,0.09441498740150413,0.09152342422629847,70,0,-4.636886736540802,0.4177165324505117,1.0,,-8394.0
006066,2021,-0.3153011601264517,-0.4851355198486269,-0.3975254840773161,-0.8643290119524857,-0.1508525122247229,0.0692780437978535,11.790564777297387,0.09915076400936357,1.3270725414201405,0.06754494284134212,0.0633631563397247,71,0,-4.636886736540802,0.42447914620057686,1.0,,597.0
006066,2022,-0.2985637721269314,-0.1711299685375537,-0.2310057679123355,-1.2524262117109917,-0.4336797805561231,0.7904146758863206,11.753853923076491,0.09962827031742415,1.4277508537208332,0.06453793135968187,0.06948122882987669,72,0,-4.636886736540802,0.4431718191968412,1.0,,4102.0
006216,2018,0.4677036297447738,1.8503382658600112,1.163365654771801,1.6224671490037297,-0.9236204203092804,0.7042641605398722,9.445080027827668,0.08794559772635885,1.0305012852098265,0.036194323883947194,0.0627369018713335,47,0,-4.636886736540802,0.12223513268370807,0.9771849122157553,,-2030.1359999999995
006216,2019,0.7321910606246096,1.710267991295329,1.2182406342575407,1.533807140738175,-0.2399080866412527,0.9026741277769064,9.346854524246988,0.08107637015362248,1.1829291081315756,0.026882209627373487,0.05505399202684252,48,0,-4.636886736540802,0.20854633180709667,0.9876864151412614,,137.38399999999996
006216,2020,-0.135054918374225,0.7259040545884823,0.3036455389540095,0.0239390173588466,-1.012455833030694,0.5833520605491724,9.421763749588921,0.09771916020207616,1.1828362812686346,0.07254819414662994,0.09793584496088141,49,0,-4.636886736540802,0.26134512307408747,0.9915066547970548,,965.3769999999997
006216,2021,-0.1764786546052145,0.9955030588398924,0.4203210499864651,-0.1292130828878389,-1.370078063788574,0.9698551828607692,9.591007810308996,0.08944290112583476,1.4287506957918439,0.06856015902563925,0.07015488488758224,50,0,-4.636886736540802,0.28411800508566637,0.9840345824571238,,465.85499999999985
006216,2022,-0.3866364816900032,0.7807082917994104,0.2115846356252668,0.041275840271115,-1.5830787163205435,0.3818934309794186,9.592906556205469,0.09664048483198195,1.2268513996769124,0.05617772588900768,0.0787275588780921,51,0,-4.636886736540802,0.24424857199874475,0.9877740676773492,,-868.3920000000003
006304,2018,-0.0819701040541331,0.4914761592221264,0.2100054935008694,-0.0403549907643329,-0.6659212991641383,0.4603659777660718,8.633972345574385,0.28439362090602555,3.2453902973935094,0.05094996650861771,0.45112223882016267,38,0,-4.636886736540802,0.38001619800641967,0.9698279773975118,,113.41999999999962
006304,2019,-0.3120415988767109,0.473758399162577,0.0913079466567246,-0.1006659615362683,-1.118740689943582,0.2832818548497177,9.105925631154527,0.17645137112483344,2.472474600700049,0.04981941531768384,0.19308230123585285,39,0,-4.636886736540802,0.38465133470402896,0.940326604421736,,-778.9109999999998
006304,2020,0.0285678973753049,0.333179646479842,0.1831546140872846,0.4097743638203834,-0.2806055360486543,-0.0434651356458141,9.135612515426129,0.22536142397165504,3.642645472609796,0.0668767968827452,0.21341385092177123,40,0,-4.636886736540802,0.34522297657004236,0.3190658093498154,,-938.5280000000001
006304,2021,-0.1926197799002602,0.6968697331697196,0.2620823887301694,0.3867077841053606,-1.1020241171611194,0.1374569933549781,9.237091741919333,0.27438593867623445,5.1676267329651555,0.0745692487015053,0.24286747974223657,41,0,-4.636886736540802,0.5377675380214856,0.9714280874637176,,-716.7539999999999
006304,2022,-0.570785209819027,0.0591950589016333,-0.2433393205926545,-0.8662467228224459,-1.2256769882717724,0.3795680816371368,9.44122095511817,0.3184449453715017,4.12961513962592,0.07750783355645369,0.21497095201684704,42,0,-4.636886736540802,0.4308540495383965,0.7061365621035338,,-2069.0730000000003
006435,2018,-1.605812458438859,-2.140373414013883,-1.851926344494673,-1.1736858278115898,-1.1135846863272298,-2.530166861177756,9.583144537844786,0.2777930844468935,3.220827268218763,0.49311199889791985,0.03712632594021215,68,0,-4.636886736540802,0.5333376954786364,0.7558886509635975,,-573.0
006435,2019,-0.0693100275270464,1.420017230684505,0.6906293052951794,2.405890703354894,-1.5891886931714982,-1.0246320927645354,9.634496378527837,0.27566577242687956,3.606436720539161,0.5133808807171367,0.028921023359288096,69,0,-4.636886736540802,0.5090452548079667,0.8947623666343356,,508.0
006435,2020,-0.3428978474075903,-0.2393961913366435,-0.284237021546127,0.3046114818405591,-0.4602194991305169,-0.8730855249328131,9.771269582708419,0.2516692347200822,3.115343087370884,0.4897563202647948,0.01729155966444102,70,0,-4.636886736540802,0.5100072882211134,0.9029850746268657,,1.0
006435,2021,-0.6960887147407867,-0.9384431082186168,-0.8073941792396018,-0.0285782871414272,-0.4734777857431566,-1.5862100713377765,9.789030230558303,0.20294892638896675,3.2089173179346298,0.4813029096821214,0.015137074620171553,71,0,-4.636886736540802,0.49671675013912076,0.0,,-318.0
006435,2022,-0.8463572987972509,-0.0724789167530127,-0.440143747856668,-0.0931397419420661,-1.658784400678417,-0.7871477537712699,9.796458979777604,0.1899276572064552,3.045991457985531,0.46521981079577074,0.023761825264329437,72,0,-4.636886736540802,0.4877767527675277,0.7891304347826087,,-240.0
006669,2018,-0.1502338312227343,-0.0947353960475368,-0.1207175833177161,-0.696535434719404,-0.2092663270327707,0.4551002680839718,10.259978814606379,0.08984764186714352,0.8391652961941256,0.01440177237419392,0.05586942125725522,48,0,-4.636886736540802,0.32608499508046984,0.9980726829192013,,-1558.0199999999998
006669,2019,0.0561312071749238,-0.0790894724648076,-0.0143749096394971,-0.6421483983820181,0.1971434408037658,0.6133985791030238,10.287371827276399,0.08989305033043636,0.9678878319873926,0.01440177237419392,0.05002436859387747,49,0,-4.636886736540802,0.25202520098678555,1.0,,-2615.665
006669,2020,-0.6467168874915442,-0.6048077183209036,-0.6153226091609019,-0.3838435318738525,-0.7095054441528287,-0.8468016864479512,10.306789556153063,0.10809209512941914,1.0444489818784102,0.017534821992200012,0.09796935558456862,50,0,-4.636886736540802,0.19699833575134118,1.0,,-2509.195
006669,2021,-0.4708771014566262,-1.2268846359911527,-0.849697175683706,-2.1487294847416014,0.2867630469975329,0.4493351333741896,10.410539404574417,0.15731892690923194,1.1442324957725267,0.014921865594259273,0.0890057443771155,51,0,-4.636886736540802,0.16738412546553783,1.0,,-1253.321
006669,2022,-0.328968727312541,-1.0180640180254878,-0.6760271845060981,-2.01978672147833,0.3651481870745729,0.6677323524661336,10.544928063807205,0.1809885111728413,0.8375035076996953,0.01440177237419392,0.1267831876305721,52,0,-4.636886736540802,0.13096445220398079,1.0,,-2380.25
007343,2018,0.7469299439981154,0.8546410229851038,0.7901588947569349,0.6646445390484685,0.6604720424804763,0.9156732504654012,10.677661571738447,0.34529989487956275,1.5126272593139063,0.5457395794909627,0.1568148284765769,35,0,-4.556886736540802,0.11968416961564424,0.9519978546527219,,-2415.0
007343,2019,0.7626235378315087,-0.1694457507532709,0.2776453416204346,0.1101223858477664,1.7325799302536566,0.4451682973931028,10.797266791448184,0.26111236115940845,1.1438546034733161,0.5776586822672695,0.16272219608484872,36,0,-4.596886736540801,0.13368605387682103,0.9569377990430622,,545.0
007343,2020,0.2436872131592643,-0.456695196037446,-0.1153019423720352,0.0538291743137982,0.9616655242218636,-0.2844330590578687,10.89075851312733,0.160978426916055,1.0773246022579082,0.5889749990685197,0.15168225343716235,37,0,-4.636886736540802,0.12464103043382216,,,
007343,2021,0.3795743846138262,-0.0521079976552881,0.1553783339396152,0.5861012405553581,0.8279664859622482,-0.2753445726761275,10.98273012019061,0.2280752434195993,1.526029329300413,0.5737395707658584,0.14669747999116384,38,0,-4.636886736540802,0.1142977837454551,1.0,,-2730.0
007985,2018,0.5839836840155972,0.8795615502791085,0.7247990866800262,0.4435101027115393,0.302352878686739,1.0060880706485131,10.536167911328556,0.1224072451066316,1.497348267070353,0.1692295434626723,0.041935569542931504,68,0,-4.636886736540802,0.37596437002604105,,,-1340.0
007985,2019,0.0185317800447628,0.4871849681374185,0.2557571361660357,-0.0143490142034539,-0.4559189321977827,0.5258632865355253,10.6234957247597,0.12137068315120836,1.7810770902187936,0.20499403733359292,0.0546374942198642,69,0,-4.636886736540802,0.37349614338078213,1.0,,578.0
007985,2020,-0.3214691037020195,-0.9928825669544072,-0.6580333799420893,-0.9865223960663232,0.35165944877812,-0.3295443638178554,10.702547596181969,0.11990375317637006,1.5159100550945606,0.19348310058692572,0.11034653354021903,70,0,-4.636886736540802,0.34423072406585403,,,-5975.0
007985,2021,-0.4350957923484329,-0.3080081861312604,-0.3650304627842101,-0.9966937719178012,-0.5752264514768782,0.2666328463493808,10.659116452967368,0.11531506141525165,1.7649509824091685,0.22426548298456986,0.08290471828835812,71,0,-4.636886736540802,0.34281796366129585,,,-1554.0
007985,2022,-0.683284130663659,-1.1052281556228467,-0.8877819278481247,-1.2429269491393435,-0.2742885362947276,-0.532636906556906,10.686361170969931,0.11296994629185236,2.252646243400754,0.24250942749400067,0.05889612615701063,72,0,-4.636886736540802,0.3447920247507735,1.0,,-607.0
008543,2018,-1.130471832493927,-1.2729985404704274,-1.1860369045455446,-1.3342201114745946,-1.0193416883906912,-1.0378536976164945,10.926621700028281,0.17746863654336964,2.126347543405586,0.03483230885366117,0.024982925338797226,68,0,-4.636886736540802,0.5691380325140549,1.0,,14276.0
008543,2019,-1.611426836763408,-2.508035711160847,-2.041590906178882,-1.563109470986508,-0.7510986979324599,-2.520072341371256,10.805090951658405,0.2183637433784579,2.4512163670313165,0.04057153295041708,0.0429664508534432,69,0,-4.636886736540802,0.6215674695237694,1.0,1.0,993.0
008543,2020,-0.7743794579388221,-1.0241008829497689,-0.889145013525025,-0.6706108664684313,-0.5448483467664166,-1.1076791605816183,10.766672822723178,0.2448854768633737,2.2285860505335977,0.04243472392120471,0.10431518117011854,70,0,-4.636886736540802,0.7095615211395896,1.0,,-2745.0
008543,2021,-1.0714547393952465,-0.8406158904559506,-0.9385590912049904,-1.2175978493944928,-1.337246035775759,-0.659520333015488,10.584638059911889,0.3016977456164765,2.8956382521569717,0.03929357589251828,0.1149710295271108,71,0,-4.636886736540802,0.7219786761920225,,,-2930.0
008543,2022,-0.8207908134716471,-1.235750036428214,-1.018290603881067,-0.5140419439685746,-0.4257912326528071,-1.5225392637935595,10.517429174915097,0.32951777886020456,2.930582863560102,0.043513557395681114,0.10946041023975754,72,0,-4.636886736540802,0.6801400051853772,1.0,,-1568.0
008762,2018,0.4041461596161794,1.0131322855797522,0.7083906790429406,1.4235702156577594,-0.2043428792373429,-0.0067888575718781,11.68106357724771,0.14888851322796046,1.9126628313752005,0.1741188403347139,0.10016059504691066,68,0,-4.636886736540802,0.26145358182371087,,,
008762,2022,-0.3705182565052883,-0.2411855244641486,-0.2991145025609753,-0.2010031857852346,-0.5133257643939143,-0.397225819336716,11.671705413181149,0.17805098628079993,3.2123112230393827,0.1873165654221555,0.06154869974745751,72,0,-4.636886736540802,0.2931746517806156,,,
009777,2018,0.4287984231619873,0.616552453886676,0.5176785043527223,0.5285869960169934,0.2510382607805173,0.5067700126884511,9.723840416289265,0.09645569165774058,1.1883564689760822,0.11443753627784793,0.008497244379551561,58,0,-4.636886736540802,0.34079927403007587,0.9911834099093505,,-98.89999999999995
009777,2019,0.5973924245296239,0.5062970238511675,0.542043407711369,0.4813414126272506,0.7080904581661338,0.6027454027954875,9.73922592895814,0.10311483524253995,1.1132105566162258,0.12479375854428888,0.0255916183472399,59,0,-4.636886736540802,0.30151312315004725,0.0,,-1373.9
009777,2020,0.0604223844057044,-0.6724418210445762,-0.3127549593519423,-0.4292085372981548,0.806777071920998,-0.1963013814057298,9.697950591542043,0.11283943945665123,1.1729913419142481,0.13163066039473845,0.02119232139128726,60,0,-4.636886736540802,0.2871877919651199,0.9799729696522915,,-613.5
009777,2021,0.3098274516248871,0.11084844506008,0.2040877827712384,0.1741344393449084,0.5213067893321844,0.2340411261975685,9.683775606523614,0.09936468389909685,1.195147551541576,0.13940828402366862,0.01398318280909374,61,0,-4.636886736540802,0.2953693450911856,0.0,,-345.9
009777,2022,0.0185815796021488,-0.7739096859727634,-0.3839792385778303,-0.3390558386979777,0.8237032159621072,-0.4289026384576829,9.615231982332611,0.10514695091852662,1.370669156316288,0.15625625358538897,0.07741771949250903,62,0,-4.636886736540802,0.422177500900181,0.999253766148967,,2124.4
010115,2018,0.576511006868984,0.912001006235404,0.7382907006300949,0.8232692050350937,0.2529516193467622,0.6533121962250963,10.212037860792206,0.1404017775166183,2.5173968930184727,0.08413823497006867,0.1358478093209446,40,0,-4.636886736540802,0.38044883481950476,1.0,,857.0
010115,2019,0.1234221629910091,-0.0285186817647749,0.0448337026436336,0.3018776407945753,0.2805990836857601,-0.212210235507308,10.314503890682618,0.1399542546491199,2.986691749262439,0.09782212351244737,0.1466834620611927,41,0,-4.636886736540802,0.420186425866589,1.0,,885.0
010115,2020,-0.1730406657113865,-0.9052223450577042,-0.5424069846804674,-0.6921506000612654,0.5656919722267751,-0.3926633692996694,10.443774886451738,0.111826390911739,3.1047056219050395,0.09248470725313138,0.0880862219632974,42,0,-4.636886736540802,0.37252750425918973,1.0,,-1260.0
010115,2021,0.266936334206083,0.1790143286524662,0.2184535625982219,0.3294114556884946,0.3639018774218053,0.1074956695079491,10.45250451367605,0.1372469752533857,3.2875761600877826,0.09390430539112356,0.08717622938985302,43,0,-4.636886736540802,0.3667172757835376,1.0,,725.0
010115,2022,0.3911385244094678,-0.014119183385265,0.1783999950662075,-0.502187211781775,0.8166155830959884,0.8589872019141901,10.515533131659032,0.1289176878863464,2.87697546361566,0.09334670859993494,0.05227198785381195,44,0,-4.636886736540802,0.33809380637402286,1.0,,-972.0
010867,2018,0.0154464684762803,0.8577658845062328,0.4425912102256428,0.2722250114493282,-0.8388430150224447,0.6129574090019575,10.987781149608049,0.1814631342248973,2.073065905455898,0.8906453412683653,0.023247163846010787,57,0,-4.636886736540802,0.4383279555072722,1.0,,-3022.0
010867,2019,-0.3950788660089594,-0.0301020993695064,-0.205157105738058,-1.0351636146624037,-0.7749223865507623,0.6248494031862875,11.029601512821493,0.17373891330079613,2.4671726653478827,0.8925068573134496,0.014657954047962642,58,0,-4.636886736540802,0.4540690406743806,1.0,,-2082.0
010867,2020,0.0158974708467578,0.3649449928592618,0.1922593623741864,-0.1890829099107025,-0.3368263122080993,0.5736016346590753,11.041288502561814,0.16542196865284145,2.694344453668387,0.8925068573134496,0.029904804641174395,59,0,-4.636886736540802,0.4956788665879575,1.0,,-4659.0
010867,2021,-0.3970346779628167,0.2910632920534281,-0.0425302322511418,-0.5595566432842961,-1.1060435693861663,0.4744961787820123,11.059188808188365,0.1816607634789453,3.0292241646595826,0.891900826446281,0.016135379771743407,60,0,-4.636886736540802,0.5341105288086907,1.0,,-2493.0
010867,2022,-0.709656746848042,0.0566634956735056,-0.3110314037791459,-1.0172935385212034,-1.5069074329858343,0.3952307309629115,11.089026492382516,0.18724503048174915,2.4716224619169127,0.8817552598206236,0.01572216535011994,61,0,-4.636886736540802,0.5091312637788238,1.0,,-1296.0
011259,2021,-0.2195326031492929,-0.1754031025148525,-0.1944843961052149,-0.6084773147932427,-0.2696290172374489,0.2195085225828129,12.408441897627906,0.14872171853303928,1.8105791472678265,0.45995262599036185,0.060279343298211226,51,0,-4.636886736540802,0.24228506108216796,1.0,,-7568.0
011259,2022,0.1617458112740156,1.5784832046989918,0.8780937730498274,0.5657235614667799,-1.270950112277608,1.1904639846328748,12.40162709347175,0.13461925928362603,1.835404671932631,0.49027742940907987,0.03546507563826856,52,0,-4.636886736540802,0.24295262659519254,1.0,,-2029.0
012540,2018,0.9443214309180252,2.0079331168800127,1.4700575889109224,1.447118908567918,-0.1071508850677692,1.4929962692539265,9.839944908681455,0.16943485962413343,6.73859624612959,0.057280100968197974,0.17203989070729633,33,0,-4.476886736540802,0.19931544522791197,0.0,,-2957.052
012540,2019,0.6727361804709674,2.2573652419101955,1.467757135781564,1.8612063552240108,-0.917305730150226,1.0743079163391174,9.940898937534275,0.185119302200131,7.3901214536855075,0.062276759912148885,0.20117982506839283,34,0,-4.516886736540802,0.19387250864766925,0.9209138840070299,,-3467.0
012540,2020,0.6019766100322868,0.9666434038648972,0.7787526683750822,1.2167979964318307,0.2484244933466958,0.3407073403183336,10.097572976250325,0.1974962938560369,9.63165582276396,0.08252347224509965,0.2467468291879427,35,0,-4.556886736540802,0.17154289490106825,0.0,,-4378.0
012540,2021,0.6108759596715388,1.7074901072063997,1.158758205797866,1.3637780771499115,-0.4848885325811151,0.95373833444582,10.212478470309156,0.23358173341654123,11.851684960170331,0.07767703094600051,0.21284093829154582,36,0,-4.596886736540801,0.17055034051168783,0.0,,-6790.0
012540,2022,0.6217531649036232,0.9425461252696766,0.7763975104152926,1.4893241077799908,0.3124644738802843,0.0634709130505944,10.209684658985623,0.24634640161973126,6.0368363703294685,0.08521995214430333,0.22440640530093872,37,0,-4.636886736540802,0.13700930185701332,0.0,,-4675.0
012635,2018,-0.0948093693276056,-0.1650074776175562,-0.1286466342355827,0.1043841663308763,-0.0271348395116514,-0.3616774348020417,9.329189505814563,0.1735926123246315,3.0903769312733083,0.035340081690641095,0.03684958266737702,33,0,-4.476886736540802,0.29200789280233175,0.9922718715941742,,14582.0
012635,2019,0.1640380689825278,0.2729932219549203,0.2171377454064647,0.3755034857100947,0.0578387161346541,0.0587720051028347,11.258536314572247,0.041488799184926296,1.3059084718657707,0.029533525064806096,0.011516785101690762,34,0,-4.516886736540802,0.2851820581889331,0.9852713178294573,,-3714.0
012635,2020,0.6188336749376298,1.6622501790084545,1.140021577260379,1.6155844769000474,-0.4235421297078687,0.6644586776207106,11.220150445452438,0.0656267170559777,1.3061515967783004,0.028571811468928825,0.012141679733043862,35,0,-4.556886736540802,0.2881873860640795,0.9787072243346008,,-4092.0
012635,2021,0.254943493512172,0.856403945491943,0.5561132913903313,0.3356586217092405,-0.3473961022441464,0.7765679610714221,11.24175957962956,0.06995501580348595,1.172966202835447,0.030387283767655968,0.010950963291321853,36,0,-4.596886736540801,0.2643408172268657,0.9159616469261139,,-4229.0
012635,2022,0.3855092982323353,1.3746324416513882,0.8826514967129979,1.360411571917959,-0.6087750987289898,0.4048914215080367,11.337011336692877,0.07967186922462412,1.0235498217458179,0.030333019351607864,0.01075486771035782,37,0,-4.636886736540802,0.26296622290681043,0.9821806633733239,,-2174.0
013421,2018,1.8939625758733216,2.2483875293475077,2.045180026269443,1.9286244472422576,1.5915276750810805,2.161735605296628,7.8114283418173995,0.219102798529077,5.11223654671736,0.1023351186517025,0.21602784351310472,32,0,-4.4132309401274545,0.13593339737431956,0.0,,-343.886
013421,2019,1.8112262099047272,1.7404735735405026,1.7477884298648956,1.6084779715126851,1.93810176998439,1.8870988882171056,8.118870018862705,0.18639739665944344,5.917715315476324,0.11205623692186255,0.2100574134888189,33,0,-4.469217037424742,0.12519765059348967,0.0,,-415.289
013421,2020,1.933143436234019,1.6072767030440955,1.7388035431210422,1.8848136374686693,2.321823222459973,1.592793448773415,8.281669572327361,0.20490459490961924,9.757693630506344,0.1125039707298676,0.2349993735422201,34,0,-4.514390285881112,0.10942710471857939,0.0,,-642.507
013421,2021,2.228675910112746,1.581651665139289,1.8665304105964096,1.8265454027469252,2.9529669091454185,1.9065154184458943,8.386241098108894,0.22016328572219998,11.857220795161231,0.09940840786275629,0.24825940958425316,35,0,-4.556510979814996,0.17989862316483457,0.7401358395977609,,-756.624
013421,2022,0.6558251945358318,1.7601898201856168,1.2066769829097597,1.2322468226927832,-0.4458783822120238,1.181107143126736,8.54423835166823,0.24211501067437066,8.706647036803657,0.10547450093642857,0.17175643474657057,36,0,-4.596886736540801,0.142170258317722,0.0,,-703.573
013498,2018,0.1849612352262047,-0.0914594781248101,0.041931296114525,0.1028117403708358,0.4710211134495641,-0.0189491481417857,10.65492722584759,0.12601117898162778,1.233103936227919,0.8334001556567062,0.02313624678663239,32,0,-4.436886736540802,0.25529317768209864,1.0,,1419.0
013498,2019,-0.0557574348441724,-1.1036724042033037,-0.5873766209750496,-0.8528131777004023,1.007480937417582,-0.3219400642496969,10.715705827737088,0.1208442451950819,0.939627147232456,0.846242620622309,0.011496293665941675,33,0,-4.476886736540802,0.5295467691676152,0.822157753571624,0.8054219764366434,16636.0
013498,2020,0.350025044890597,-0.7390578983445312,-0.208497763646634,-0.4040638940747705,1.467070661965059,-0.0129316332184976,10.889173741515435,-0.04890564066202676,0.9347911107793929,0.7359729815460975,0.17750452484466256,34,0,-4.516886736540802,0.64875149970006,0.9147787051974469,0.8734130407987181,8113.0
013498,2021,0.7349652474947589,-0.0406557956043865,0.33096938469026,0.8708773032833147,1.542956973103757,-0.2089385339027945,10.88451678555052,-0.052493700353834896,1.023982453509298,0.7393521295740851,0.17147195560887823,35,0,-4.556886736540802,0.6939829410285671,0.8497171145685997,0.8120847832964252,6322.0
013498,2022,0.4102290269541795,0.5515509501421973,0.4763801064363984,0.8392462363285607,0.2779268679897415,0.1135139765442362,10.853271085892318,-0.032183819120747345,0.9357845772972554,0.7728951898342455,0.11637622575092355,36,0,-4.596886736540801,0.6492263843648208,0.9909638554216867,,-4692.0
013721,2018,1.946313144060684,-1.677839446800765,0.077037849922485,0.1135028184216442,5.684863732337081,0.0405728814233258,9.285169512596832,0.2067365686183539,4.405097288670317,0.15384615384615385,0.15783613250440753,8,1,-3.4768867365408016,0.5756604590731919,0.0,,-619.0
013721,2019,1.4951358035744131,-1.5755510463592233,-0.0869404041941425,-0.4227217940421095,4.659288219111525,0.2488409856538243,9.354007721788596,0.21870939800779557,6.027036015591165,0.1844088349935037,0.167518406236466,9,1,-3.5168867365408016,0.5439047689029319,0.9841269841269841,,510.0
013721,2020,-0.1897896741854976,-0.9685872096286864,-0.5823135314346233,-0.5718258962905987,0.5952580403127539,-0.592801166578648,9.518486617560317,0.20236608126974795,6.3242801822323464,0.17591299875082667,0.26482474832831215,10,1,-3.5568867365408017,0.48805755395683453,,,
013721,2021,0.1013990902521709,0.0066827665093658,0.0517718310256292,0.0447760506660563,0.2006536087052542,0.0587676113852021,9.539644119118783,0.23647482014388488,8.784621094964029,0.18726618705035972,0.25071942446043166,11,1,-3.5968867365408017,0.5449246231155779,,,
013721,2022,-0.723164427368538,-0.3899194609313299,-0.5428546681305152,-0.4045197289109351,-1.0837839458445837,-0.6811896073500953,9.610792938260802,0.22814070351758794,5.099099658291458,0.1991959798994975,0.23993299832495812,12,1,-3.6368867365408017,0.4768304633907322,0.0,,-2415.0
014282,2018,-0.227340348451979,0.4012233902822687,0.0957438839134539,0.4275202627176436,-0.8735088131828449,-0.2360324948907357,9.21482032199789,0.19810052862646718,2.7631106332566775,0.0871885235293532,0.12859261914006115,31,0,-4.396886736540802,0.3519116083398826,0.8503860417046629,,-297.30000000000007
014282,2019,-0.7013651704652544,-0.7650022638290771,-0.7224830375763347,-0.3347249871504082,-0.6591294362430937,-1.110241088002261,9.288735569403556,0.17902084970643983,3.3329773935555456,0.11055429707364431,0.084009061069761,32,0,-4.436886736540802,0.33223820301282525,0.8667886993161568,,-104.20000000000033
014282,2020,-0.9319511908692067,-1.0539176150316891,-0.980267751819384,-1.2521888822714355,-0.8353180689688523,-0.7083466213673322,9.419571594076995,0.15836395642192533,3.5072612007495567,0.10375345777258606,0.14099600074631102,33,0,-4.476886736540802,0.34410426204490957,0.8429419130056073,,262.6
014282,2021,-0.5607244555637343,-0.3643674783919086,-0.4527145647973192,-0.5343841422495347,-0.7767442370965645,-0.3710449873451037,9.594132304402853,0.1747329409199913,3.913790740135165,0.09675441465009811,0.08457325049051669,34,0,-4.516886736540802,0.31784786835614826,0.030350601779173203,,-709.0
014282,2022,-0.6820825315421445,-0.2437845804744194,-0.449322004001134,-0.4768347354244647,-1.1476035866241656,-0.4218092725778032,9.637319061164634,0.1945948767470084,3.2727924730200573,0.09746708251229919,0.09357831686915218,35,0,-4.556886736540802,0.28082340981702003,0.47357886309047237,,-484.0
014934,2018,-0.320256755462065,-0.7961949362860556,-0.5563210011431702,-0.0911400070082533,0.1518717359001451,-1.021501995278087,9.881548645017373,0.16891546560359808,0.8223448839824185,0.7122048451395278,0.1250127772666871,30,0,-4.356886736540802,0.3320696945396224,,,-2037.0
014934,2019,0.0147410310200111,0.0570268634254854,0.0372665407757604,0.8338092493070116,-0.0303099884914874,-0.7592761677554908,9.526391218478407,0.12364219581541153,1.0552992636873952,0.6441641758401982,0.1067288765765109,31,0,-4.396886736540802,0.4593422114608555,,,-56.0
014934,2020,-1.2962963470370623,-2.47799428403374,-1.874552392846077,-0.5252211904726554,-0.139784255419033,-3.2238835952194984,9.201501423308978,-0.052493700353834896,1.0686460855528652,0.5665859564164649,0.2256860371267151,32,0,-4.436886736540802,0.3215219976218787,,,-1891.0
014934,2021,-0.3222188800637618,-0.2771634970338601,-0.2931288200991864,0.5538253554614401,-0.3803989999929127,-1.1400829956598129,9.953467484841148,0.25854934601664686,1.7105897740784777,0.7249940546967896,0.10801426872770512,33,0,-4.476886736540802,0.283208970954007,,,
014934,2022,0.1820681579338073,-0.4832295057422098,-0.1576442950068098,0.3449919392823815,0.8614930638150416,-0.6602805292960011,10.074116010739036,0.34529989487956275,1.9764778044770457,0.7727330213734666,0.06129589814931917,34,0,-4.516886736540802,0.26472029399755004,,,-1221.0
015855,2018,-0.506037009097536,0.4743641975222597,-0.0023125962683836,-1.0343110834656724,-1.5134858347558406,1.029685890928905,9.676461473957694,0.0777387376082319,1.1880850796837745,0.04956707240557159,0.12818421382858577,30,0,-4.356886736540802,0.5587588881706529,0.7092198581560284,,-2650.0
015855,2019,-0.4295900399309243,0.2316532371783023,-0.0886715148279982,-0.8811153842792447,-1.1114270901367764,0.7037723546232483,8.953510763007166,0.11273432449903038,1.9834764059469943,0.04214608920491274,0.29256625727213964,31,0,-4.396886736540802,0.5805690929099199,0.9689922480620154,,-1529.0
015855,2020,-0.2140178229040038,-1.0428545688466853,-0.632081220272839,-0.9326454648125786,0.6221089718336665,-0.3315169757330994,8.757940876678804,0.19509511083163025,2.519069328721899,0.024210029869517372,0.14950479484357806,32,0,-4.436886736540802,0.5514907100676941,0.973384030418251,,-30.0
015855,2021,0.0774500339415771,0.7859507176489731,0.4349045029291517,-0.2433006459445041,-0.637458904033572,1.1131096518028076,8.845489236753274,0.1747083393345816,2.7745412645830334,0.01930001440299582,0.2723606510154112,33,0,-4.476886736540802,0.6157270960055182,0.9986616105286639,,4995.0
015855,2022,0.229768786059616,0.8719572656721568,0.5522721087023714,0.5039110116535976,-0.4152378592258948,0.6006332057511453,9.677026002747972,0.10766915407286637,1.3044083526682135,0.01440177237419392,0.04703078949018624,34,0,-4.516886736540802,0.5487572914024854,0.0,,-1638.0
016101,2018,-0.1811715911191245,-1.432066524176093,-0.8126089284737357,-0.2394993546304524,1.0817030835900978,-1.3857185023170189,10.991241097869361,0.2416936244776924,2.9761892532686347,0.04857460574201375,0.13581682167408007,8,1,-3.4768867365408016,0.7528250014026819,0.999745951095586,,29325.0
016101,2019,0.0519834518227955,-0.3468555580568622,-0.1514529368086313,-0.2510650613796878,0.4588562290856494,-0.0518408122375749,11.397682949457952,0.17810694047017897,2.2221945629804187,0.03709813162767211,0.4480053862986029,9,1,-3.5168867365408016,0.578241955301697,0.9348706762231225,,-3452.0
016101,2020,-0.3281696517250618,-1.2510076638398706,-0.7905358293765874,-0.0308853203365699,0.5965627035779894,-1.5501863384166048,11.922150163619541,0.14856706405871217,1.8344037522000467,0.04079965463421114,0.05631454853385581,10,1,-3.5568867365408017,0.5294173849545141,0.8038585209003215,,-9104.0
016101,2021,-0.3128250990701545,-0.7134165866860729,-0.5109268996255405,-0.1575958434128187,0.0833785020406175,-0.8642579558382623,11.894978640067734,0.19443250141610194,2.163448636106163,0.040073978529847336,0.06708569634679824,11,1,-3.5968867365408017,0.46245452253160907,0.8841732979664014,,-13658.0
016101,2022,-0.4660397863246303,-2.749569593722698,-1.616541671700352,-0.4714513364249654,1.834963984426813,-2.7616320069757387,11.840825349460781,0.2254961997046216,2.5223035294838088,0.040863081301105865,0.06648895933143618,12,1,-3.6368867365408017,0.4475209893772595,0.0,,-5941.0
020548,2018,-1.0607266679807754,-1.513995676581055,-1.275244069438975,-1.507821091230195,-0.631691865064376,-1.042667047647755,8.342560955873049,0.28685855032438806,2.5419262727774816,0.8248980846802765,0.0033182337401472723,29,1,-4.315739522472766,0.2798657082463739,1.0,,-537.453
020548,2019,-1.345837703456932,-2.369865429174715,-1.8453091659158,-1.749249043658815,-0.3468947785391963,-1.9413692881727844,8.408994206669426,0.28579874733828886,1.823769428680627,0.8672630979587698,0.04764237299278287,30,0,-4.356847836899968,0.2581042866503432,1.0,,-96.459
020548,2020,-0.8908274481619413,-1.4478674624246,-1.1603481731381935,-1.2421790871650586,-0.3517859982094364,-1.0785172591113288,8.417048383609007,0.1518567791716738,1.6936277139191234,0.8925068573134496,0.03353375194427717,31,0,-4.396886736540802,0.17402010050251257,0.9803921568627451,,-302.0
020548,2021,-0.807945253320138,-0.9671694836293347,-0.8758595766589163,-0.4085341587623556,-0.6721166066425818,-1.343184994555477,9.898475010712584,0.11934673366834171,0.9507572864321608,0.8890452261306533,0.05256281407035176,32,0,-4.436886736540802,0.12895703086235982,0.0,,-2153.0
020548,2022,-0.1910214547662687,-0.9263277103489634,-0.5623770986444034,-1.1318678574969856,0.5516898329900009,0.0071136602081786,9.911158058840348,0.34305844993549667,1.065534367867421,0.8862260593430584,0.03388905428202838,33,0,-4.476886736540802,0.12373254959588538,0.0,,-420.0
023809,2018,0.5248951726001727,-0.139375816469246,0.1795884822370864,0.0907670681984667,1.2155085533263454,0.268409896275706,9.142808575456318,0.2652584043188281,2.6640966344209573,0.45131154661719614,0.02966391283601762,28,1,-4.276886736540802,0.5442902539664607,0.7988760346776109,,-1664.684
023809,2019,0.8031155527931899,0.6412704083892518,0.7084341622269552,0.453198702307984,0.9924783339256592,0.9636696221459264,9.199877122602798,0.26064275221498,3.220387367997273,0.44450178573720284,0.024682714975364072,29,1,-4.316886736540802,0.5866753393263612,0.9643493092131327,,-594.6689999999999
023809,2020,-0.3428355225113573,-1.0080037622570814,-0.6758692995742867,-0.9808154721144864,0.3232320316145011,-0.3709231270340868,9.576639890745053,0.20098937372711018,2.5254711467212134,0.4916084945845332,0.12666037247141407,30,0,-4.356886736540802,0.579716770209612,0.0,,-3500.417
023809,2021,-0.2123565160646614,-1.652110985483057,-0.939663314918552,-0.6494348034304295,1.24225708164312,-1.2298918264066747,9.58302047724974,0.23389111708926008,2.8355368164903223,0.5218723579085682,0.08386093356807799,31,0,-4.396886736540802,0.6228314381831855,0.9223530566319598,,-3459.839
023809,2022,-0.1279239190159542,-1.019088613521414,-0.5779658947604859,-0.2786933930629354,0.7721600324731089,-0.8772383964580364,9.633975599093118,0.2430730964227073,3.276310741645703,0.5295720607791415,0.020566095951415654,32,0,-4.436886736540802,0.6962688567997329,0.9281150071651014,,-2041.913
024468,2018,0.3111366666802755,-0.2085625021027805,0.0442898041659888,1.100753566586881,0.8448303917088488,-1.0121739582549034,10.138120843265309,0.28079117715677626,2.5812876004887517,0.14240239788998332,0.1399032777226372,28,1,-4.276886736540802,0.23650690489566467,,,-5868.3
024468,2019,0.0119433352403677,-1.4505207862056393,-0.7292698612959806,0.1858829072186629,1.4943697283130644,-1.644422629810624,10.21223248726606,0.29257223427809786,2.1344945895433334,0.13491442776205007,0.1643478995237623,29,1,-4.316886736540802,0.32135473152740374,1.0,,-5216.299999999999
024468,2020,-0.0794703645680993,-0.9223658586729404,-0.5051407736056267,0.164800025709044,0.7718704535069554,-1.1750815729202977,10.111269719617638,0.21714617631169547,1.8371277351953172,0.1561726965867687,0.10602017149425846,30,0,-4.356886736540802,0.3221721048862308,,,-1970.7
024468,2021,-0.536592493056352,-2.603578446798729,-1.576915775658705,-0.9458353847710642,1.5440540721483542,-2.207996166546346,10.08068349578754,0.16466685931826464,1.7992335816863714,0.15880354981509637,0.16108605244311544,31,0,-4.396886736540802,0.2733229888287496,,,-1754.1
024468,2022,0.5404429452654492,-1.668079763412846,-0.5880135856863548,0.0151855979910763,2.797356007169057,-1.191212769363786,10.108634125388678,0.14872465290929013,1.8984760997145078,0.15078948118644137,0.23148476221893696,32,0,-4.436886736540802,0.27672025867207056,,,
025340,2018,-0.2117653573241833,1.083814575684542,0.4493928033636439,0.5695095249750136,-1.534081678699838,0.3292760817522743,9.554965001639212,0.14851288736485624,1.351383047341051,0.031194649511852975,0.10669802899125727,27,1,-4.236886736540802,0.21781810259761894,0.9833910303784668,,-614.7
025340,2019,0.0746592927013263,1.101695435372379,0.5951707401847566,0.7219586211984541,-0.966363602265534,0.468382859171059,9.6554491806889,0.13604500659977187,1.4621633161611112,0.031890354080965744,0.09701023925774993,28,1,-4.276886736540802,0.22843863517393445,0.9901244988394176,,287.9999999999998
025340,2020,-0.1454894094677026,0.3410023371543615,0.1036280433329958,0.060108871077406,-0.6437243150690998,0.1471472155885857,9.847567783024171,0.15780735288674566,1.6840690978886756,0.03798586105338853,0.16074723856960815,29,1,-4.316886736540802,0.22690800677884232,0.9854887169980182,,-188.89999999999998
025340,2021,-0.2743409897586421,0.4607474407629334,0.1027662542813538,-0.0441231261874695,-1.028555477838634,0.2496556347501771,10.086471389973834,0.22574211251712403,1.4716943158490834,0.01784234611236722,0.13479403228694323,30,0,-4.356886736540802,0.20146881002665473,0.9922487859544267,,-711.4999999999998
025340,2022,-0.7318184964103794,-0.9120091122749472,-0.8126004574793619,-1.015316927817587,-0.5702545742724144,-0.6098839871411367,10.320588039652929,0.25322311217715343,0.9647108193772218,0.017073516281123257,0.08477122740197225,31,0,-4.396886736540802,0.15783367707719506,0.9653767820773931,,-2322.0
025434,2018,0.3997412741327506,0.6991607050451772,0.5450438254622042,0.1145771793220065,0.1091361714738435,0.9755104716024018,10.092304634323645,0.21197281051812356,3.4711026477455245,0.245446341342253,0.36999718501101153,27,1,-4.236886736540802,0.5810214572623781,0.829661651010059,,-8278.1
025434,2019,0.8035637774876553,2.7243750306885834,1.7669089992838245,1.9197927408558344,-1.1231266661046833,1.614025257711815,9.86368587065319,0.2760515307290475,6.030787945638827,0.3346427605153073,0.14345251722200256,28,1,-4.276886736540802,0.8598886789562376,0.9405538755371637,,3235.6000000000004
025434,2020,0.2137424836589162,0.9035580213492654,0.5605338661137365,0.4287100480245957,-0.4798402812507242,0.6923576842028772,10.287882230025001,0.09296839095133534,4.291774702548128,0.48938705339665356,0.15769119474374033,29,1,-4.316886736540802,0.7519319839707448,0.0,,-1100.8
025434,2021,0.6199189189289291,1.4597342877882746,1.037016530815856,1.0738839090773729,-0.214276304844925,1.0001491525543396,10.354327475332283,0.18758879481151608,4.8983168007747055,0.46525295770340785,0.21081082802953563,30,0,-4.356886736540802,0.8508277814313898,0.9364880915171595,,-3540.5
026590,2018,-0.255608720428731,0.0673358641141067,-0.0859103963963284,1.088566611229567,-0.595005368493536,-1.260387404022224,9.46541660467905,0.1172824200347136,2.019477591123233,0.04463953632531614,0.09130919910736425,5,1,-3.356886736540802,0.37515339182292556,1.0,1.0,2457.8999999999996
026590,2019,-0.817042009791035,-0.5707691524483509,-0.67889234855548,-0.1782976552744291,-1.093341332262145,-1.1794870418365309,9.766464356369461,0.09362348758529733,1.8469717300303918,0.04164803027696542,0.06910946728596823,6,1,-3.396886736540802,0.27607388717565334,1.0,,-989.0999999999999
026590,2020,-0.7770929258013256,-0.7040022386650117,-0.7271032625171852,0.0025083878481666,-0.8770722523696066,-1.456714912882537,9.683557582135165,0.06365760209326231,1.7669051490514902,0.0380462885088621,0.1834096501884559,7,1,-3.436886736540802,0.25164738392396224,1.0,1.0,388.69999999999993
026590,2021,-0.2187845985435584,1.1995649231234162,0.5060314483324828,1.386787149829626,-1.6684166922956407,-0.3747242531646605,9.70902256179548,0.07815735932707783,1.915474112538338,0.034684643648841516,0.049758586134645164,8,1,-3.4768867365408016,0.2152656287364857,1.0,,-1205.3000000000002
026590,2022,-0.3237051941365801,0.6584983636145858,0.1809034456509949,0.8409924990250689,-1.3329224737117302,-0.4791856077230789,9.673483018415117,0.09426956817237864,1.6421359168313339,0.036744993895762273,0.04463015871018086,9,1,-3.5168867365408016,0.2252923993897752,1.0,,-723.6
027786,2018,1.207971353466167,1.570087613350406,1.376753568514837,3.329932990153074,0.8704069233688264,-0.5764258531233996,9.300820725104558,0.24865259888553942,0.8800570841326391,0.8248835297341738,0.0033182337401472723,26,1,-4.196886736540802,0.5867350089544865,1.0,1.0,986.0
027786,2019,0.6864079119027404,0.7816756862064785,0.727559524562488,2.675069641631812,0.6041046865832453,-1.219950592506836,9.692334329073471,0.13987525473970233,0.6861207706045822,0.8925068573134496,0.0033182337401472723,27,1,-4.236886736540802,0.2982989064398542,1.0,1.0,245.0
027786,2021,0.5817426258636736,0.5322218438870892,0.5468447323285084,-0.0696981625514811,0.6515384129340042,1.163387627208498,9.306468399070404,0.15569079843764194,0.901444712507948,0.7995276591879371,0.08302298119720229,29,1,-4.316886736540802,0.20765451254202225,0.9975914362176628,,-217.0
027786,2022,-0.1972547376944023,-1.2720190024728586,-0.7392532855154336,-0.3070600715557008,0.8867423579476601,-1.1714464994751663,9.646528652727188,0.341285234031549,1.0295483934574605,0.7232350659425911,0.012412723041117145,30,0,-4.356886736540802,0.1479549248747913,1.0,,-1405.0
028180,2019,-0.1227601725274489,-0.1161751601411382,-0.1183143351755509,-0.5837369703680559,-0.1316518472312448,0.347108300016954,9.279601474152733,0.2044945675906677,3.6392727121737476,0.5483329538795726,0.003770215243590653,27,1,-4.236886736540802,0.5315923350914861,0.9719668610886943,,-1788.395
028180,2020,-1.1255064576502034,-1.426567411899951,-1.2613494064532698,-1.231514427413832,-0.8538205600440707,-1.2911843854927072,9.358470852427613,0.23575540229663036,3.307235155659716,0.5251559028898193,0.04015300291239481,28,1,-4.276886736540802,0.5006155542586738,0.0,,-2691.133
028180,2021,-0.5694963758704832,-0.3983437620568493,-0.4729043613653467,0.2217365041911405,-0.762680404880756,-1.167545226921834,9.368941732812756,0.2769405361871408,4.540130380425076,0.5287266760744168,0.030900422717284423,29,1,-4.316886736540802,0.5182959205111127,0.9536599181299527,,-2655.5949999999993
028180,2022,-0.477379859949062,-0.6301464559980776,-0.5472117361972493,-0.2137987174898802,-0.3377161074526876,-0.8806247549046183,9.443670186705324,0.2645256220334228,4.685851361488644,0.5176052320010985,0.008598604733188107,30,0,-4.356886736540802,0.5651991513007826,0.9810341533118992,,-1863.395
028930,2018,-1.0296095830727583,-1.8631531053661463,-1.4365022126080595,-0.9456303368757752,-0.2158243240021561,-1.927374088340344,10.07306153650758,0.12213031735313977,1.947995273463876,0.0825455773126266,0.013335584064821066,26,1,-4.196886736540802,0.4771067023272524,0.9970276008492569,,-888.0
028930,2019,-1.3338374403631612,-2.723453994488653,-2.018347936118467,-1.4528948722076631,0.0351835511474507,-2.583801000029271,10.128669025875903,0.0958045587002515,2.4356440860644284,0.11145263662129257,0.008981677378148577,27,1,-4.236886736540802,0.4593336302174001,1.0,,-869.0
028930,2020,-1.357098893438055,-3.463548973671358,-2.405664619265848,-2.129670893149036,0.7400325582175301,-2.6816583453826595,10.114599007626499,0.050888627990769604,2.191848427189182,0.091737176632525,0.03550463543986074,28,1,-4.276886736540802,0.44558368880366295,0.9989717223650385,,-319.0
028930,2022,-0.8561926692946339,-0.6128530899222642,-0.7198963501041371,-0.8135369099020643,-1.1287853076756276,-0.6262557903062098,10.119203588021541,0.152528712472295,2.315101108200685,0.10364698770904694,0.020431190812008865,30,0,-4.356886736540802,0.5010905974916258,0.9883674288006418,,-2252.0
029736,2018,-0.4032349455436754,-0.6034196036404409,-0.4980150715933197,-0.0129582260030494,-0.2136746934443869,-0.98307191718359,8.03439185979984,0.2849313931847603,3.4375020079332,0.3677042662827338,0.027971368395941738,25,1,-4.145634340729312,0.5122005540275139,0.8962585231770487,,-436.1139999999999
029736,2019,-0.2865170588767214,0.5698589415532302,0.1542309768949694,1.1775928154510968,-1.1680131304201031,-0.869130861661158,8.573435140986625,0.17812294631317604,2.5996987862970835,0.6338793950315998,0.015926778525875415,26,1,-4.196886736540802,0.5024139197028393,0.9528823624273124,,346.914
029736,2020,-0.0377147828794445,0.6909938851463528,0.3322150064792823,-0.0468738497750636,-0.7775743615968982,0.7113038627336283,8.860657497873401,0.19934457029789268,2.8206993160560843,0.521035687311714,0.19034386723101168,27,1,-4.236886736540802,0.5045781333863407,0.0,,-736.1
029736,2021,-0.0712788759749915,1.303815267850836,0.627626870531,0.4329703982540854,-1.4690903689869743,0.8222833428079146,8.957699392786983,0.2111571249675087,3.9795365722184597,0.5669369435364192,0.11303942456401811,28,1,-4.276886736540802,0.5029640788740622,0.9753412487265036,,-529.178
029736,2022,0.2537003305170436,0.8963319600320929,0.5761829244697032,0.5993853457021739,-0.3912648573882754,0.5529805032372324,9.046643101448398,0.2106368794309534,3.424424230181661,0.5933360345536333,0.023851853771323643,29,1,-4.316886736540802,0.548095258774045,0.9863810199525845,,-27.045999999999935
029751,2018,-0.6501986206928566,-1.2928869156270384,-0.966719136145196,-0.9798343459901736,-0.0171575897881776,-0.9536039263002188,8.933489298581076,0.12403922933114771,1.2985305250529102,0.398471894201729,0.07324503796918728,26,1,-4.196886736540802,0.32330638809199563,0.9969961706479573,,1290.011
029751,2019,-0.0660817028477283,-1.3507918055113015,-0.7181034655004896,-1.1926509138566903,1.2379618224577944,-0.243556017144289,9.19632896912153,0.09899072728218616,1.1087509886305085,0.5114498599159121,0.062176099596962256,27,1,-4.236886736540802,0.3550989546783612,0.9358382190770109,0.9059057511223914,375.092
029751,2020,-0.6276832311952028,-1.594979766031214,-1.110148135782444,-1.6211850260526106,0.3372465779792795,-0.599111245512277,9.254447779611487,0.07493666123621727,1.8632238497835505,0.5253990404313639,0.07145037396614623,28,1,-4.276886736540802,0.23262361494563844,0.03977835620708929,,351.30799999999977
029751,2021,-0.4337252541403921,-0.7149615811643855,-0.5707790780514825,-1.0715154977192347,-0.1596176063182114,-0.0700426583837304,9.303294870249283,0.07544934362834443,2.7252700900427715,0.5526054121160352,0.04002800042791593,29,1,-4.316886736540802,0.21685887679000487,0.9985851543391736,,856.9989999999999
029751,2022,-0.2957846136939466,-0.7803357857602103,-0.5374599759583437,-0.6138477198263721,0.1875661108348475,-0.4610722320903153,9.64578632917392,0.18137987316939735,1.8607637914920316,0.4587817362793518,0.09699090131660926,30,0,-4.356886736540802,0.23595364850690606,0.9998047780069067,,916.921
030923,2018,0.7041246642441984,0.1246366792983853,0.3997946595978576,0.7049538728837944,1.3127846735368798,0.0946354463119208,10.117973736759156,0.06422562488652181,0.5503817864957262,0.13152575198208558,0.22352680102483408,19,1,-3.9168867365408016,0.23097266867357177,1.0,,
030923,2019,0.5679084219141243,-0.5126315403311141,0.0109750342503149,0.1488139521096475,1.681775197241743,-0.1268638836090176,10.065555380302815,0.06705274078609454,0.6385540078575438,0.1723982516114768,0.2227962311002262,20,1,-3.9568867365408016,0.25942739912454427,1.0,,-762.6
030923,2020,0.3272239155435035,-0.8019424166964815,-0.2506656774106244,-0.0474563591871324,1.4830031014517595,-0.4538749956341164,9.887998209639996,0.05023206686775744,0.5503817864957262,0.19834861826269767,0.24537135776890814,21,1,-3.9968867365408016,0.28240237123382,1.0,,-1272.1
030923,2021,0.0500960880440923,-0.7706591404993436,-0.3667341040887482,0.0240645774249117,0.8837564723097733,-0.7575327856024081,9.212348354628975,0.04850250995499047,0.5503817864957262,0.33505653636191257,0.16501831319048713,22,1,-4.036886736540802,0.24265429941869698,1.0,,-491.0
030923,2022,0.4015639481036521,0.1718498428105825,0.2787059144304457,0.1667712253219915,0.647280015450065,0.3906406035388997,9.153166663901631,0.06243977849072987,0.81341316984848,0.3397181368656227,0.11352879514627873,23,1,-4.076886736540802,0.20392270571422655,,,-205.1
031673,2018,0.5445804915921957,0.5818010171376469,0.5559188120721119,0.9590689133941884,0.5219038506323633,0.1527687107500352,10.536615000172459,0.0594320049903055,0.6457515622976664,0.05023711543436953,0.06616742020499265,24,1,-4.116886736540802,0.11470980021944256,0.9376820882394296,,-736.8569999999999
031673,2019,0.5198105627805787,1.4495484076487537,0.9845755179037584,1.3357589770525158,-0.4097193474657806,0.6333920587550008,10.575716974271781,0.061331901017002456,0.5503817864957262,0.04519853221614021,0.08613794860509986,25,1,-4.156886736540802,0.10384261215683943,0.8178761791362381,,-302.70899999999995
031673,2020,0.1406099540315772,0.0180345692565154,0.0759454691597307,-0.1192473627909709,0.2699389237752702,0.2711383011104324,10.69817162300504,0.056198205617051494,0.5509043833708679,0.04355363984457986,0.10384559353474648,26,1,-4.196886736540802,0.13613062097511405,0.9761534672858566,0.9597104266746912,2309.6049999999996
031673,2021,1.2389146050620512,3.0217604546516847,2.126593455599876,2.864755704828904,-0.5364430960135973,1.388431206370847,10.95671545827214,0.0554620463758597,0.569635723760266,0.056335187578247896,0.0524981380085966,27,1,-4.236886736540802,0.11890438039076519,0.9815195920425148,,-1350.971
031673,2022,1.1390829178977369,2.852659763046976,1.9927814155901693,2.533901954582386,-0.5683140774871279,1.4516608765979524,10.943068191600256,0.06169754233228294,0.6122792637194757,0.05445444582852492,0.062466946965358365,28,1,-4.276886736540802,0.09421809701876056,0.9992203693102621,,-1814.1130000000016
031846,2018,-0.0597010685449531,0.6294716762691063,0.2916402511724648,0.630631202595168,-0.7623837079797892,-0.0473507002502383,8.6814865456908,0.1988358674993212,2.616695900081455,0.4331726853108878,0.07760317675807765,25,1,-4.156886736540802,0.6042368365489991,0.0,,190.39999999999998
031846,2019,0.6165806757107551,1.9343950156424787,1.2773439890950882,1.894859605149598,-0.7049459510579108,0.6598283730405781,9.204935793517324,0.07468253888458792,1.6080124712198751,0.6762550145283076,0.07674364826414373,26,1,-4.196886736540802,0.5403196291326096,0.0,,-6.299999999999995
031846,2020,-0.1962393945670525,-0.2717460402537225,-0.2313885853359871,-0.088766147934281,-0.1259410130291834,-0.3740110227376932,9.273887777120521,0.09742776437908804,2.2979217997203474,0.6236427961449311,0.11399104738131212,27,1,-4.236886736540802,0.5799048915724462,0.0,,-1044.0
031846,2021,-0.0033548892622951,0.3303206478334529,0.1668732163770378,0.6454313406987757,-0.3438111005409611,-0.3116849079447,9.223828990156738,0.1501410840782178,2.108471950906688,0.6729710530989168,0.04657747785078633,28,1,-4.276886736540802,0.5781477322657814,0.0,,-443.1
031846,2022,0.002377530683685,-0.4253915630305931,-0.2144107815675318,0.0525794735552733,0.435954155186119,-0.481401036690337,9.23420337224071,0.15394229360933456,2.4521090582434217,0.6931601816140214,0.04063857833325196,29,1,-4.316886736540802,0.5946392298860725,0.9618747813920953,,69.80000000000007
061483,2018,-0.6431539089702614,-1.7709200461411738,-1.2056459544893183,-0.962277091371552,0.4818301820678523,-1.4490148176070845,9.85798022396056,0.11077724145134246,0.9766742489842625,0.177583686494558,0.021891652710806744,24,1,-4.116886736540802,0.6455832499682002,0.9997046492597081,,-4452.624999999998
061483,2019,-0.610549344459629,-2.686213124562987,-1.6549325294199668,-1.5025433165672744,1.4782170254610465,-1.8073217422726595,9.759120176412459,0.13694344892155996,1.1910043922517155,0.36412035911146146,0.07049056823500176,25,1,-4.156886736540802,0.6589139981385073,,,
061483,2020,-1.2303083234830716,-1.887989635626721,-1.5458889851057216,-1.6770390785475309,-0.5991470002377721,-1.414738891663912,9.740292865353787,0.13829383331657694,1.418611560892076,0.37583700659904606,0.03072022300240939,26,1,-4.196886736540802,0.6994281104539511,,,
061483,2021,-1.7170059381345208,-3.0171187385038785,-2.3498881008164507,-1.5272521875207972,-0.4512416127706614,-3.1725240141121045,9.748089561806617,0.1431562490362987,1.3458436930248117,0.36823662756414627,0.03371611159030102,27,1,-4.236886736540802,0.6983881147326966,,,
061483,2022,-1.5739334874952018,-3.334853877124877,-2.4435458650291624,-2.0066635611357664,0.1652912675727199,-2.8804281689225584,9.736739221125672,0.12382654747814481,1.0971882607843977,0.3498671333578919,0.024614591039878186,28,1,-4.276886736540802,0.6580264405799647,,,
063080,2018,0.0777351482695529,1.2502871602457124,0.6712301630512405,0.2689394308338683,-1.109254881293822,1.0735208952686126,8.091310250811976,0.16513623542696734,3.660372239253096,0.018878040296831197,0.23801976996684596,23,1,-4.068115687127943,0.12574337859098592,0.9361665477735152,,432.546
063080,2019,-0.4097529332776545,0.4656242707510881,0.0411958055933312,0.2527725213209935,-1.311650411019626,-0.1703809101343311,8.48444001458844,0.12030576452808259,4.6864592911551775,0.03912201297529783,0.180285673131032,24,1,-4.116886736540802,0.15867935676422712,0.9269329642080285,,97.512
063080,2020,-0.8067728053248352,-0.9134236301415702,-0.8485902051970321,-0.740822382528205,-0.7231380055804411,-0.9563580278658592,8.689563734023457,0.09877133416041167,5.460323402220992,0.03942924860998655,0.15371385670446874,25,1,-4.156886736540802,0.139271231630814,0.0,,-245.339
063080,2021,-0.5573993738146558,0.4340426511096066,-0.046083850462832,-0.3233868205015358,-1.5800304205183031,0.2312191195758716,8.752156849215648,0.09901137103565698,5.66226210147061,0.03301464791280129,0.10562853141067947,26,1,-4.196886736540802,0.13295249886175797,0.0,,-244.218
063080,2022,0.2665548799354609,1.3562323448735023,0.8151315459877688,0.414606085698829,-0.8305984521691547,1.2156570062767085,8.808061931046513,0.10806847245304799,3.2738650661750364,0.031396490252237425,0.09189280115192335,27,1,-4.236886736540802,0.119857569602103,0.0,,-230.025
064166,2018,0.1364127716176421,0.1041608912019386,0.1188525472892923,0.6606210606366683,0.1715332202743416,-0.4229159660580835,9.305923241869912,0.13932563846223758,1.3754839589202943,0.11705898391347815,0.012269381077887848,23,1,-4.076886736540802,0.41485634197617377,0.9504166666666667,,582.0
064166,2019,0.3668777440859387,-0.051170440602977,0.1496003667041265,0.4589793510254979,0.801432498849563,-0.1597786176172449,9.460554194813056,0.12061044927197695,1.520756053881492,0.153468815697267,0.09281320563731216,24,1,-4.116886736540802,0.3318836446599173,0.7985074626865671,,-956.0
064166,2020,-0.6097936219512091,-2.1336454390148827,-1.3737237550419263,-1.0307800374379663,0.9180666442302252,-1.7166674726458864,9.548668029096856,0.17581634108084984,1.4619000427776987,0.15906174247825466,0.08256095822044773,25,1,-4.156886736540802,0.3421497318345456,0.0,,-2094.0
064166,2021,-0.6779769769856321,-0.8508991842218859,-0.7547173304710437,-0.233231385755343,-0.5244962700148086,-1.2762032751867445,9.518633568332074,0.20953640437881124,1.854763793990155,0.1692748512232753,0.06729850855925354,26,1,-4.196886736540802,0.3600529718781647,0.0,,-1315.0
064166,2022,-0.0263584794390414,-0.4520013197438554,-0.2417197634491017,-0.0279805713719558,0.4043640885810791,-0.4554589555262475,9.460086905084927,0.15315104775259017,1.7127708966269377,0.18314247877229883,0.024538443561579807,27,1,-4.236886736540802,0.3828983026672372,0.972972972972973,,517.0
065772,2018,0.3656689159577428,-0.167485061938917,0.0899463786339552,0.3847385951278841,0.9171139906053184,-0.2048458378599736,7.870489423557255,0.29304804748043695,5.77738056480581,0.2739854600135097,0.06801084599443953,22,1,-4.0169327432096535,0.4946504902089075,0.9679083971936963,,-469.1210000000002
065772,2019,0.3186090867452936,-0.0528685373182129,0.125362141169414,0.2222945613226345,0.705102977897053,0.0284297210161934,7.933553476020701,0.2928594450047162,7.355775473672626,0.2997051970712586,0.07449303970392794,23,1,-4.06055426928141,0.5093309798479259,0.9823725275588006,,-743.108
065772,2020,0.4194185820654066,-0.7399851921124057,-0.1760768363275097,-0.5115432243663538,1.6104094188512397,0.1593895517113342,7.942557314594422,0.31354472776988423,10.013720123543774,0.31887595490432036,0.033488136109906065,24,1,-4.101043422944543,0.5413295306778471,0.9916408699083571,,-587.5620000000004
065772,2021,1.061545839261244,1.1168744243495805,1.075056483194187,1.9569755044345705,1.034524551395359,0.1931374619538028,8.109765558816042,0.3314352118764049,11.857220795161231,0.2759001297944751,0.02962728725940078,25,1,-4.148860427832192,0.6100950780195252,0.9858079908667996,,-706.9240000000002
065772,2022,0.7507129339262866,1.2841231692529735,1.0114386737723935,1.7726145342714827,0.2292614542340725,0.2502628132733043,8.158343026255407,0.34529989487956275,9.773095697937947,0.2556758327737842,0.027478564137218154,26,1,-4.190680690186076,0.6545221282321404,0.9910374081269097,,-850.9920000000001
111864,2018,-0.1197395854366221,0.3161904680472385,0.1023398843315468,-0.5512541279451864,-0.56389852497296,0.75593389660828,9.674891664210184,0.21240495192609815,2.348580405957393,0.08760133224407717,0.28347891660906177,22,1,-4.036886736540802,0.1055912120464083,0.0,,-2116.0
111864,2019,0.8076649163494914,0.3152186767116353,0.5448387827874638,0.1476689847051161,1.3333171834735469,0.9420085808698114,9.693013404322581,0.20482596889656876,2.2030338188101704,0.1379289064428536,0.21130585040730684,23,1,-4.076886736540802,0.10518229628316492,0.0,,-1529.0
111864,2020,0.4960160956810315,-0.4623439203795801,0.0013372484757211,-0.3966848828140573,1.4853737900916522,0.3993593797654997,9.736428922408086,0.17408260946640666,2.67171896235892,0.13378242628375583,0.16096436801985464,24,1,-4.116886736540802,0.09270669952946449,0.0,,-694.0
111864,2021,-0.2066787965437614,-0.0439678342173241,-0.1219332891637689,-0.7312474242107359,-0.3761698113037462,0.4873808458831979,9.78987082574916,0.1915751736500112,2.701826125924266,0.11785794308760923,0.15230786466502352,25,1,-4.156886736540802,0.08665695720367465,0.8831521739130435,,-1372.0
111864,2022,-0.4805994108257191,-0.6994382716450824,-0.5849499108022285,-0.8879895618173028,-0.2718984108727005,-0.2819102597871541,9.78987082574916,0.19807304503697065,1.7172703338561506,0.11074389424154156,0.14009634774815147,26,1,-4.196886736540802,0.07244494941297408,,,
114524,2018,0.4637805139373513,-0.1034919510800297,0.1682545217280377,-0.1616075489027204,1.0548324983559787,0.4981165923587958,10.035348801246425,0.1313379201542574,1.530086769797099,0.06998553836715019,0.21539068320259433,22,1,-4.036886736540802,0.46340926598437326,0.0,,-6619.0
114524,2019,0.6014903868270197,0.4970510223806769,0.5391487303720737,0.3812352309654307,0.726173699736912,0.6970622297787166,9.807747280255292,0.16952789699570817,2.0449851436117528,0.11764058545174425,0.1554418399911962,23,1,-4.076886736540802,0.43060590367685136,0.9514824797843666,,-5228.0
114524,2020,0.7116018060976549,1.2894492963117603,0.9935114760958252,0.5298312195410031,0.1477824661013144,1.4571917326506474,9.86837837542256,0.17219057483169342,2.2105644743656137,0.09668565510098395,0.19813568099430348,24,1,-4.116886736540802,0.3542402163299031,0.9638273045507585,,-5876.0
114524,2021,0.3675410499559278,1.8109356626342352,1.0943456751378686,0.7967097289146093,-1.0860682004079538,1.391981621361128,10.189643460991862,0.129647712761962,1.837790129948171,0.0572748441373094,0.2750319236836175,25,1,-4.156886736540802,0.45179856115107914,0.9292682926829269,,-3428.0
114524,2022,0.4141062423078946,1.9746305492686145,1.1997563226947026,0.9517132288392256,-1.1571939184657214,1.4477994165501795,9.945109227226947,0.13592326139088728,1.5238527577937648,0.08398081534772182,0.3583213429256595,26,1,-4.196886736540802,0.38057354301572616,0.0,,-2639.0
125595,2018,-0.1568435355941735,0.7498630933554025,0.3059792259800054,0.3798089122579104,-1.082489058742531,0.2321495397021004,8.605528192029498,0.15776918471484516,2.1075346270531345,0.16672580500460474,0.3464270740071442,20,1,-3.9568867365408016,0.3812585219739554,0.9521170145069214,,92.9559999999999
125595,2019,0.0626185997230229,0.9409665348470708,0.5068551483628037,0.0317292444880006,-0.8258544975565385,0.9819810522376066,8.854648658793344,0.14125447452691536,2.3783862588887557,0.27267505137089426,0.21935478898900307,21,1,-3.9968867365408016,0.35765913244626246,0.0,,-223.641
125595,2020,-0.3426305208327933,0.084772307301426,-0.121179159797849,-0.5613956991400092,-0.7855332429026818,0.3190373795443111,8.957269688095142,0.15029153298566614,2.5578957204477515,0.29265571287446246,0.14142898174038818,22,1,-4.036886736540802,0.35127802775710487,0.0,,-561.735
125595,2021,-0.3892568710825894,-0.1125262143984569,-0.24443822775192,-1.2066574239270158,-0.6788941577439281,0.7177809684231757,9.004382423594015,0.1624673948689178,2.6595565984774177,0.28875505871780327,0.13247798504743954,23,1,-4.076886736540802,0.38232735987667704,0.0,,-633.784
125595,2022,-0.4205241107767914,-0.1397642280475294,-0.2722911378101996,-0.6754840059396592,-0.7169900567099751,0.1309017303192599,9.02442034845994,0.1542433220126695,1.971137786930655,0.2834446130500759,0.13311607293397887,24,1,-4.116886736540802,0.45817798458733033,0.9519378922088239,,590.0989999999999
138205,2018,0.023876232942631,-0.0179298399913217,0.0016980100981348,-0.367801188611786,0.0682326786316234,0.3711972088080557,8.84779106484485,0.15375772381089237,6.622605259376347,0.15447621784739188,0.45112223882016267,20,1,-3.9568867365408016,0.2571077091306725,0.0,,-897.0
138205,2019,-0.2025771739055943,-0.339499281622818,-0.269839379417397,-0.7671994142131711,-0.068052762881989,0.2275206553783769,8.897819009510757,0.16785128485511208,6.922741935483871,0.19737561509021323,0.45112223882016267,21,1,-3.9968867365408016,0.25128543177323664,0.0,,-766.0
138205,2020,-0.4922622081662074,-0.3860608306106307,-0.4324766208807686,-1.3986684073482372,-0.611833382737085,0.5337151655867,8.933927891782632,0.12076466710613053,7.373236651285432,0.1916941331575478,0.45112223882016267,22,1,-4.036886736540802,0.16691857790628903,0.9427480916030534,,20.0
138205,2021,-0.2285983008013381,-0.1444839183377587,-0.1827445180221595,-0.3672844180954821,-0.3203058663596954,0.001795382051163,9.630168502920114,0.03712952618781626,4.092073339028718,0.11145429453900244,0.08799369126634685,23,1,-4.076886736540802,0.29015670910871694,0.9402277039848197,,
138205,2022,-0.0294685821781202,0.139291167721089,0.0555695610663823,-0.6210586520760468,-0.1995448686671255,0.7321977742088116,9.413444467952665,0.05729676787463271,2.8976983349657197,0.14234410708455764,0.16625857002938296,24,1,-4.116886736540802,0.2237167441400455,0.0,,-1208.0
140541,2018,0.4203616321672447,1.997195171401372,1.2146099971149882,1.2233360369538409,-1.168135097728242,1.2058839572761353,8.806618743124393,0.1875028076007367,2.2540287198838027,0.1325786502553045,0.18717338244762888,19,1,-3.9168867365408016,0.2330420368458552,0.0,,-91.7
140541,2019,0.6030343528825483,1.944198183806244,1.2753287675976606,1.5641544944591137,-0.7415544765476763,0.9865030407362076,8.835981412041464,0.17109912320241955,1.5562595786137001,0.13650705945647273,0.17940180012504905,20,1,-3.9568867365408016,0.5670351581232175,0.0,,-311.4
140541,2020,0.1087941513042088,-0.1071041834355478,-0.0022950359853687,0.0993337361968164,0.3309725258833639,-0.1039238081675539,8.977676647277814,0.05517276191918427,1.0299129249640342,0.3195527624239671,0.18101511824537495,21,1,-3.9968867365408016,0.41043138003435775,0.0,,-658.5999999999999
140541,2021,0.5832831411803605,2.5734319377835297,1.5855574141008804,1.991710505199126,-1.4212654046606794,1.179404323002635,9.033889548653955,0.15675701469746137,1.8602142584462684,0.2594364382515747,0.240480053445314,22,1,-4.036886736540802,0.4493826820640579,0.9303950801341782,,-1457.3999999999999
140541,2022,0.3996379068007022,2.8164169977838767,1.6210499740667288,1.8824287818661136,-2.043186227731351,1.359671166267344,8.890864869026556,0.19460999545786134,1.4626132437752055,0.2513316724705105,0.13119898696543847,23,1,-4.076886736540802,0.46290467625899273,0.0,,-751.5000000000001
141384,2018,-0.1995017600419038,0.5889567886929404,0.2029260807982061,-0.3476017356385774,-1.004357441722124,0.7534538972349898,7.626793378267034,0.25398375996000894,8.140437728811015,0.2540022743461742,0.3582821183186209,20,1,-3.9197236986873554,0.02367335252261165,0.0,,-485.54
141384,2019,-0.2488606906382686,0.6211865130424652,0.195832845577398,-0.2931314909567001,-1.138247763069602,0.6847971821114961,7.824326771439351,0.23732255982520103,8.775593541333594,0.2751123484525545,0.34735326320369236,21,1,-3.9740649852215126,0.02100750817171542,0.0,,-30.808
141384,2020,-0.4178765945221567,0.5616484711181349,0.0845496183261002,-0.6515451417266903,-1.4227290202186702,0.8206443783788907,8.4825361130228,0.10112299295833702,8.74330402223086,0.16921897358480878,0.1989453552127541,22,1,-4.036886736540802,0.021099407449542334,0.0,,-458.332
141384,2021,-0.025653585879931,1.5441695904042798,0.770975170256583,0.2931201049325403,-1.6189110981529593,1.2488302355806258,8.68981956813663,0.18263428310818886,8.726195375043543,0.20248413442363067,0.19712560016559777,23,1,-4.076886736540802,0.021336437597712286,0.0,,-501.68600000000004
141384,2022,-0.5984285038853644,0.2860898293057087,-0.1415851132295401,-0.919999567668244,-1.512115285197013,0.6368293412091637,8.690801396982176,0.1315928000030935,2.7610397839792453,0.2270926422175584,0.1680552970630034,24,1,-4.116886736540802,0.02100750817171542,0.0,,-598.3399999999999
143357,2018,0.0544862307280823,0.5932452273937787,0.327659987630985,0.6162660414077283,-0.491861283077723,0.0390539338542416,10.10434798908721,0.2631877440965782,4.420070088109235,0.051700098527212655,0.20714691017245923,19,1,-3.9168867365408016,0.02100750817171542,,,
143357,2019,-0.2204369670191154,0.291339933045829,0.0420790266233861,-0.3553784613539933,-0.7454689543041186,0.4395365146007656,10.301924017501833,0.2323950281102173,4.230093964124729,0.04669928176951367,0.20578015084317225,20,1,-3.9568867365408016,0.09400337817564976,,,
143357,2020,-0.2186681853743406,0.4883572617301928,0.1426455306700992,-0.4445203347408918,-0.94129561746322,0.7298113960810902,10.520795073976043,0.19513582945285976,4.197596208140908,0.12753757943296284,0.22950274839177418,21,1,-3.9968867365408016,0.08121749933174437,,,
143357,2021,0.1115209791695084,0.8127621213920524,0.4655605889709386,0.2758383898635576,-0.596558240433352,0.6552827880783196,10.673036428012454,0.19562527128885474,5.008390876351853,0.11167411369362261,0.18928334531881635,22,1,-4.036886736540802,0.07036642949225606,,,
143357,2022,0.1451381086744604,0.5034810256110911,0.3243084612072925,-0.0342387126721767,-0.2132025963912036,0.6828556350867617,10.763491279018979,0.21999746526857256,3.9225387192920356,0.09897036585822558,0.1670173468301787,23,1,-4.076886736540802,0.06145019529106129,0.05849364653549742,,
146017,2018,-0.2644820041247631,-1.6976259325649006,-0.9867175979847522,-0.1175177668588752,1.179989183595215,-1.855917429110629,8.002627248034523,0.1831504282655246,2.1644219887580296,0.09592478586723768,0.0431945931477516,18,1,-3.8641284383491055,0.1124070104652629,,,
146017,2019,-0.919573065736556,-2.084887943968002,-1.4960342356313592,-0.6737909930198326,0.2333492740530506,-2.318277478242886,8.062243678209164,0.17538771907703946,1.672046630311436,0.0874101626528811,0.14531584919934434,19,1,-3.9068833463867385,0.13606552682074635,,,
146017,2020,-0.6288927668584569,-0.6419019415217001,-0.6251664327507261,-0.0928217769781271,-0.6363454350739183,-1.157511088523325,8.15814400261604,0.13715382192055445,1.352788088896526,0.09562677205945527,0.16058080591116078,20,1,-3.9506736465289585,0.1557718665212162,,,
146017,2021,0.6610452011475126,0.7132115972826947,0.6774540435933825,0.6055857470279811,0.628227516255773,0.7493223401587839,8.18174842676487,0.14914268132359937,1.972218891779251,0.09149394422533637,0.13742272943414172,21,1,-3.9914852758143238,0.17128325958278262,,,
146017,2022,-0.0890641563132022,0.3570642869644355,0.1379084234354995,-0.4050931111713254,-0.5430093158106056,0.6809099580423245,8.154845042381478,0.17352451008562728,1.7015383914717546,0.10097120855123269,0.06413424515832424,22,1,-4.030556396629237,0.17333137743875607,,,
148349,2018,-1.4432936480030236,-2.893770751392181,-2.156516786431109,-1.2563966194507563,-0.0168473711468541,-3.05663695341146,9.4089835862139,0.14857691355098562,2.6653197913960334,0.03183718390055903,0.16995471272847057,18,1,-3.8768867365408015,1.0316729109363578,0.9820516080663088,0.9791945237699549,3935.2619999999997
148349,2019,-1.0033924006770858,-2.241826115658485,-1.615897545348809,-0.9083252954230882,0.2216178886663601,-2.3234697952745296,9.696139283846843,0.1427329064996523,2.7521225998756917,0.04655610726501718,0.09028054662977814,19,1,-3.9168867365408016,1.0316729109363578,0.9738148984198646,0.9693909750710004,3169.0
148349,2020,-1.3690218304259263,-4.1577565072997,-2.763653848036665,-2.391519774606309,1.4202422047955503,-3.135787921467021,9.819834167538875,0.11475944550149497,2.4991127849959227,0.046480021745039415,0.2564283772764338,20,1,-3.9568867365408016,1.0316729109363578,0.9433628318584071,,3.0
148349,2021,-0.8345392763644007,-3.36610119410389,-2.1061774338763697,-1.435405794203699,1.7087370386595369,-2.7769490735490403,9.868637275100381,0.10442661144188455,2.825596005695056,0.044732073517991196,0.24783846751229616,21,1,-3.9968867365408016,1.0316729109363578,0.0,,-1055.0
148349,2022,-1.109937494326856,-3.302380118223822,-2.204970277466724,-1.3582634091197403,1.0801280719528803,-3.0516771458137075,9.804053882820643,0.137294968796598,2.6737582161594964,0.04926271607665544,0.16573700778704367,22,1,-4.036886736540802,0.9923385077616425,0.9784071507482174,,42.0
149318,2018,0.55553698354253,-1.4612164493146935,-0.4772693348349884,-0.7989222099610305,2.621149620297567,-0.1556164597089465,9.48920384966984,0.13269017148485704,1.5166894771890613,0.7101792495295003,0.167596543320963,18,1,-3.8768867365408015,0.764158479667451,0.9962399647535074,,911.3999999999996
149318,2019,0.2881873559412011,-1.7342344935562668,-0.7438224875978037,-1.2860950365783623,2.352207043019211,-0.2015499386172449,9.53757586665052,0.11088975848733797,1.8390151334977642,0.7264470383088627,0.1695520406514726,19,1,-3.9168867365408016,0.9568285827936558,0.9999850810620494,,2639.2200000000003
149318,2020,-0.4546617493084552,-2.443276045737857,-1.4577696501623478,-1.6612226716105891,1.55155405239933,-1.2543166287141068,9.537450852357345,-0.03325580857110906,1.83450707077888,0.6918205764038291,0.251055928502928,20,1,-3.9568867365408016,0.9672684785504165,0.6141944489379185,,-335.7240000000003
149318,2021,0.4969818140160635,0.0594341732365398,0.2678943966583537,0.6086900757516356,0.9551566487314832,-0.0729012824349281,9.435946967505078,0.026468726004175627,1.7525641645650496,0.7291357329516827,0.20169667985175121,21,1,-3.9968867365408016,1.0279270374428815,1.0,,-44.25199999999998
149318,2022,-0.318823883214509,-0.2076783957728852,-0.2578904648596498,-0.4447970952841512,-0.4406907199242276,-0.0709838344351483,9.504136217174095,0.03464856765883221,1.7248686502523276,0.6521922311425185,0.27247348137546495,22,1,-4.036886736540802,0.9586029745310574,0.9983651770226255,,-562.8810000000001
157855,2019,0.1143559076797002,1.330849588298582,0.7296157686392077,0.3318085192108406,-1.1161638142393149,1.1274230180675748,10.917376753174178,0.02548706599426768,3.066789355295142,0.09822951057577187,0.1441606501469361,17,1,-3.836886736540802,0.09672553958462166,,,
157855,2020,0.6242337113797509,2.0170118839714983,1.321358595790593,0.9530520812957504,-0.7700160574419324,1.689665110285435,11.101960259016467,0.03496176528257492,3.223218955973515,0.08541349300915521,0.18047993242937513,18,1,-3.8768867365408015,0.15093110945393817,0.8598151169113649,0.8355447818321,7838.0
157855,2021,-0.1064985561646176,0.8515712992698498,0.3810580093560907,0.0905059002099984,-1.0816116872060344,0.6716101185021831,11.463829754126165,0.030249241143169237,2.5674155804598304,0.05981577371887112,0.1106723103908244,19,1,-3.9168867365408016,0.15052251413772522,0.0,,-3562.0
157855,2022,-0.1421989818763867,1.6013062087671712,0.7443758244286727,0.2729970021805177,-1.9153485944865052,1.2157546466768276,11.501348712209706,0.0481643719208085,1.8174950682353894,0.06668757397646916,0.1265364343594776,20,1,-3.9568867365408016,0.13586047303727597,0.0,,-7477.0
164296,2018,0.057057611119516,1.1810783579538169,0.6270376135844322,0.7311607891597622,-1.0829023938103164,0.5229144380091022,10.390532647636716,0.1262058371735791,0.9264884792626727,0.02457757296466974,0.030691244239631335,15,1,-3.756886736540802,0.4853119905143026,,,
164296,2019,-0.1537706588733458,0.6571412362289074,0.2605373296234531,0.4384702310258243,-0.9823866358669436,0.0826044282210819,10.426291153061525,0.13440047428486734,0.9996798577145397,0.0463613457833111,0.04633170297910182,16,1,-3.796886736540802,0.4784228591545164,1.0,,-1183.0
164296,2020,0.1446923822166267,0.4288214821604879,0.2872879382926206,0.6122201609612343,-0.1404987299353611,-0.037644284375993,10.436671358912786,0.12013377533957227,0.91273153988324,0.05224865784609969,0.07093613401003315,17,1,-3.836886736540802,0.454381735265925,,,-574.0
164296,2021,0.2815056326157214,0.6981438158210183,0.489497182215204,0.927697379279778,-0.1344774665832436,0.0512969851506299,10.44659641922227,0.10602143666308421,0.8031022162837308,0.05434687890318645,0.1149388561303628,18,1,-3.8768867365408015,0.39254930933351245,1.0,,-7315.0
164296,2022,0.5225401017421711,0.3204834091170028,0.4126277074889968,0.753342865958481,0.74236489024852,0.0719125490195125,11.80560254159177,0.05453690644099671,0.5644614592428414,0.06335773613629749,0.02950724248326505,19,1,-3.9168867365408016,0.38519188315126635,1.0,,-5364.0
165993,2018,0.5585266298146183,1.8021187935197287,1.1820658365505796,1.5405849355274872,-0.6885517836573044,0.823546737573672,10.07617956035424,0.12705090450147244,1.788761043331931,0.02469499368952461,0.029575094657130836,15,1,-3.756886736540802,0.24803713337947164,0.9951958941306359,,8388.0
165993,2019,0.8781781221059529,2.202185300331598,1.5367961731481694,1.3149982818641106,-0.4390579799784803,1.7585940644322282,11.336259882952431,0.04797985824403981,1.268731952366179,0.01746891630670835,0.03187122640383743,16,1,-3.796886736540802,0.24593878962811003,0.9930872217710871,,-1152.0
165993,2020,0.7600456859723899,1.659817800767891,1.2048415882782604,0.8489135368242141,-0.1295461186393509,1.5607696397323063,11.336689354232176,0.05962405476968584,1.2920159347343814,0.016948546074759666,0.048066601464659714,17,1,-3.836886736540802,0.25173939781263943,0.9977672805107577,,-1360.0
165993,2021,0.8467221076757561,1.8059785447179129,1.320463482752589,0.9962920290492874,-0.1007606424779099,1.6446349364558903,11.325764215735022,0.06974472754458526,1.053277423400176,0.017014144288625483,0.05164534371947764,18,1,-3.8768867365408015,0.3247732229210784,0.9992439516129032,,-956.0
165993,2022,0.7021689442400936,0.4720672364074485,0.5743932360137641,0.3433638551328349,0.9577203606927526,0.8054226168946934,11.05529299637949,0.08505325705616486,0.9584745093081324,0.018568854894276052,0.07606119030310693,19,1,-3.9168867365408016,0.35098448416659106,0.9995598969514813,,-1875.0
170841,2018,-0.3301675438619006,-0.2037387548372116,-0.2612158309667448,-0.3933537091725377,-0.4680709696522123,-0.1290779527609518,10.902316337656254,0.1206032926964016,0.9292220314168909,0.40547309491363115,0.05559647895105153,8,1,-3.4768867365408016,0.2217983651226158,0.9823691460055096,,-1142.0
170841,2019,-0.1042344923657945,-0.956498774270212,-0.5356106728922332,-0.6893019574689014,0.7585178686870827,-0.381919388315565,10.980535663288396,0.07833787465940055,1.058561080722071,0.4274182561307902,0.027486376021798365,9,1,-3.5168867365408016,0.31276840701010583,0.9984573852680293,,3692.0
170841,2020,-0.977123045914662,-1.4882570551258287,-1.222409915810878,-1.5367362220174732,-0.4865493061222298,-0.9080836096042832,10.91000282698325,-0.002722903455711701,0.8711419334441988,0.4555289559766817,0.04594214287019609,10,1,-3.5568867365408017,0.2790948663524841,0.9823008849557522,,-1485.0
170841,2021,-0.0903225406070944,-0.2812397018359505,-0.1864553623675812,-0.537731999312306,0.1019431029138792,0.1648212745771435,10.92583056074651,0.03728819656797496,0.8503055157031334,0.4224376731301939,0.05660682807497212,11,1,-3.5968867365408017,0.23831139949242564,0.814748201438849,,-3840.0
170841,2022,0.0083840182495831,-0.4291819389358631,-0.2142681739074604,-0.4452179145705542,0.4536884025636702,0.0166815667556332,11.244287562323809,0.14715732189110697,0.8725837042463568,0.4730122184139609,0.08023076319300908,12,1,-3.6368867365408017,0.27166527595660983,0.9807300642331193,,-1883.0
178704,2019,0.6709710434829782,2.369350751121029,1.5237914635793994,1.9302755425371592,-1.034669796709864,1.1173073846216397,8.489590107510264,0.246037107884418,3.5166353452557964,0.5639722838101002,0.10327677208610753,14,1,-3.716886736540802,0.3726547254020604,0.9849439012889222,,-106.019
178704,2020,0.7599919257325413,2.0992652817643416,1.4292846054906798,1.9194152228961248,-0.5785934337837357,0.9391539880852344,8.535027019152741,0.11179007180593831,3.4648734795830776,0.49124248104458007,0.20551225361097483,15,1,-3.756886736540802,0.3876173578970103,0.0,,-1497.2160000000001
178704,2021,0.6709558051196346,0.3971730073573576,0.5222085552851423,0.7491651032658875,0.9684503047886188,0.2952520073043971,8.468922482306661,0.3278351701239553,4.381338919510811,0.5030523390351608,0.09058053525968442,16,1,-3.796886736540802,0.35438181546998915,0.0,,-861.014
178704,2022,0.8335141673557773,2.721894321018816,1.7805655059829435,2.32143243016164,-1.060588509898556,1.239698581804248,8.588659720887005,0.34529989487956275,5.174326032029952,0.4786479098154685,0.13739674672944024,17,1,-3.836886736540802,0.3348674113296785,0.0,,-1006.1239999999999
179621,2020,-1.1697139681361368,-4.658080461805129,-2.9224417801258595,-2.478624318727066,2.3357416558433086,-3.366259241524653,10.710298183791462,0.2829186656253487,3.596518876715386,0.157581167019971,0.16255717951578713,14,1,-3.716886736540802,0.6864131751029305,,,-3817.0
179621,2022,-0.0187102993927072,-1.223965373927563,-0.6307400063989983,-0.8772942709581412,1.2053491146198747,-0.3841857418398554,11.029731220816553,0.2242992169387656,3.252777415735802,0.11841571958950081,0.052155444950633095,16,1,-3.796886736540802,0.7436297929682715,1.0,1.0,2978.0
180405,2019,0.8610072035953197,1.8213199790293395,1.3355883674892333,1.3345165225145323,-0.0881551241925071,1.3366602124639342,9.895707365217167,0.1165532879818594,2.4503763769211386,0.024439405391786344,0.29543965734441924,13,1,-3.676886736540802,0.1685490501536198,0.9214417744916821,0.878139534883721,1075.0
180405,2020,0.2182493609277513,0.8524534956890956,0.5363947605532187,0.1904303510243665,-0.418041438323183,0.8823591700820707,10.047977431021076,0.14228222770349214,3.2793394564888136,0.019559478990869357,0.3815396598727768,14,1,-3.716886736540802,0.1555316091954023,0.0,,-156.0
180405,2021,1.7065348998091767,0.2773483465930899,0.9552381783468822,0.971147788253638,3.2091283427337656,0.9393285684401264,10.128868598790529,0.1513809067688378,2.2241138286238824,0.016203703703703703,0.42377075351213284,15,1,-3.756886736540802,0.14081729540225688,0.0,,-167.0
199356,2018,0.3889487993464951,0.8276467273634123,0.605522434257225,0.4216229472064071,-0.0441984704749646,0.7894219213080429,7.681099001536359,0.14028610982925704,3.4325703461006,0.116751269035533,0.30918320258421783,8,1,-3.444000843661974,0.08417338709677419,0.0,,-92.0
199356,2019,-0.135708094483507,0.5402335795663453,0.2094345476711979,0.1582075666543727,-0.825993378792917,0.2606615286880232,7.592870287844818,0.1587701612903226,2.1878352620967743,0.17338709677419356,0.16078629032258066,9,1,-3.4769231961960547,0.32199085830370744,1.0,,358.0
199356,2020,-0.1670934522455116,-0.6415418783360594,-0.4058799704329355,-0.6698714154219587,0.3104795841293363,-0.1418885254439124,7.585281078639126,-0.052493700353834896,2.2912941493143726,0.14931437277805992,0.2122905027932961,10,1,-3.5162831261527243,0.4163390126692879,0.9770114942528736,,298.0
199356,2021,0.0124969430433915,0.1130131802010952,0.0633521696194508,0.0700747920974872,-0.089213510108727,0.0566295471414144,7.735870319952567,-0.012669287898645697,2.067087426823941,0.11227610310179117,0.31585845347313235,11,1,-3.5680577726987512,0.3616193071233943,,,
199356,2022,0.6880292767643864,1.0106933372275757,0.8414224136883458,0.8053625646492141,0.3812430029164678,0.8774822627274775,7.851271997109883,0.07551576488906189,1.3473838302841574,0.08602569093032308,0.39743090696769173,12,1,-3.615761167048106,0.35947970043358296,,,
