gvkey,datadate,fyear,at,dltt,dlc,oibdp,ppent,che,prcc_f,csho,dltis,dltr,sstk,prstkc,sich
001045,2017-12-31,2017,51396.0,22511.0,2554.0,6809.0,34156.0,5384.0,52.03,475.508,3058.0,2332.0,0.0,1615.0,4512
001045,2018-12-31,2018,60580.0,29081.0,4948.0,5606.0,43249.0,4914.0,32.11,460.611,2354.0,2941.0,0.0,837.0,4512
001045,2019-12-31,2019,59995.0,28875.0,4569.0,6024.0,43732.0,3984.0,28.68,428.203,3960.0,4190.0,0.0,1097.0,4512
001045,2020-12-31,2020,62008.0,36573.0,4448.0,-9022.0,39738.0,7473.0,15.77,621.48,11780.0,3535.0,2970.0,173.0,4512
001045,2021-12-31,2021,66467.0,42181.0,3996.0,-3179.0,37387.0,13421.0,17.96,647.728,12190.0,7343.0,460.0,18.0,4512
001045,2022-12-31,2022,64716.0,38948.0,4739.0,4103.0,38294.0,9960.0,12.72,650.642,1069.0,3752.0,0.0,21.0,4512
001045,2023-12-31,2023,63058.0,35722.0,4941.0,6267.0,38703.0,8488.0,13.74,654.273,4822.0,7718.0,0.0,0.0,4512
001078,2017-12-31,2017,76250.0,27210.0,714.0,7017.0,7607.0,9610.0,57.07,1743.602,6742.0,8650.0,350.0,117.0,2834
001078,2018-12-31,2018,67173.0,19359.0,207.0,7562.0,7563.0,4086.0,72.33,1755.619,4009.0,12433.0,271.0,238.0,2834
001078,2019-12-31,2019,67887.0,17416.0,1683.0,8055.0,8972.0,4140.0,86.86,1762.503,1842.0,3441.0,298.0,718.0,3845
001078,2020-12-31,2020,72548.0,19429.0,461.0,9112.0,10130.0,7148.0,109.49,1771.23,1281.0,1333.0,245.0,403.0,3845
001078,2021-12-31,2021,75196.0,18252.0,999.0,12504.0,10112.0,10249.0,140.74,1764.082,4.0,48.0,255.0,2299.0,3845
001078,2022-12-31,2022,74438.0,15465.0,2481.0,12313.0,10278.0,10170.0,109.79,1737.795,7.0,753.0,167.0,3795.0,3845
001078,2023-12-31,2023,73214.0,14548.0,1325.0,10036.0,11276.0,7279.0,110.07,1734.076,2.0,2498.0,167.0,1227.0,3845
001161,2017-12-31,2017,3540.0,1325.0,70.0,229.0,261.0,1187.0,10.28,967.0,0.0,110.0,20.0,0.0,3674
001161,2018-12-31,2018,4556.0,1114.0,136.0,590.0,348.0,1161.0,18.46,1005.0,0.0,41.0,70.0,0.0,3674
001161,2019-12-31,2019,6028.0,685.0,43.0,725.0,705.0,1507.0,45.86,1170.0,0.0,403.0,523.0,0.0,3674
001161,2020-12-31,2020,8962.0,531.0,41.0,1600.0,849.0,2290.0,91.71,1211.0,0.0,200.0,85.0,78.0,3674
001161,2021-12-31,2021,12419.0,349.0,383.0,3974.0,1069.0,3608.0,143.9,1207.0,0.0,0.0,104.0,1999.0,3674
001161,2022-12-31,2022,67580.0,2863.0,93.0,5670.0,1973.0,5855.0,64.77,1612.0,991.0,312.0,167.0,4108.0,3674
001161,2023-12-31,2023,67885.0,2252.0,857.0,3881.0,2222.0,5773.0,147.41,1616.0,0.0,0.0,268.0,1412.0,3674
001209,2017-09-30,2017,18467.2,3402.4,560.4,2526.6,8440.2,3677.6,151.22,218.346,2.4,483.9,68.4,0.0,2810
001209,2018-09-30,2018,19178.3,3351.7,460.9,2862.0,9923.7,2976.0,167.05,219.516,0.5,418.7,76.2,0.0,2810
001209,2019-09-30,2019,18942.8,3227.4,98.6,3203.3,10337.6,2414.7,221.86,220.415,0.0,428.6,68.1,0.0,2810
001209,2020-09-30,2020,25168.5,7765.9,548.4,3323.4,12341.5,6357.9,297.86,221.017,4895.8,406.6,34.1,0.0,2810
001209,2021-09-30,2021,26859.2,7653.7,565.5,3536.3,13820.8,5800.8,256.11,221.397,178.9,462.9,10.6,0.0,2810
001209,2022-09-30,2022,27192.6,7677.9,649.0,3694.8,14855.2,3301.7,232.73,221.839,766.2,400.0,19.3,0.0,2810
001209,2023-09-30,2023,32002.5,10062.4,969.2,4062.7,18446.1,1949.2,283.4,222.2,3516.2,615.4,24.0,0.0,2810
001230,2017-12-31,2017,10740.0,2262.0,307.0,1750.0,6284.0,1621.0,73.51,123.061,0.0,397.0,0.0,75.0,4512
001230,2018-12-31,2018,10912.0,1617.0,486.0,1173.0,6781.0,1236.0,60.85,123.194,339.0,807.0,0.0,50.0,4512
001230,2019-12-31,2019,12993.0,2703.0,504.0,1530.0,8613.0,1521.0,67.75,123.0,450.0,1058.0,0.0,75.0,4512
001230,2020-12-31,2020,14046.0,3625.0,1428.0,-1284.0,7611.0,3346.0,52.0,124.218,2564.0,565.0,0.0,31.0,4512
001230,2021-12-31,2021,13951.0,3452.0,634.0,154.0,7591.0,3116.0,52.1,125.906,363.0,1334.0,0.0,0.0,4512
001230,2022-12-31,2022,14186.0,3276.0,504.0,1109.0,8728.0,2417.0,42.94,127.534,0.0,385.0,0.0,0.0,4512
001230,2023-12-31,2023,14613.0,3307.0,511.0,1288.0,9583.0,1791.0,39.07,126.09,411.0,282.0,0.0,137.0,4512
001300,2017-12-31,2017,59387.0,12573.0,5309.0,9237.0,5926.0,10817.0,153.36,750.9,1238.0,292.0,520.0,2889.0,9997
001300,2018-12-31,2018,57773.0,9756.0,6458.0,8871.0,5296.0,10910.0,132.12,729.6,27.0,1330.0,267.0,4000.0,9997
001300,2019-12-31,2019,58679.0,11644.0,5063.0,8485.0,5998.0,10416.0,177.0,711.1,2726.0,2903.0,498.0,4400.0,9997
001300,2020-12-31,2020,64586.0,16983.0,6229.0,7273.0,6343.0,15220.0,212.7,696.8,10125.0,4308.0,393.0,3714.0,9997
001300,2021-12-31,2021,64470.0,15101.0,5530.0,7908.0,6509.0,11523.0,208.51,684.8,2517.0,4917.0,229.0,3380.0,9997
001300,2022-12-31,2022,62275.0,15898.0,4639.0,8298.0,6352.0,10110.0,214.3,667.6,2953.0,1850.0,320.0,4200.0,9997
001300,2023-12-31,2023,61525.0,17459.0,4077.0,8035.0,6664.0,8095.0,209.71,651.8,2986.0,1731.0,196.0,3715.0,9997
001327,2017-09-30,2017,4573.6,0.0,0.0,1512.5,882.3,1616.8,101.9,183.1,0.0,0.0,53.8,481.5,3674
001327,2018-09-30,2018,4828.9,0.0,0.0,1620.2,1140.9,1027.4,90.71,177.4,0.0,0.0,57.0,807.5,3674
001327,2019-09-30,2019,4839.6,0.0,0.0,1413.7,1205.6,1054.6,79.25,170.1,0.0,0.0,41.8,680.4,3674
001327,2020-09-30,2020,5106.7,150.7,28.2,1289.0,1417.4,974.8,145.5,165.6,0.0,0.0,79.9,680.6,3674
001327,2021-09-30,2021,8590.7,2380.1,33.0,2111.7,1667.7,1020.1,164.78,165.3,2488.2,250.0,36.4,250.8,3674
001327,2022-09-30,2022,8873.8,1896.8,517.7,2262.6,1827.8,586.3,85.27,160.2,0.0,50.0,35.8,975.3,3674
001327,2023-09-30,2023,8426.7,1181.6,327.7,1822.6,1595.5,734.4,98.59,159.5,0.0,900.0,37.2,211.2,3674
001380,2017-12-31,2017,23112.0,6397.0,580.0,-2185.0,16192.0,4847.0,47.47,315.054,800.0,459.0,0.0,110.0,1311
001380,2018-12-31,2018,21433.0,6605.0,67.0,2543.0,16083.0,2694.0,40.5,291.435,0.0,633.0,0.0,1365.0,1311
001380,2019-12-31,2019,21782.0,7733.0,199.0,2776.0,17560.0,1545.0,66.81,304.955,760.0,57.0,0.0,25.0,1311
001380,2020-12-31,2020,18821.0,8984.0,91.0,-194.0,14709.0,1739.0,52.79,306.98,1000.0,7.0,0.0,0.0,1311
001380,2021-12-31,2021,20515.0,8535.0,606.0,3556.0,14678.0,2713.0,74.03,309.745,750.0,520.0,77.0,0.0,1311
001380,2022-12-31,2022,21695.0,8926.0,224.0,5516.0,15794.0,2486.0,141.82,306.177,420.0,519.0,52.0,630.0,1311
001380,2023-12-31,2023,24007.0,8917.0,681.0,4888.0,18260.0,1688.0,144.16,307.158,0.0,13.0,177.0,20.0,1311
001598,2017-12-31,2017,7796.064,1866.166,308.123,1122.607,493.296,646.3,72.47,231.194,0.0,270.0,,6.867,3823
001598,2018-12-31,2018,8662.288,2273.837,358.876,1275.03,554.13,353.975,67.7,227.111,560.05,305.0,30.021,367.678,3823
001598,2019-12-31,2019,9844.559,2413.912,540.474,1411.422,728.587,393.03,99.74,229.083,100.0,100.0,90.388,11.924,3823
001598,2020-12-31,2020,10357.483,2409.614,177.232,1327.087,693.763,1212.822,120.94,230.519,0.0,102.947,64.903,4.685,3823
001598,2021-12-31,2021,11898.187,2358.249,362.446,1600.782,787.062,346.772,147.04,231.662,0.0,59.718,60.297,14.711,3823
001598,2022-12-31,2022,12431.12,2288.155,272.445,1820.119,805.936,345.386,139.72,230.051,0.0,0.0,49.937,332.821,3823
001598,2023-12-31,2023,15023.533,2077.868,1478.97,2045.095,1121.016,409.804,164.89,230.93,0.0,0.0,50.85,7.772,3823
001602,2017-12-31,2017,79954.0,34190.0,1152.0,12452.0,4989.0,41678.0,173.9,722.2,4476.0,4405.0,0.0,3351.0,2836
001602,2018-12-31,2018,66416.0,29510.0,4419.0,12509.0,4958.0,29304.0,194.67,629.6,0.0,1121.0,0.0,17920.0,2836
001602,2019-12-31,2019,59707.0,27338.0,3093.0,11756.0,5397.0,8911.0,241.07,591.4,0.0,4514.0,0.0,7839.0,2836
001602,2020-12-31,2020,62948.0,33201.0,244.0,12576.0,5297.0,10647.0,229.92,578.3,8914.0,6450.0,0.0,3486.0,2836
001602,2021-12-31,2021,61165.0,33747.0,232.0,12518.0,5750.0,8037.0,224.97,558.3,4945.0,4150.0,0.0,4975.0,2836
001602,2022-12-31,2022,65121.0,37893.0,1747.0,13351.0,6006.0,9305.0,262.64,534.0,6919.0,,0.0,6360.0,2836
001602,2023-12-31,2023,97154.0,63861.0,1562.0,13787.0,6592.0,10944.0,288.02,535.4,27777.0,1454.0,0.0,0.0,2836
001632,2017-10-31,2017,21141.294,7551.084,300.0,2118.111,1107.304,1047.838,91.3,368.636,11156.164,5050.0,133.302,46.533,3674
001632,2018-10-31,2018,20449.779,6265.674,67.0,2767.715,1154.328,816.591,83.71,370.16,743.778,2275.0,99.027,225.977,3674
001632,2019-10-31,2019,21392.641,5192.252,299.667,2617.518,1219.989,648.322,106.63,368.302,1325.0,2175.0,116.523,613.005,3674
001632,2020-10-31,2020,21468.603,5433.594,39.923,2421.602,1377.186,1055.86,118.53,369.485,745.646,1100.0,68.403,244.487,3674
001632,2021-10-31,2021,52322.071,6548.994,569.239,2964.15,2258.593,1977.964,173.49,525.331,3939.64,3591.982,63.105,3105.144,3674
001632,2022-10-31,2022,50302.35,6885.904,53.628,6156.07,2664.301,1470.572,142.62,509.296,296.13,519.116,33.887,2577.015,3674
001632,2023-10-31,2023,48794.478,6262.917,1111.021,6283.994,3496.377,958.061,157.33,496.262,0.0,65.688,118.608,2963.955,3674
001678,2017-12-31,2017,21922.0,7934.0,550.0,3324.0,17759.0,1668.0,42.22,380.955,0.0,70.0,0.0,0.0,1311
001678,2018-12-31,2018,21582.0,8054.0,150.0,4221.0,18421.0,714.0,26.25,374.696,992.0,1370.0,0.0,305.0,1311
001678,2019-12-31,2019,18107.0,8752.0,180.0,928.0,14158.0,247.0,25.59,376.063,1385.0,1150.0,2.0,,1311
001678,2020-12-31,2020,12746.0,8915.0,118.0,-2533.0,8819.0,262.0,14.19,377.482,1616.0,1243.0,1.0,,1311
001678,2021-12-31,2021,13303.0,7447.0,314.0,4242.0,8335.0,302.0,26.89,346.931,425.0,1795.0,,847.0,1311
001678,2022-12-31,2022,13147.0,5584.0,169.0,6342.0,9012.0,245.0,46.68,311.559,24.0,1493.0,,1423.0,1311
001678,2023-12-31,2023,15244.0,5351.0,118.0,5074.0,10038.0,87.0,35.88,303.576,,259.0,,329.0,1311
001690,2017-09-30,2017,375319.0,97207.0,18473.0,70744.0,33783.0,74181.0,154.12,5126.201,28662.0,3500.0,555.0,34774.0,3663
001690,2018-09-30,2018,365725.0,93735.0,20748.0,79962.0,41304.0,66301.0,225.74,4754.986,6969.0,6500.0,669.0,75265.0,3663
001690,2019-09-30,2019,338516.0,91807.0,16240.0,75230.0,37378.0,100580.0,223.97,4443.236,6963.0,8805.0,781.0,69714.0,3663
001690,2020-09-30,2020,323888.0,107049.0,15229.0,75988.0,45336.0,90979.0,115.81,16976.763,16091.0,12629.0,880.0,75992.0,3663
001690,2021-09-30,2021,351002.0,119381.0,17141.0,118449.0,49527.0,62639.0,141.5,16426.786,20393.0,8750.0,1105.0,92527.0,3663
001690,2022-09-30,2022,352755.0,109707.0,22773.0,128137.0,52534.0,48304.0,138.2,15943.425,5465.0,9543.0,,95625.0,3663
001690,2023-09-30,2023,352583.0,106548.0,17382.0,122801.0,54376.0,61555.0,171.21,15550.061,5228.0,11151.0,,82981.0,3663
001704,2017-10-31,2017,19419.0,5304.0,0.0,4278.0,1066.0,7276.0,56.43,1060.0,2176.0,205.0,97.0,1172.0,3559
001704,2018-10-31,2018,17773.0,5309.0,0.0,5258.0,1407.0,4030.0,32.88,967.0,0.0,0.0,124.0,5447.0,3559
001704,2019-10-31,2019,19024.0,4713.0,600.0,3735.0,1529.0,3618.0,54.26,916.0,0.0,0.0,145.0,2489.0,3559
001704,2020-10-31,2020,22353.0,5643.0,64.0,4851.0,1856.0,5738.0,59.23,914.0,2979.0,2882.0,174.0,821.0,3559
001704,2021-10-31,2021,25825.0,5680.0,73.0,7663.0,2228.0,5459.0,136.65,892.0,0.0,0.0,175.0,3928.0,3559
001704,2022-10-31,2022,26726.0,5744.0,85.0,8266.0,2696.0,2581.0,88.29,844.0,0.0,0.0,199.0,6369.0,3559
001704,2023-10-31,2023,30729.0,5713.0,286.0,8191.0,3201.0,6869.0,132.35,833.0,0.0,7.0,227.0,2368.0,3559
001722,2017-12-31,2017,39963.0,6623.0,870.0,2437.0,10138.0,5630.0,40.08,557.0,532.0,835.0,0.0,750.0,2070
001722,2018-12-31,2018,40833.0,7698.0,690.0,2961.0,9953.0,6509.0,40.97,559.0,1762.0,30.0,0.0,77.0,2070
001722,2019-12-31,2019,43997.0,8453.0,1424.0,2663.0,11077.0,5310.0,46.35,557.0,8.0,626.0,0.0,150.0,2070
001722,2020-12-31,2020,49719.0,8748.0,2305.0,2659.0,11053.0,6556.0,50.41,556.0,1791.0,2136.0,0.0,133.0,2070
001722,2021-12-31,2021,56136.0,8776.0,1805.0,4034.0,10826.0,8959.0,67.59,560.0,1329.0,534.0,0.0,0.0,2070
001722,2022-12-31,2022,59774.0,8551.0,1737.0,5283.0,11021.0,10047.0,92.85,547.0,752.0,482.0,0.0,1450.0,2070
001722,2023-12-31,2023,54631.0,9190.0,406.0,5164.0,11719.0,8596.0,72.22,513.0,501.0,963.0,0.0,2673.0,2070
001878,2018-01-31,2017,4113.6,1586.0,0.0,-289.4,145.0,1323.2,115.62,218.3,496.9,400.0,94.4,842.1,7370
001878,2019-01-31,2018,4729.2,2087.7,0.0,125.7,149.7,953.6,147.2,219.4,500.0,0.0,90.9,436.9,7370
001878,2020-01-31,2019,6179.3,2046.8,497.8,491.5,600.5,1843.7,196.85,219.4,498.9,500.0,93.7,555.0,7370
001878,2021-01-31,2020,7279.8,2033.2,71.4,771.9,609.5,1857.2,277.43,219.6,0.0,450.0,114.1,708.4,7370
001878,2022-01-31,2021,8606.8,2623.7,436.3,892.8,467.0,1764.1,249.79,218.2,997.0,0.0,113.7,1272.0,7370
001878,2023-01-31,2022,9438.0,2581.0,85.0,1180.0,389.0,2072.0,215.16,215.0,0.0,350.0,124.0,1261.0,7370
001878,2024-01-31,2023,9912.0,2559.0,67.0,1311.0,345.0,2256.0,253.81,214.0,0.0,0.0,130.0,982.0,7370
001891,2017-06-30,2017,37180.0,2002.4,7.8,2722.0,779.9,2783.6,102.46,445.0,0.0,2.0,95.7,1259.6,7374
001891,2018-06-30,2018,37088.7,2002.4,2.5,3002.7,793.7,2173.3,134.14,438.8,0.0,7.3,69.3,989.3,7374
001891,2019-06-30,2019,41887.7,2002.2,264.5,3489.8,764.2,1959.7,165.33,434.2,0.0,2.1,72.9,937.7,7374
001891,2020-06-30,2020,39165.5,1347.2,1110.9,3773.2,1197.6,1908.5,148.89,429.9,0.0,2.2,50.0,1006.3,7374
001891,2021-06-30,2021,48772.5,3328.2,119.4,3804.6,1146.7,2585.6,198.62,423.7,1981.5,1001.8,104.1,1372.3,7374
001891,2022-06-30,2022,63068.2,3358.0,232.7,4292.3,1103.5,1483.3,210.04,416.1,0.0,0.9,96.5,1969.4,7374
001891,2023-06-30,2023,50971.0,3338.9,202.1,5056.7,1083.8,2098.2,219.79,412.1,0.0,1.0,91.6,1121.4,7374
001913,2017-12-31,2017,5136.9,1316.3,265.4,863.5,1097.9,265.1,114.86,88.012,542.9,253.8,22.0,129.7,2670
001913,2018-12-31,2018,5177.5,1771.6,194.6,964.9,1137.4,281.1,89.83,84.724,493.3,6.4,0.9,426.0,2670
001913,2019-12-31,2019,5488.8,1598.2,481.6,998.3,1348.8,305.2,130.82,83.367,0.0,18.6,,255.1,2670
001913,2020-12-31,2020,6083.9,2168.1,109.0,1065.9,1505.0,297.7,155.11,83.151,993.7,770.2,,124.0,2670
001913,2021-12-31,2021,7971.6,2921.2,366.1,1306.3,1660.7,210.2,216.57,82.606,791.7,13.4,,206.3,2670
001913,2022-12-31,2022,7950.5,2617.1,641.0,1362.1,1701.9,201.0,181.0,80.81,0.0,6.3,,404.6,2670
001913,2023-12-31,2023,8209.8,2774.4,667.6,1260.9,1826.0,255.4,202.16,80.496,394.9,255.9,,161.3,2670
001988,2017-12-31,2017,17169.0,6518.0,453.0,1752.0,4610.0,458.0,37.85,349.881,765.0,1810.0,27.0,103.0,3411
001988,2018-12-31,2018,16554.0,6510.0,219.0,1828.0,4542.0,728.0,45.98,335.258,1475.0,1533.0,28.0,739.0,3411
001988,2019-12-31,2019,17360.0,6518.0,1538.0,1854.0,4709.0,1806.0,64.67,324.635,2819.0,1524.0,19.0,964.0,3411
001988,2020-12-31,2020,18252.0,8015.0,80.0,1933.0,5653.0,1381.0,93.18,327.586,2552.0,2794.0,-18.0,57.0,3411
001988,2021-12-31,2021,19714.0,8062.0,95.0,2133.0,6922.0,579.0,96.27,320.844,850.0,750.0,47.0,766.0,3411
001988,2022-12-31,2022,19909.0,7889.0,1499.0,1957.0,7487.0,558.0,51.14,314.108,4851.0,3884.0,0.0,618.0,3411
001988,2023-12-31,2023,19303.0,7860.0,1158.0,2112.0,7820.0,710.0,57.52,315.69,2051.0,2281.0,0.0,3.0,3411
002086,2017-12-31,2017,17111.0,3509.0,3.0,2275.0,4588.0,3394.0,64.64,541.477,633.0,1.0,347.0,564.0,2834
002086,2018-12-31,2018,15641.0,3473.0,4.0,2540.0,4542.0,1832.0,65.82,512.999,0.0,5.0,258.0,2452.0,2834
002086,2019-12-31,2019,18193.0,5319.0,642.0,2726.0,5120.0,3335.0,83.62,506.155,1883.0,0.0,356.0,1270.0,2834
002086,2020-12-31,2020,20019.0,6287.0,517.0,2679.0,5325.0,3736.0,80.24,504.915,1885.0,1181.0,202.0,500.0,3841
002086,2021-12-31,2021,33521.0,17671.0,639.0,2992.0,5808.0,2956.0,85.84,501.615,11903.0,2823.0,187.0,600.0,3841
002086,2022-12-31,2022,28287.0,15688.0,1525.0,3233.0,5529.0,1722.0,50.97,504.432,0.0,954.0,127.0,32.0,3841
002086,2023-12-31,2023,28276.0,11568.0,2796.0,2976.0,4957.0,3198.0,38.66,507.633,0.0,2634.0,95.0,0.0,3841
002111,2017-09-30,2017,37734.0,18667.0,203.0,3182.0,4638.0,14199.0,195.95,227.942,11461.0,3980.0,4827.0,220.0,3841
002111,2018-09-30,2018,53904.0,18894.0,2601.0,4591.0,5375.0,1253.0,261.0,268.224,5085.0,3996.0,0.0,0.0,3841
002111,2019-09-30,2019,51765.0,18081.0,1309.0,5024.0,5659.0,620.0,252.96,270.427,2709.0,4743.0,0.0,0.0,3841
002111,2020-09-30,2020,54012.0,17560.0,812.0,4454.0,6341.0,2937.0,232.68,290.017,3389.0,5149.0,2917.0,0.0,3841
002111,2021-09-30,2021,53866.0,17454.0,626.0,5554.0,6839.0,2403.0,245.82,284.476,4869.0,5112.0,0.0,1750.0,3841
002111,2022-09-30,2022,52934.0,14271.0,2297.0,4841.0,6494.0,1167.0,222.83,283.357,497.0,805.0,0.0,500.0,3841
002111,2023-09-30,2023,52780.0,15152.0,1258.0,5167.0,7074.0,1489.0,258.53,290.392,1662.0,2155.0,0.0,0.0,3841
002136,2017-12-31,2017,257143.0,113642.0,3453.0,43936.0,88568.0,2079.0,52.93,4079.476,31997.0,24237.0,0.0,0.0,4812
002136,2018-12-31,2018,264829.0,105873.0,7190.0,47171.0,89286.0,3792.0,56.22,4132.033,10777.0,14558.0,0.0,0.0,4812
002136,2019-12-31,2019,291727.0,119105.0,14038.0,46985.0,114609.0,3815.0,61.4,4135.828,18655.0,23886.0,0.0,0.0,4812
002136,2020-12-31,2020,316481.0,141173.0,9374.0,45644.0,117364.0,23366.0,58.75,4138.13,31457.0,17188.0,0.0,0.0,4812
002136,2021-12-31,2021,366596.0,166628.0,11302.0,47948.0,127579.0,4033.0,51.96,4197.799,41417.0,18863.0,0.0,0.0,4812
002136,2022-12-31,2022,379680.0,162234.0,14097.0,47582.0,133564.0,3985.0,39.4,4199.862,17806.0,13564.0,0.0,0.0,4812
002136,2023-12-31,2023,380255.0,157703.0,17239.0,47256.0,133036.0,3334.0,37.7,4204.261,8612.0,10624.0,0.0,0.0,4812
002176,2017-12-31,2017,702095.0,84526.0,18061.0,35482.0,158219.0,122129.0,198.22,2467.269,5658.0,9014.0,0.0,0.0,9997
002176,2018-12-31,2018,707794.0,85278.0,12212.0,19800.0,166706.0,118849.0,204.18,2461.394,9428.0,11608.0,0.0,1346.0,9997
002176,2019-12-31,2019,817729.0,98830.0,10420.0,115545.0,180282.0,135215.0,226.5,2437.437,13544.0,7733.0,0.0,4850.0,9997
002176,2020-12-31,2020,873729.0,112966.0,9398.0,80612.0,192596.0,149144.0,231.87,2315.94,14370.0,6461.0,0.0,24706.0,9997
002176,2021-12-31,2021,958784.0,113114.0,6139.0,125581.0,196373.0,156406.0,299.0,2216.145,6920.0,7048.0,0.0,27061.0,9997
002176,2022-12-31,2022,948452.0,114873.0,12962.0,-17188.0,201940.0,136833.0,308.9,2189.6,12695.0,3928.0,0.0,7854.0,9997
002176,2023-12-31,2023,1069978.0,119711.0,13859.0,134382.0,221870.0,187137.0,356.66,2162.225,7817.0,11311.0,0.0,9171.0,9997
002184,2018-01-31,2017,13049.0,811.0,544.0,2636.0,2421.0,3332.0,73.06,282.988,0.0,46.0,163.0,2004.0,5731
002184,2019-01-31,2018,12901.0,1332.0,56.0,2736.0,2510.0,2184.0,59.24,265.703,498.0,546.0,38.0,1505.0,5731
002184,2020-01-31,2019,15591.0,3395.0,674.0,2865.0,5037.0,2355.0,84.69,256.494,0.0,15.0,48.0,1003.0,5731
002184,2021-01-31,2020,19067.0,3265.0,817.0,3445.0,4872.0,5625.0,108.82,257.0,1892.0,1916.0,28.0,312.0,5731
002184,2022-01-31,2021,17504.0,3277.0,661.0,3879.0,4904.0,3205.0,99.28,227.4,0.0,133.0,29.0,3502.0,5731
002184,2023-01-31,2022,15803.0,3324.0,654.0,2860.0,5098.0,2253.0,88.72,218.1,0.0,19.0,16.0,1014.0,5731
002184,2024-01-31,2023,14967.0,3351.0,631.0,2650.0,5018.0,2025.0,72.49,215.4,0.0,19.0,19.0,340.0,5731
002269,2018-04-30,2017,3140.949,1494.609,1.026,935.345,231.888,1663.678,27.65,209.254,830.0,830.0,28.34,9.147,7200
002269,2019-04-30,2018,3299.945,1492.629,0.0,782.487,212.092,1747.727,27.21,201.96,720.0,720.0,2.532,189.912,7200
002269,2020-04-30,2019,5112.047,3158.439,844.921,352.619,679.155,2884.22,16.65,192.475,3335.0,1335.0,2.075,256.214,7200
002269,2021-04-30,2020,3653.646,1732.665,206.393,926.479,585.736,1062.92,22.26,181.466,1922.965,3925.0,2.14,191.294,7200
002269,2022-04-30,2021,,,,,,,26.07,,,,,,
002269,2022-06-30,2022,3269.158,1715.696,206.898,887.075,551.695,1050.713,35.32,159.93,705.0,1205.0,6.334,563.174,7200
002269,2023-06-30,2023,3072.258,1729.517,205.391,879.199,568.314,1015.316,31.87,146.15,970.0,970.0,3.383,568.952,7200
002285,2017-12-31,2017,92333.0,9782.0,1335.0,11911.0,12672.0,9992.0,294.91,591.039,2077.0,953.0,311.0,9368.0,3721
002285,2018-12-31,2018,117359.0,10657.0,3190.0,13698.0,12645.0,8564.0,322.5,567.641,8548.0,7183.0,81.0,9257.0,3721
002285,2019-12-31,2019,133625.0,20940.0,7592.0,7850.0,13684.0,10030.0,325.76,562.909,25389.0,12171.0,58.0,2899.0,3721
002285,2020-12-31,2020,152136.0,62974.0,1961.0,-7572.0,13072.0,25590.0,214.06,582.32,47248.0,10998.0,36.0,173.0,3721
002285,2021-12-31,2021,138552.0,58077.0,1564.0,756.0,12355.0,16244.0,201.32,588.917,9795.0,15371.0,42.0,66.0,3721
002285,2022-12-31,2022,137100.0,53116.0,5466.0,-119.0,12001.0,17220.0,190.49,597.59,34.0,1310.0,50.0,40.0,3721
002285,2023-12-31,2023,137012.0,48621.0,5500.0,2269.0,12351.0,15965.0,260.66,609.515,75.0,5216.0,45.0,408.0,3721
002312,2017-12-31,2017,1867.454,0.657,0.183,581.21,144.887,294.753,55.54,124.261,0.0,0.167,0.0,231.724,7363
002312,2018-12-31,2018,1903.097,0.457,0.2,653.169,125.176,276.579,57.2,119.078,0.0,0.183,0.0,353.509,7363
002312,2019-12-31,2019,2311.408,202.2,71.626,686.015,369.414,270.478,63.15,115.12,0.0,0.2,0.0,277.535,7363
002312,2020-12-31,2020,2557.424,223.869,78.843,408.851,372.505,981.06,62.48,113.128,0.0,0.218,0.0,159.172,7363
002312,2021-12-31,2021,2952.359,181.291,83.787,796.956,322.196,1113.992,111.52,110.686,0.0,0.0,0.0,287.738,7363
002312,2022-12-31,2022,2964.488,151.768,86.083,1024.151,311.685,1091.36,73.83,107.698,0.0,0.0,0.0,319.897,7363
002312,2023-12-31,2023,3010.789,161.44,80.459,518.837,318.065,1302.786,87.92,105.209,0.0,0.0,0.0,254.625,7363
002403,2017-12-31,2017,33551.0,6975.0,987.0,5092.0,5001.0,6812.0,61.28,1633.0,1488.0,1224.0,0.0,2469.0,2834
002403,2018-12-31,2018,34986.0,5646.0,1703.0,5941.0,5027.0,8884.0,51.98,1632.0,0.0,5.0,0.0,320.0,2834
002403,2019-12-31,2019,129944.0,44059.0,3479.0,8547.0,6956.0,15393.0,64.19,2251.0,26778.0,9256.0,0.0,7300.0,2834
002403,2020-12-31,2020,118481.0,49169.0,2504.0,16660.0,6745.0,16539.0,62.03,2244.0,6945.0,2750.0,0.0,1546.0,2834
002403,2021-12-31,2021,109314.0,40479.0,5117.0,19584.0,6968.0,17361.0,62.35,2176.0,0.0,6022.0,0.0,6287.0,2834
002403,2022-12-31,2022,96820.0,36317.0,4400.0,19976.0,7475.0,9401.0,71.95,2098.0,5926.0,11431.0,,8001.0,2834
002403,2023-12-31,2023,95159.0,38183.0,3281.0,18325.0,8036.0,12335.0,51.31,2021.0,4455.0,3879.0,,5155.0,2834
002435,2018-04-30,2017,4976.0,2341.0,215.0,1157.0,780.0,239.0,56.04,481.001,595.0,250.0,,29.0,2085
002435,2019-04-30,2018,5139.0,2290.0,150.0,1201.0,816.0,307.0,53.29,477.172,0.0,0.0,,218.0,2085
002435,2020-04-30,2019,5766.0,2306.0,349.0,1176.0,899.0,675.0,62.2,478.209,0.0,0.0,0.0,44.0,2085
002435,2021-04-30,2020,6522.0,2403.0,225.0,1121.0,899.0,1150.0,76.28,478.729,0.0,0.0,0.0,21.0,2085
002435,2022-04-30,2021,6373.0,2073.0,271.0,1342.0,949.0,874.0,67.44,479.02,0.0,0.0,0.0,11.0,2085
002435,2023-04-30,2022,7777.0,2741.0,257.0,1337.0,1115.0,384.0,65.09,479.316,648.0,250.0,0.0,0.0,2085
002435,2024-04-30,2023,8166.0,2445.0,752.0,1281.0,1170.0,456.0,47.85,472.6,0.0,0.0,0.0,400.0,2085
002574,2017-12-31,2017,35739.0,11790.0,19.0,5015.0,31764.0,419.0,55.01,889.851,850.0,333.0,0.0,1970.0,4011
002574,2018-12-31,2018,36729.0,14739.0,18.0,6104.0,31998.0,1111.0,62.13,818.18,3000.0,19.0,0.0,4671.0,4011
002574,2019-12-31,2019,38257.0,16486.0,302.0,6223.0,32700.0,1954.0,72.36,773.471,2000.0,518.0,0.0,3373.0,4011
002574,2020-12-31,2020,39793.0,16759.0,446.0,5645.0,32916.0,3131.0,90.75,762.529,1000.0,745.0,0.0,867.0,4011
002574,2021-12-31,2021,40531.0,16663.0,245.0,6481.0,33516.0,2316.0,37.6,2201.787,0.0,426.0,0.0,2886.0,4011
002574,2022-12-31,2022,41912.0,18384.0,220.0,7212.0,34747.0,2087.0,30.98,2066.367,2000.0,186.0,0.0,4731.0,4011
002574,2023-12-31,2023,42408.0,18466.0,626.0,7035.0,35433.0,1436.0,34.67,1958.757,600.0,153.0,0.0,3482.0,4011
002663,2017-07-31,2017,7726.0,2499.0,1037.0,1995.0,2454.0,319.0,52.83,301.0,211.0,490.0,2.0,459.0,2030
002663,2018-07-31,2018,14529.0,7998.0,1896.0,1711.0,3233.0,226.0,40.9,301.0,6224.0,63.0,0.0,109.0,2030
002663,2019-07-31,2019,13148.0,7103.0,1371.0,1555.0,2455.0,31.0,41.34,301.0,0.0,702.0,0.0,8.0,2030
002663,2020-07-31,2020,12372.0,5178.0,1269.0,1673.0,2622.0,859.0,49.57,302.0,1000.0,2268.0,23.0,12.0,2030
002663,2021-07-31,2021,11734.0,5190.0,102.0,1619.0,2605.0,69.0,43.72,302.0,0.0,921.0,2.0,51.0,2030
002663,2022-07-31,2022,11892.0,4173.0,876.0,1511.0,2582.0,109.0,49.35,299.0,0.0,453.0,3.0,185.0,2030
002663,2023-07-31,2023,12058.0,4706.0,261.0,1756.0,2673.0,189.0,45.82,298.0,500.0,566.0,22.0,161.0,2030
002710,2018-02-28,2017,20538.7,9417.6,769.1,2747.2,4789.7,90.3,215.48,191.305,7933.4,7128.7,49.4,1070.2,2082
002710,2019-02-28,2018,29231.5,11759.8,1856.7,2879.4,5267.3,93.6,169.16,190.129,3657.6,62.8,63.2,517.9,2082
002710,2020-02-29,2019,27323.2,11694.4,1050.4,3023.6,5814.4,81.4,172.38,191.128,1291.3,2195.3,78.2,64.3,2082
002710,2021-02-28,2020,27104.8,10884.2,98.0,3258.2,6299.5,460.6,214.14,193.398,1194.7,2721.3,58.9,7.7,2082
002710,2022-02-28,2021,25855.8,9945.5,1008.7,3316.3,6538.5,199.4,215.62,187.646,995.6,1365.3,177.6,1400.3,2082
002710,2023-02-28,2022,24662.3,11703.9,1256.2,3307.2,7307.7,133.5,223.7,183.199,3344.9,2159.7,42.4,3210.6,2082
002710,2024-02-29,2023,25691.7,11269.8,1287.8,3601.2,8670.5,152.4,248.52,182.888,1144.4,809.7,104.5,260.9,2082
002751,2017-06-30,2017,40112.0,9068.0,1327.0,3071.0,1879.0,6944.0,77.92,316.0,5171.0,310.0,26.0,600.0,5122
002751,2018-06-30,2018,39951.0,8012.0,1001.0,3007.0,2487.0,1763.0,48.83,309.0,3.0,954.0,0.0,553.0,5122
002751,2019-06-30,2019,40963.0,7579.0,452.0,2664.0,2356.0,2531.0,47.1,299.0,0.0,1102.0,0.0,614.0,5122
002751,2020-06-30,2020,40766.0,7106.0,114.0,2572.0,2792.0,2771.0,52.19,293.0,0.0,1399.0,8.0,350.0,5122
002751,2021-06-30,2021,44453.0,5739.0,976.0,2714.0,2820.0,3407.0,57.09,291.0,0.0,570.0,8.0,200.0,5122
002751,2022-06-30,2022,43878.0,5123.0,682.0,2362.0,2818.0,4717.0,52.27,273.0,0.0,885.0,,1019.0,5122
002751,2023-06-30,2023,43417.0,4284.0,892.0,2691.0,2897.0,4043.0,94.57,251.0,0.0,579.0,56.0,2000.0,5122
002817,2017-12-31,2017,76962.0,23847.0,11031.0,9399.0,14155.0,8599.0,157.58,597.626,9063.0,8384.0,566.0,0.0,3531
002817,2018-12-31,2018,78509.0,25000.0,11553.0,12344.0,13574.0,8029.0,127.07,575.543,8907.0,7829.0,313.0,3798.0,3531
002817,2019-12-31,2019,78453.0,26742.0,11549.0,12201.0,13528.0,8372.0,147.68,550.083,9841.0,8297.0,238.0,4047.0,3531
002817,2020-12-31,2020,78324.0,26456.0,11327.0,8327.0,13004.0,9502.0,182.02,545.304,10431.0,8237.0,229.0,1130.0,3531
002817,2021-12-31,2021,82793.0,26517.0,11914.0,10063.0,12715.0,10339.0,206.74,535.888,6989.0,9796.0,135.0,2668.0,3531
002817,2022-12-31,2022,81943.0,26142.0,11430.0,12330.0,12592.0,7838.0,239.56,516.346,6674.0,7728.0,51.0,4230.0,3531
002817,2023-12-31,2023,87476.0,24899.0,13553.0,17358.0,13236.0,7941.0,295.67,499.377,8257.0,6318.0,12.0,4975.0,3531
002884,2017-12-31,2017,75611.0,37283.0,443.0,6298.0,26852.0,556.0,16.68,1069.169,8789.0,1963.0,0.0,17.0,4813
002884,2018-12-31,2018,70256.0,35409.0,652.0,8809.0,26408.0,492.0,15.15,1080.167,275.0,1936.0,0.0,0.0,4813
002884,2019-12-31,2019,64742.0,33736.0,2716.0,8609.0,27765.0,1693.0,13.21,1090.058,3707.0,4457.0,0.0,0.0,4813
002884,2020-12-31,2020,59394.0,30815.0,2806.0,8721.0,28037.0,409.0,9.75,1096.921,4361.0,7415.0,0.0,0.0,4813
002884,2021-12-31,2021,57993.0,28599.0,1939.0,8307.0,22346.0,356.0,12.55,1023.512,1931.0,3598.0,0.0,1000.0,4813
002884,2022-12-31,2022,45581.0,21506.0,498.0,6544.0,20506.0,1251.0,5.22,1001.688,,8293.0,0.0,200.0,4813
002884,2023-12-31,2023,34018.0,20871.0,425.0,4289.0,20988.0,2238.0,1.83,1008.486,200.0,185.0,0.0,0.0,4813
002991,2017-12-31,2017,253806.0,33571.0,5192.0,21829.0,177712.0,4822.0,125.19,1904.702,3991.0,6310.0,1117.0,,2911
002991,2018-12-31,2018,253863.0,28733.0,5726.0,33865.0,169207.0,10686.0,108.79,1902.838,218.0,6741.0,1147.0,1751.0,2911
002991,2019-12-31,2019,237428.0,26299.0,4559.0,29318.0,154568.0,6201.0,120.51,1882.168,0.0,5025.0,1104.0,4039.0,2911
002991,2020-12-31,2020,239790.0,45382.0,2839.0,14426.0,160567.0,5992.0,84.45,1925.186,12308.0,5489.0,226.0,1757.0,2911
002991,2021-12-31,2021,239535.0,33621.0,1251.0,34105.0,150629.0,6008.0,117.35,1929.806,0.0,7364.0,1421.0,1383.0,2911
002991,2022-12-31,2022,257709.0,24295.0,3075.0,56269.0,147853.0,18531.0,179.49,1915.217,,8742.0,5838.0,11255.0,2911
002991,2023-12-31,2023,261632.0,24003.0,2067.0,43555.0,159041.0,8498.0,149.16,1865.648,150.0,4340.0,261.0,14939.0,2911
003026,2017-12-31,2017,6014.8,2189.4,276.9,902.7,607.7,278.9,50.17,247.63,1621.3,200.0,42.1,400.0,2840
003026,2018-12-31,2018,6069.2,1587.3,604.3,923.3,598.2,316.7,65.76,246.886,0.0,0.0,76.6,200.0,2840
003026,2019-12-31,2019,6657.4,1954.2,269.3,1004.7,723.7,155.7,70.34,245.416,300.0,600.0,52.8,250.0,2840
003026,2020-12-31,2020,7414.5,1980.8,376.4,1098.8,794.4,183.1,87.23,245.36,0.0,0.0,93.0,300.0,2840
003026,2021-12-31,2021,7996.5,1757.3,976.6,1181.1,812.1,240.6,102.5,242.546,799.2,300.0,98.7,500.0,2840
003026,2022-12-31,2022,8345.6,2751.4,95.9,1204.2,923.7,270.3,80.61,243.896,998.8,700.0,26.2,0.0,2840
003026,2023-12-31,2023,8569.2,2377.1,228.5,1283.7,1113.7,344.5,94.56,243.153,0.0,200.0,111.7,300.1,2840
003062,2018-05-31,2017,6958.214,2535.309,0.0,1308.407,1382.73,138.724,182.25,106.326,0.0,550.0,41.848,127.319,2320
003062,2019-05-31,2018,7436.662,2537.507,312.264,1371.575,1430.685,96.645,221.83,103.284,200.0,0.0,65.371,1016.3,7200
003062,2020-05-31,2019,7669.885,2662.4,43.031,1432.321,1563.032,145.402,247.96,103.415,0.0,200.0,90.519,464.518,7200
003062,2021-05-31,2020,8236.823,1773.607,942.92,1629.328,1486.97,493.64,353.54,104.061,0.0,0.0,129.957,554.121,7200
003062,2022-05-31,2021,8147.256,2612.996,355.446,1806.595,1493.676,90.471,398.33,101.711,1190.506,1200.0,117.737,1525.873,7200
003062,2023-05-31,2022,8546.356,2624.683,43.71,2059.705,1574.94,124.149,472.14,101.732,0.0,50.0,3.021,398.865,7200
003062,2024-05-31,2023,9168.817,2172.758,495.322,2349.499,1722.121,342.015,677.97,101.252,0.0,13.45,1.37,700.033,7200
003121,2017-06-30,2017,4573.0,1392.0,806.0,1280.0,931.0,420.0,133.24,129.014,0.0,0.0,,183.0,2842
003121,2018-06-30,2018,5060.0,2284.0,200.0,1291.0,996.0,131.0,135.25,127.983,891.0,400.0,,271.0,2842
003121,2019-06-30,2019,5116.0,2294.0,398.0,1287.0,1034.0,111.0,153.11,125.686,0.0,0.0,,661.0,2842
003121,2020-06-30,2020,6213.0,3070.0,66.0,1441.0,1408.0,871.0,219.37,126.199,492.0,0.0,,248.0,2842
003121,2021-06-30,2021,6334.0,2800.0,386.0,1436.0,1653.0,319.0,179.91,122.78,0.0,0.0,,905.0,2842
003121,2022-06-30,2022,6158.0,2801.0,321.0,943.0,1694.0,183.0,140.98,123.152,1085.0,1405.0,,25.0,2842
003121,2023-06-30,2023,5945.0,2808.0,146.0,1067.0,1720.0,367.0,159.04,123.82,0.0,0.0,,0.0,2842
003144,2017-12-31,2017,87896.0,31182.0,16503.0,10648.0,8203.0,20675.0,45.88,4259.0,29857.0,28768.0,1595.0,3682.0,2086
003144,2018-12-31,2018,83216.0,25364.0,18191.0,10814.0,8232.0,15964.0,47.35,4268.0,27339.0,30568.0,1476.0,1912.0,2086
003144,2019-12-31,2019,86381.0,28627.0,15528.0,11887.0,12210.0,11175.0,55.35,4280.0,23009.0,24850.0,1012.0,1103.0,2086
003144,2020-12-31,2020,87296.0,41425.0,2990.0,11359.0,12325.0,10914.0,54.84,4302.0,26934.0,28796.0,647.0,118.0,2086
003144,2021-12-31,2021,94354.0,39277.0,4955.0,12776.0,11338.0,12625.0,59.21,4325.0,13094.0,12866.0,702.0,111.0,2086
003144,2022-12-31,2022,92763.0,37490.0,3113.0,13382.0,11247.0,11631.0,63.61,4328.0,3972.0,4930.0,837.0,1418.0,2086
003144,2023-12-31,2023,97703.0,36548.0,6878.0,14415.0,10564.0,13663.0,58.93,4308.0,6891.0,5034.0,539.0,2289.0,2086
003170,2017-12-31,2017,12676.0,6566.0,11.0,4387.0,4072.0,1553.0,75.45,874.701,4779.0,4808.0,507.0,1399.0,2844
003170,2018-12-31,2018,12161.0,6354.0,12.0,4358.0,3881.0,736.0,59.52,862.913,7176.0,7355.0,329.0,1238.0,2844
003170,2019-12-31,2019,15034.0,7824.0,659.0,4278.0,4252.0,906.0,68.84,854.702,8059.0,6611.0,498.0,1202.0,2844
003170,2020-12-31,2020,15920.0,7810.0,404.0,4450.0,4237.0,925.0,85.51,849.894,0.0,1041.0,874.0,1476.0,2844
003170,2021-12-31,2021,15040.0,7645.0,188.0,4435.0,4257.0,866.0,85.34,840.48,699.0,628.0,424.0,1320.0,2844
003170,2022-12-31,2022,15731.0,9138.0,133.0,4153.0,4785.0,950.0,78.79,830.213,1513.0,406.0,418.0,1308.0,2844
003170,2023-12-31,2023,16393.0,8639.0,425.0,4673.0,5073.0,1145.0,79.71,821.413,1495.0,903.0,380.0,1128.0,2844
003226,2017-12-31,2017,186949.0,59422.0,5134.0,28062.0,38470.0,3447.0,40.05,4644.508,11466.0,6364.0,0.0,5435.0,4841
003226,2018-12-31,2018,251684.0,107345.0,4398.0,30199.0,44437.0,3954.0,34.05,4525.962,44781.0,8798.0,0.0,5320.0,4841
003226,2019-12-31,2019,263414.0,106822.0,5167.0,34258.0,52360.0,7251.0,44.97,4553.034,10654.0,14354.0,0.0,504.0,4841
003226,2020-12-31,2020,273869.0,109522.0,3864.0,30826.0,55779.0,12046.0,52.4,4580.656,18644.0,18777.0,0.0,534.0,4841
003226,2021-12-31,2021,275905.0,104361.0,2898.0,34646.0,60514.0,9135.0,50.33,4533.23,2628.0,11498.0,0.0,4672.0,4841
003226,2022-12-31,2022,257275.0,104348.0,2418.0,36985.0,61482.0,5172.0,34.97,4220.119,2745.0,2307.0,0.0,13327.0,4841
003226,2023-12-31,2023,264811.0,100859.0,2817.0,37650.0,65472.0,6525.0,43.85,3978.762,6052.0,9190.0,0.0,11291.0,4841
003310,2018-03-31,2017,13060.0,2514.0,406.0,1526.0,237.0,3405.0,33.9,412.057,0.0,19.0,16.0,199.0,7372
003336,2018-03-31,2017,33921.0,6306.0,2073.0,5010.0,3646.0,2648.0,100.53,285.376,1610.0,2607.0,138.0,208.0,7370
003336,2019-03-31,2018,29574.0,5470.0,1942.0,4249.0,3179.0,2899.0,64.31,268.425,3513.0,3569.0,47.0,1398.0,7370
003336,2020-03-31,2019,26006.0,9735.0,1758.0,2944.0,4975.0,3679.0,13.05,253.525,3698.0,1904.0,11.0,752.0,7370
003336,2021-03-31,2020,22038.0,5383.0,1585.0,1861.0,4312.0,2968.0,31.26,254.595,3493.0,8482.0,1.0,7.0,7370
003336,2022-03-31,2021,20139.0,4880.0,1288.0,1983.0,3545.0,2672.0,32.63,237.63,2937.0,3862.0,13.0,646.0,7370
003336,2023-03-31,2022,15845.0,4548.0,817.0,1712.0,2888.0,1858.0,25.56,214.725,0.0,574.0,2.0,686.0,7370
003336,2024-03-31,2023,13871.0,4315.0,553.0,1667.0,2402.0,1224.0,21.21,178.84,0.0,430.0,0.0,933.0,7370
003362,2018-05-31,2017,10389.5,3231.5,584.3,1532.7,1620.1,128.0,37.06,390.829,797.0,242.3,14.9,967.3,2000
003362,2019-05-31,2018,22213.8,10655.7,21.6,1838.5,2395.3,236.6,26.77,486.085,8310.5,3972.7,555.7,1.6,2000
003362,2020-05-31,2019,22304.0,9106.9,891.0,2135.5,2598.9,553.3,34.79,487.162,0.0,947.5,4.8,0.0,2000
003362,2021-05-31,2020,22195.6,8463.5,767.1,2348.7,2797.0,79.2,38.1,480.284,988.2,2514.5,,298.2,2000
003362,2022-05-31,2021,22435.1,8285.2,935.2,1970.2,2921.5,83.3,32.89,480.062,499.1,48.5,,61.3,2000
003362,2023-05-31,2022,22052.6,7267.9,2199.7,2222.7,2973.3,93.9,34.87,477.023,500.0,712.4,2.3,150.0,2000
003362,2024-05-31,2023,20862.3,7664.8,988.1,2303.3,3073.7,77.7,29.88,478.169,500.0,1772.6,,13.8,2000
003504,2017-10-31,2017,4858.7,1149.3,23.4,658.8,910.1,88.8,240.26,48.8,1413.8,1364.6,10.7,55.0,3851
003504,2018-10-31,2018,6112.8,1985.7,37.1,802.1,976.0,80.2,258.31,49.2,2748.1,1912.1,22.3,0.0,3851
003504,2019-10-31,2019,6274.5,1262.6,563.7,867.3,1132.1,89.5,291.0,49.1,1136.8,1861.8,29.9,156.1,3851
003504,2020-10-31,2020,6737.5,1620.7,442.6,719.9,1542.1,116.8,319.05,49.1,3205.4,3235.9,16.2,47.8,3851
003504,2021-10-31,2021,9606.2,1627.8,118.6,930.9,1604.6,96.3,416.92,49.3,1427.5,1416.0,39.5,24.8,3851
003504,2022-10-31,2022,11492.3,2556.3,448.1,948.9,1663.0,138.6,273.39,49.3,1511.0,561.5,16.1,78.5,3851
003504,2023-10-31,2023,11658.9,2739.4,83.6,1032.3,1874.1,120.9,311.75,49.5,2124.2,1953.9,23.0,13.1,3851
003505,2017-12-31,2017,30246.9,10670.3,716.9,2626.8,4673.7,418.6,82.07,215.4,1536.0,3000.1,4.0,,2082
003505,2018-12-31,2018,30109.8,8975.9,1597.7,2252.6,4608.3,1057.9,56.16,216.1,0.0,319.8,16.0,0.0,2082
003505,2019-12-31,2019,28859.8,8229.0,974.8,2328.2,4701.0,523.4,53.9,216.3,3.0,1586.2,1.6,0.0,2082
003505,2020-12-31,2020,27331.1,7314.6,1067.2,2198.9,4386.5,770.1,45.19,216.7,1.5,918.9,4.1,0.0,2082
003505,2021-12-31,2021,27619.0,6735.0,560.3,2269.6,4311.5,637.4,46.35,217.0,0.0,1006.6,4.6,0.0,2082
003505,2022-12-31,2022,25868.3,6264.5,441.8,1777.8,4355.5,600.0,51.52,216.3,7.0,509.1,3.1,51.5,2082
003505,2023-12-31,2023,26375.1,5476.0,958.7,2271.7,4645.2,868.9,61.21,213.3,7.0,404.8,7.9,205.8,2082
003532,2017-12-31,2017,27494.0,4749.0,379.0,2847.0,14017.0,4317.0,31.99,858.0,1445.0,7.0,309.0,2468.0,3679
003532,2018-12-31,2018,27505.0,5994.0,4.0,3133.0,14895.0,2355.0,30.21,788.0,1485.0,0.0,81.0,2241.0,3679
003532,2019-12-31,2019,28898.0,8179.0,73.0,3255.0,15841.0,2434.0,29.11,762.0,1831.0,,58.0,940.0,3679
003532,2020-12-31,2020,30775.0,8449.0,252.0,2952.0,16422.0,2672.0,36.0,765.0,243.0,121.0,124.0,105.0,3679
003532,2021-12-31,2021,30154.0,7680.0,149.0,3671.0,16545.0,2148.0,37.23,830.0,22.0,716.0,97.0,842.0,3679
003532,2022-12-31,2022,29499.0,7482.0,335.0,3268.0,16213.0,1671.0,31.94,823.0,57.0,0.0,40.0,775.0,3679
003532,2023-12-31,2023,28500.0,8052.0,432.0,2679.0,15513.0,1779.0,30.45,820.0,1054.0,338.0,42.0,613.0,3679
003650,2017-12-31,2017,18075.0,1588.0,418.0,2515.0,3927.0,1567.0,176.64,165.2,6.0,60.0,0.0,451.0,3510
003650,2018-12-31,2018,19062.0,1597.0,879.0,2986.0,4096.0,1525.0,133.64,157.6,36.0,62.0,0.0,1140.0,3510
003650,2019-12-31,2019,19737.0,1946.0,922.0,3174.0,4741.0,1470.0,178.96,150.5,0.0,96.0,0.0,1271.0,3510
003650,2020-12-31,2020,22624.0,3935.0,682.0,2510.0,4693.0,3862.0,227.1,147.658,2014.0,73.0,88.0,641.0,3510
003650,2021-12-31,2021,23710.0,3905.0,708.0,2867.0,4866.0,3187.0,218.14,142.5,79.0,73.0,56.0,1402.0,3510
003650,2022-12-31,2022,30299.0,4866.0,3489.0,3645.0,6013.0,2573.0,242.29,141.3,2103.0,1550.0,0.0,374.0,3510
003650,2023-12-31,2023,32005.0,5176.0,2032.0,4398.0,6750.0,2741.0,239.57,141.8,861.0,1136.0,0.0,0.0,3510
003735,2017-12-31,2017,46648.6,10327.4,194.7,4418.6,2454.6,630.3,92.82,696.6,1782.1,668.4,68.8,0.0,3826
003735,2018-12-31,2018,47832.5,9688.5,51.8,4781.5,2511.2,787.8,103.12,701.5,0.0,507.8,96.0,0.0,3826
003735,2019-12-31,2019,62081.6,22155.8,370.2,4551.9,3065.7,19912.3,153.48,695.5,12112.8,1564.5,3172.9,0.0,3826
003735,2020-12-31,2020,76161.0,21978.0,200.0,6522.0,4204.0,6035.0,222.14,711.0,8670.0,5933.0,3550.0,0.0,3826
003735,2021-12-31,2021,83184.0,23057.0,215.0,10267.0,4831.0,2586.0,329.01,715.0,984.0,1186.0,86.0,0.0,3826
003735,2022-12-31,2022,84350.0,19949.0,790.0,10910.0,4957.0,5995.0,265.42,728.3,0.0,965.0,31.0,0.0,3826
003735,2023-12-31,2023,84488.0,17661.0,1875.0,7463.0,5605.0,5864.0,231.34,739.2,0.0,620.0,68.0,0.0,3826
003813,2018-01-31,2017,38999.0,11317.0,270.0,6752.0,25018.0,2643.0,75.22,541.682,739.0,2180.0,108.0,1046.0,5331
003813,2019-01-31,2018,41290.0,12227.0,1218.0,6584.0,27498.0,1556.0,73.0,517.762,0.0,281.0,96.0,2124.0,5331
003813,2020-01-31,2019,42779.0,13613.0,361.0,7245.0,28519.0,2577.0,110.74,504.199,1739.0,2069.0,73.0,1565.0,5331
003813,2021-01-31,2020,51248.0,13754.0,1355.0,9250.0,29106.0,8511.0,181.17,500.877,2480.0,2415.0,23.0,745.0,5331
003813,2022-01-31,2021,53811.0,16042.0,425.0,11588.0,30737.0,5911.0,220.43,471.274,1972.0,1147.0,8.0,7356.0,5331
003813,2023-01-31,2022,53335.0,18647.0,426.0,6548.0,34169.0,2229.0,172.14,460.347,2625.0,163.0,4.0,2826.0,5331
003813,2024-01-31,2023,55356.0,18201.0,1445.0,8508.0,36458.0,3805.0,139.08,461.675,0.0,147.0,0.0,127.0,5331
003835,2017-10-31,2017,65786.3,25891.3,14154.0,4576.8,11661.4,9359.9,132.88,321.841,8702.2,5397.0,528.7,6.2,3523
003835,2018-10-31,2018,70108.0,27237.4,15018.7,6492.4,13032.9,3927.0,135.44,318.455,8287.8,6245.3,216.9,957.9,3523
003835,2019-10-31,2019,73011.0,30229.0,15105.0,7511.0,13540.0,3982.0,174.14,313.14,9986.0,6426.0,178.0,1253.0,3523
003835,2020-10-31,2020,75091.0,33039.0,13264.0,7739.0,13439.0,7190.0,225.91,313.656,9271.0,7383.0,331.0,750.0,3523
003835,2021-10-31,2021,84114.0,33167.0,15524.0,10389.0,13099.0,8153.0,342.31,308.065,8722.0,7090.0,148.0,2538.0,3523
003835,2022-10-31,2022,90030.0,33898.0,18303.0,11813.0,12978.0,5022.0,395.82,298.772,10358.0,8445.0,63.0,3597.0,3523
003835,2023-10-31,2023,104087.0,38758.0,24934.0,17381.0,14079.0,7639.0,365.36,281.584,15429.0,7913.0,0.0,7216.0,3523
003851,2017-12-31,2017,53292.0,6592.0,2242.0,8349.0,26563.0,2639.0,56.0,707.198,2454.0,1258.0,0.0,1677.0,4512
003851,2018-12-31,2018,60266.0,14054.0,2473.0,7593.0,34329.0,1815.0,49.9,679.944,3745.0,3052.0,0.0,1575.0,4512
003851,2019-12-31,2019,64532.0,14167.0,3088.0,9199.0,36937.0,3094.0,58.48,642.771,2057.0,3320.0,0.0,2027.0,4512
003851,2020-12-31,2020,71996.0,33138.0,2410.0,-5884.0,32262.0,14288.0,40.21,638.183,25096.0,8559.0,0.0,344.0,4512
003851,2021-12-31,2021,72459.0,32194.0,2485.0,-539.0,35986.0,11482.0,39.08,639.967,1902.0,5834.0,0.0,0.0,4512
003851,2022-12-31,2022,72288.0,27537.0,3073.0,5644.0,40145.0,6672.0,32.86,641.266,0.0,4475.0,0.0,0.0,4512
003851,2023-12-31,2023,73644.0,23539.0,3742.0,8726.0,42490.0,4067.0,40.23,643.447,878.0,4071.0,0.0,0.0,4512
003980,2017-09-30,2017,95789.0,19248.0,6184.0,16655.0,28406.0,4043.0,98.57,1517.0,4820.0,2364.0,276.0,9368.0,4888
003980,2018-09-30,2018,98598.0,17226.0,3802.0,17848.0,29540.0,4151.0,116.94,1488.0,1056.0,1871.0,210.0,3577.0,4888
003980,2019-09-30,2019,193984.0,38275.0,8862.0,16169.0,31603.0,5444.0,130.32,1802.0,38240.0,38881.0,318.0,0.0,4888
003980,2020-09-30,2020,201549.0,55828.0,6495.0,9139.0,36126.0,17917.0,124.08,1810.0,18120.0,3533.0,305.0,0.0,4888
003980,2021-09-30,2021,203609.0,51769.0,6544.0,8770.0,36855.0,15962.0,169.17,1818.0,64.0,3737.0,435.0,0.0,4888
003980,2022-09-30,2022,203631.0,48538.0,3721.0,12956.0,37865.0,11618.0,94.33,1824.0,333.0,4016.0,127.0,0.0,4888
003980,2023-09-30,2023,205579.0,45565.0,5107.0,14361.0,39443.0,14182.0,81.05,1830.0,83.0,1675.0,52.0,0.0,4888
004016,2018-01-31,2017,12516.911,2604.613,401.345,2436.849,2701.282,267.441,103.12,268.733,599.556,812.976,0.0,579.712,5331
004016,2019-01-31,2018,13204.038,2862.74,1.95,2604.24,2970.806,235.487,115.43,259.511,499.495,640.621,0.0,1007.494,5331
004016,2020-01-31,2019,22825.084,10731.121,965.36,2833.704,12074.542,240.32,153.41,251.936,58.3,1.465,0.0,1200.376,5331
004016,2021-01-31,2020,25862.624,12516.363,1074.079,4291.065,13373.327,1376.577,194.61,240.785,1794.315,729.84,0.0,2466.434,5331
004016,2022-01-31,2021,26327.371,13062.777,1183.559,3856.575,14439.057,344.829,208.48,230.016,54.3,6.402,,2549.669,5331
004016,2023-01-31,2022,29083.367,16372.16,1288.939,4046.102,15906.323,381.576,233.6,219.105,3743.653,911.33,,2748.014,5331
004016,2024-01-31,2023,30795.591,15935.038,2155.728,3286.2,17185.95,537.283,132.07,219.663,1998.26,2021.623,,0.0,5331
004058,2017-12-31,2017,10657.653,2998.525,584.556,1381.18,999.772,753.964,100.99,154.823,,183.194,0.0,123.466,
004058,2018-12-31,2018,8365.771,2953.241,222.12,1184.195,806.497,396.221,70.95,144.917,,360.722,0.0,941.231,
004058,2019-12-31,2019,8669.477,3115.092,128.329,1320.949,997.337,397.253,115.26,144.302,847.469,805.112,0.0,180.65,
004058,2020-12-31,2020,9152.074,3251.527,51.475,1260.146,1067.415,513.075,126.25,143.753,0.0,0.0,0.0,134.755,3585
004058,2021-12-31,2021,10403.627,3159.929,151.263,1589.236,1126.332,385.504,181.6,144.046,0.0,0.0,0.0,63.561,
004058,2022-12-31,2022,10896.519,3114.443,780.975,1717.348,1201.883,380.868,135.41,139.698,0.0,0.0,0.0,599.637,
004058,2023-12-31,2023,11348.513,3170.639,520.142,1734.241,1241.545,398.561,153.81,139.896,0.0,0.0,0.0,12.137,3559
004060,2017-12-31,2017,192164.0,30056.0,4015.0,11207.0,36247.0,14394.0,71.22,2327.332,499.0,663.0,519.0,1099.0,2821
004060,2018-12-31,2018,188030.0,37662.0,2802.0,16343.0,35848.0,14156.0,53.48,2268.978,15455.0,9009.0,197.0,4549.0,2821
004060,2019-12-31,2019,69396.0,14033.0,3968.0,4854.0,10699.0,1577.0,64.2,738.565,4005.0,6900.0,85.0,2413.0,2860
004060,2020-12-31,2020,70904.0,22278.0,175.0,4755.0,10622.0,2569.0,71.11,734.204,8275.0,2031.0,57.0,247.0,2860
004060,2021-12-31,2021,45707.0,11006.0,251.0,4059.0,7434.0,2011.0,80.78,511.793,1250.0,5000.0,115.0,2169.0,2860
004060,2022-12-31,2022,41355.0,8107.0,390.0,3157.0,6157.0,4971.0,68.63,458.124,600.0,3100.0,88.0,,3679
004060,2023-12-31,2023,38552.0,8190.0,97.0,2864.0,6368.0,2803.0,76.93,430.11,0.0,300.0,27.0,,2820
004066,2017-12-31,2017,24931.2,4991.8,43.4,2341.8,690.9,3796.4,72.83,230.1,0.0,0.0,10.7,568.4,7311
004066,2018-12-31,2018,24617.0,4473.0,546.3,2368.5,694.4,3657.9,73.24,223.9,0.0,0.0,13.0,581.3,7311
004066,2019-12-31,2019,26783.4,5898.7,949.4,2353.8,2061.7,4309.3,81.02,217.1,1112.4,900.0,6.5,610.2,7311
004066,2020-12-31,2020,27647.2,6995.9,323.9,1992.5,1808.6,5600.5,62.37,215.0,1186.6,600.0,4.1,222.0,7311
004066,2021-12-31,2021,28421.8,6637.8,234.7,2359.5,2195.0,5316.8,73.27,209.1,1221.3,1250.0,9.1,527.3,7311
004066,2022-12-31,2022,27002.5,6477.2,224.8,2416.1,2065.1,4342.5,81.57,202.7,0.0,0.0,17.4,611.4,7311
004066,2023-12-31,2023,28044.6,5742.1,978.7,2443.0,1921.3,4432.0,86.51,198.0,0.0,0.0,35.6,570.8,7311
004108,2017-12-31,2017,4910.474,1499.658,75.599,420.256,671.796,703.445,42.13,130.322,7.359,79.03,0.0,6.238,3561
004108,2018-12-31,2018,4616.277,1414.829,68.218,466.523,610.096,619.683,38.02,130.556,3.377,69.853,0.0,3.061,3561
004108,2019-12-31,2019,4919.642,1517.5,47.38,535.917,758.393,670.98,49.77,130.531,4.639,114.281,0.0,18.9,3561
004108,2020-12-31,2020,5314.677,1894.157,43.985,454.633,764.998,1095.274,36.85,130.025,500.565,201.05,0.0,36.719,3561
004108,2021-12-31,2021,4749.768,1428.556,73.686,373.75,709.79,658.452,30.6,129.999,799.688,1258.261,0.0,23.515,3561
004108,2022-12-31,2022,4790.634,1379.347,81.863,294.947,675.925,434.971,30.68,130.434,1.733,34.29,0.0,4.683,3561
004108,2023-12-31,2023,5108.719,1305.972,98.625,478.385,662.588,545.678,41.22,130.908,1.114,42.604,0.0,6.245,3561
004145,2017-12-31,2017,6091.463,1788.803,217.306,457.728,298.066,202.134,73.12,110.361,1060.952,238.796,18.004,3.834,3826
004145,2018-12-31,2018,5975.522,1876.624,14.856,565.461,318.59,166.315,78.55,110.597,1226.34,1292.383,24.833,57.445,3826
004145,2019-12-31,2019,6538.564,2210.44,46.547,642.634,485.499,191.894,97.1,111.14,2446.611,2237.74,19.732,6.313,3826
004145,2020-12-31,2020,7960.315,1798.103,421.278,1241.042,575.54,402.614,143.5,112.09,714.698,902.168,37.671,6.944,3826
004145,2021-12-31,2021,15000.554,5165.096,44.807,1831.861,753.38,619.337,201.06,126.241,4986.377,1912.408,25.12,73.072,3826
004145,2022-12-31,2022,14129.855,4093.315,502.146,1265.072,671.301,455.398,140.22,126.3,240.0,799.168,14.114,35.344,3826
004145,2023-12-31,2023,13564.665,3310.517,754.778,832.647,664.737,1604.289,109.31,123.426,6.323,523.808,4.344,388.882,3826
004213,2017-12-31,2017,19962.4,6758.3,564.4,2953.4,3707.1,211.4,134.18,289.323,1309.4,799.0,83.8,600.3,2842
004213,2018-12-31,2018,20074.5,6301.6,743.6,3021.3,3836.0,114.7,147.35,287.714,0.0,551.6,114.5,562.4,2842
004213,2019-12-31,2019,20869.1,6398.7,533.8,3237.2,4532.4,186.4,192.99,288.41,0.0,400.6,186.8,353.7,2842
004213,2020-12-31,2020,18126.0,6969.8,142.9,2493.9,3548.7,1260.2,216.36,285.752,1855.9,1570.0,241.5,146.2,2842
004213,2021-12-31,2021,21206.4,8629.8,526.1,2638.2,3685.3,359.9,234.59,286.884,2775.0,1017.9,143.5,106.6,2842
004213,2022-12-31,2022,21464.3,8413.1,613.4,2711.6,3741.6,598.6,145.56,284.45,494.0,0.0,29.1,518.2,2842
004213,2023-12-31,2023,21846.6,7976.9,756.5,3049.8,4028.1,919.5,198.35,285.449,0.0,500.0,96.8,13.7,2842
004321,2017-09-30,2017,19589.0,3794.0,862.0,3360.0,3321.0,3062.0,62.84,641.692,0.0,254.0,0.0,400.0,3823
004321,2018-09-30,2018,20390.0,3137.0,1623.0,3788.0,3562.0,1093.0,76.58,629.2,0.0,241.0,0.0,1000.0,3823
004321,2019-09-30,2019,20497.0,4277.0,1444.0,3942.0,3642.0,1494.0,66.86,611.0,1691.0,656.0,0.0,1250.0,3823
004321,2020-09-30,2020,22882.0,6699.0,1308.0,3658.0,4196.0,3315.0,65.57,598.0,2233.0,503.0,0.0,942.0,3823
004321,2021-09-30,2021,24715.0,6206.0,1027.0,4053.0,4296.0,2354.0,94.2,595.8,0.0,308.0,0.0,500.0,3823
004321,2022-09-30,2022,35672.0,8607.0,2259.0,4681.0,3850.0,1804.0,73.22,591.4,2975.0,522.0,0.0,500.0,3823
004321,2023-09-30,2023,42746.0,8014.0,691.0,3815.0,2913.0,8051.0,96.57,572.0,0.0,1659.0,0.0,2122.0,3823
004423,2017-12-31,2017,7233.4,1739.0,965.3,1238.1,567.0,357.8,117.92,120.1,100.0,322.5,19.2,77.1,7323
004423,2018-12-31,2018,7153.2,2630.6,4.9,1149.2,764.8,254.6,93.13,120.6,994.5,100.0,11.8,19.7,7323
004423,2019-12-31,2019,7909.0,3379.5,3.1,834.4,947.6,430.6,140.12,121.2,998.3,250.0,22.3,10.5,7323
004423,2020-12-31,2020,9611.8,3277.3,1101.1,1464.5,1139.4,1709.7,192.84,121.8,1123.3,125.0,41.7,15.9,7323
004423,2021-12-31,2021,11040.9,4470.1,824.8,1627.0,1315.9,253.2,292.79,122.1,1697.1,1100.2,46.8,127.2,7323
004423,2022-12-31,2022,11547.9,4820.1,967.2,1616.1,1587.0,312.2,194.36,122.5,749.3,500.0,16.9,33.9,7323
004423,2023-12-31,2023,12280.0,4747.8,963.4,1598.8,1834.0,251.3,247.29,123.3,872.9,579.3,32.3,17.3,7323
004430,2017-12-31,2017,29522.604,7323.555,7.999,2266.761,24885.015,147.315,56.92,264.32,5063.0,3076.5,0.0,72.146,4923
004430,2018-12-31,2018,20721.344,4792.991,704.39,2146.076,17392.507,3.487,18.89,254.472,11137.5,8961.876,0.0,561.55,4923
004430,2019-12-31,2019,18809.227,5306.724,45.24,1775.689,16207.69,4.596,10.9,255.171,3978.75,4189.411,0.0,7.224,4923
004430,2020-12-31,2020,18113.469,4796.201,179.165,605.036,16075.865,18.21,12.71,278.345,5718.25,5934.512,340.923,0.596,4923
004430,2021-12-31,2021,21607.388,4554.802,982.872,385.79,18445.02,113.963,21.81,376.399,9086.0,8540.336,0.0,16.767,4923
004430,2022-12-31,2022,22669.926,5268.933,458.081,4655.485,18196.533,1458.644,33.83,365.363,11242.0,11159.039,0.0,409.485,4923
004430,2023-12-31,2023,25285.098,5514.878,338.812,4046.553,22999.002,80.977,38.66,419.896,2257.0,2022.836,0.0,201.029,4923
004494,2017-12-31,2017,3117.008,0.0,0.0,739.57,525.203,1051.099,64.69,176.374,0.0,0.0,205.092,478.258,4731
004494,2018-12-31,2018,3314.559,0.0,0.0,850.582,504.105,923.735,68.09,171.582,0.0,0.0,182.732,651.146,4731
004494,2019-12-31,2019,3691.884,326.347,65.367,817.642,889.379,1230.491,78.02,169.622,0.0,0.0,148.245,395.734,4731
004494,2020-12-31,2020,4927.503,364.185,74.004,997.396,939.148,1527.791,95.11,169.294,0.0,0.0,186.345,342.953,4731
004494,2021-12-31,2021,7609.929,385.641,82.019,1960.638,947.028,1728.692,134.29,167.21,0.0,0.0,106.105,529.766,4731
004494,2022-12-31,2022,5590.434,422.844,95.621,1946.709,1009.419,2034.131,103.92,154.313,0.0,0.0,80.98,1601.243,4731
004494,2023-12-31,2023,4523.809,427.984,99.749,1007.693,995.505,1512.883,127.2,143.866,0.0,0.0,84.889,1412.392,4731
004503,2017-12-31,2017,348691.0,24406.0,17930.0,31967.0,252630.0,3177.0,83.64,4239.0,60.0,0.0,0.0,747.0,2911
004503,2018-12-31,2018,346196.0,20538.0,17258.0,40869.0,247101.0,3042.0,68.19,4237.0,46.0,0.0,0.0,626.0,2911
004503,2019-12-31,2019,362597.0,30963.0,21804.0,31764.0,259651.0,3089.0,69.78,4234.0,7052.0,1.0,0.0,594.0,2911
004503,2020-12-31,2020,332750.0,51311.0,21630.0,-8889.0,233631.0,4364.0,41.22,4233.0,23186.0,8.0,0.0,405.0,2911
004503,2021-12-31,2021,338923.0,47382.0,5647.0,43484.0,222634.0,6802.0,61.19,4239.0,46.0,8.0,0.0,155.0,2911
004503,2022-12-31,2022,369067.0,44752.0,2166.0,86168.0,211143.0,29665.0,110.3,4082.0,637.0,5.0,0.0,15155.0,2911
004503,2023-12-31,2023,376317.0,41997.0,5712.0,64402.0,221789.0,31568.0,99.98,3971.0,939.0,15.0,0.0,17748.0,2911
004510,2017-12-31,2017,9206.3,2993.0,192.6,584.7,1025.2,283.0,94.66,134.331,1598.9,302.3,22.5,2.6,2870
004510,2018-12-31,2018,9974.3,2179.0,547.7,1288.1,1032.6,161.7,73.96,132.282,34.0,552.0,10.7,206.8,2870
004510,2019-12-31,2019,9872.7,3194.3,259.2,1202.7,922.7,339.1,99.82,129.124,1500.0,901.9,50.7,416.2,2870
004510,2020-12-31,2020,10186.4,3080.6,363.9,1221.1,919.0,568.9,114.93,129.354,27.1,100.0,24.7,58.4,2870
004510,2021-12-31,2021,10581.3,2871.7,464.3,1286.8,952.2,516.8,109.89,125.699,1000.0,1203.1,7.9,408.0,2870
004510,2022-12-31,2022,11171.3,2861.8,562.8,1369.1,973.4,572.0,124.8,125.111,0.0,1.4,9.4,108.9,2870
004510,2023-12-31,2023,11926.2,3146.8,958.4,931.5,1014.3,302.4,63.05,124.761,1498.6,1200.0,5.3,81.2,2870
004598,2018-05-31,2017,52330.0,15243.0,1342.0,9040.0,28154.0,3265.0,249.12,265.999,1480.0,38.0,327.0,1017.0,4513
004598,2019-05-31,2018,54403.0,16617.0,964.0,8573.0,30429.0,2319.0,154.28,260.627,2463.0,1436.0,101.0,1480.0,4513
004598,2020-05-31,2019,73537.0,34147.0,1974.0,6737.0,47525.0,4881.0,130.56,261.572,6556.0,2548.0,64.0,3.0,4513
004598,2021-05-31,2020,82777.0,34108.0,2354.0,10231.0,51135.0,7087.0,314.81,266.953,4212.0,6318.0,740.0,0.0,4513
004598,2022-05-31,2021,85994.0,34669.0,2525.0,10835.0,54704.0,6897.0,224.58,259.514,0.0,161.0,184.0,2248.0,4513
004598,2023-05-31,2022,87143.0,35816.0,2516.0,9549.0,58045.0,6856.0,217.98,252.237,0.0,152.0,231.0,1500.0,4513
004598,2024-05-31,2023,87007.0,35188.0,2531.0,10528.0,58606.0,6501.0,253.96,245.524,0.0,147.0,491.0,2500.0,4513
004611,2018-01-31,2017,19381.0,5861.0,22.0,2374.0,6672.0,1492.0,25.95,304.765,0.0,954.0,6.0,1.0,5311
004611,2019-01-31,2018,19194.0,4708.0,43.0,2447.0,6637.0,1199.0,26.3,307.52,0.0,1149.0,45.0,0.0,5311
004611,2020-01-31,2019,21172.0,6539.0,872.0,1912.0,9301.0,722.0,15.95,309.031,0.0,597.0,6.0,1.0,5311
004611,2021-01-31,2020,17706.0,7592.0,652.0,-72.0,8818.0,1716.0,15.04,310.5,2780.0,2049.0,0.0,1.0,5311
004611,2022-01-31,2021,17590.0,6393.0,330.0,3146.0,8473.0,1712.0,25.6,292.359,1085.0,2699.0,7.0,500.0,5311
004611,2023-01-31,2022,16866.0,5959.0,335.0,2503.0,8596.0,862.0,23.63,271.35,2809.0,3100.0,0.0,601.0,5311
004611,2024-01-31,2023,16246.0,5984.0,358.0,1273.0,7613.0,1034.0,18.29,274.227,961.0,963.0,0.0,38.0,5311
004818,2017-12-31,2017,9327.692,1591.598,27.361,665.572,1093.681,1965.209,51.65,139.918,0.0,0.0,9.38,6.186,1600
004818,2018-12-31,2018,8913.637,1661.565,26.887,624.18,1013.732,1979.574,32.2,139.654,598.722,503.285,7.258,55.708,1600
004818,2019-12-31,2019,7966.658,1861.694,100.967,-464.288,790.842,2004.461,18.88,140.174,0.0,0.0,1.466,3.572,1600
004818,2020-12-31,2020,7309.812,1886.809,87.709,355.133,776.618,2222.126,15.97,140.715,3.881,0.0,0.0,1.313,1600
004818,2021-12-31,2021,7279.563,1254.968,36.74,291.183,492.233,2336.604,24.77,141.435,0.0,525.212,582.0,0.0,1600
004818,2022-12-31,2022,6827.0,1081.0,220.0,241.0,595.0,2624.0,34.66,142.322,,45.0,0.0,0.0,1600
004818,2023-12-31,2023,6973.0,1258.0,41.0,329.0,584.0,2588.0,39.17,170.406,560.0,249.0,0.0,27.0,1600
004839,2017-12-31,2017,257808.0,102666.0,51621.0,17166.0,63562.0,38927.0,12.49,3973.352,45801.0,40770.0,0.0,131.0,3711
004839,2018-12-31,2018,256540.0,100720.0,53493.0,17187.0,65297.0,33951.0,7.65,3978.552,50130.0,44172.0,0.0,164.0,3711
004839,2019-12-31,2019,258537.0,102408.0,54313.0,15456.0,67114.0,34651.0,9.3,3964.93,47604.0,46497.0,0.0,237.0,3711
004839,2020-12-31,2020,267261.0,111332.0,51666.0,7969.0,66321.0,49961.0,8.79,3978.695,65900.0,60514.0,0.0,0.0,3711
004839,2021-12-31,2021,257035.0,89448.0,50037.0,14631.0,64837.0,49593.0,20.77,4004.248,27901.0,54164.0,0.0,0.0,3711
004839,2022-12-31,2022,255884.0,89906.0,50568.0,17284.0,61484.0,44070.0,11.63,3986.182,45470.0,45655.0,0.0,484.0,3711
004839,2023-12-31,2023,273310.0,100957.0,50150.0,19459.0,64038.0,40171.0,12.19,3973.633,51659.0,41965.0,0.0,335.0,3711
004990,2018-01-31,2017,7989.0,1249.0,0.0,1971.0,2805.0,1783.0,33.24,389.0,0.0,67.0,30.0,333.0,5651
004990,2019-01-31,2018,8049.0,1249.0,0.0,1937.0,2912.0,1370.0,25.44,378.0,0.0,0.0,46.0,421.0,5651
004990,2020-01-31,2019,13679.0,6757.0,920.0,1595.0,8524.0,1654.0,17.41,371.0,0.0,0.0,25.0,221.0,5651
004990,2021-01-31,2020,13769.0,6833.0,831.0,46.0,7058.0,2402.0,20.25,374.0,2250.0,1307.0,22.0,9.0,5651
004990,2022-01-31,2021,12761.0,5517.0,734.0,1373.0,6712.0,877.0,18.07,371.0,1500.0,2546.0,54.0,237.0,5651
004990,2023-01-31,2022,11386.0,5353.0,667.0,476.0,5861.0,1247.0,13.57,366.0,350.0,0.0,27.0,143.0,5651
004990,2024-01-31,2023,11044.0,4841.0,600.0,1128.0,5681.0,1873.0,18.69,372.0,0.0,350.0,27.0,20.0,5651
005046,2017-12-31,2017,35046.0,3980.0,2.0,4618.0,3517.0,2983.0,203.45,296.896,985.0,900.0,163.0,1558.0,3721
005046,2018-12-31,2018,45408.0,11699.0,1037.0,5220.0,4348.0,963.0,157.21,288.698,7461.0,0.0,136.0,1769.0,3721
005046,2019-12-31,2019,48841.0,10548.0,3239.0,5391.0,6298.0,902.0,176.35,289.61,0.0,0.0,0.0,231.0,3721
005046,2020-12-31,2020,51308.0,11399.0,3333.0,4917.0,6761.0,2824.0,148.82,286.478,3960.0,2941.0,0.0,587.0,3721
005046,2021-12-31,2021,50073.0,11833.0,1342.0,5053.0,6993.0,1603.0,208.47,277.621,1503.0,3000.0,0.0,1828.0,3721
005046,2022-12-31,2022,51585.0,10573.0,1541.0,5095.0,7390.0,1242.0,248.11,274.411,0.0,1000.0,0.0,1229.0,3721
005046,2023-12-31,2023,54810.0,10251.0,832.0,5108.0,7885.0,1913.0,259.67,273.6,0.0,1250.0,0.0,434.0,3721
005047,2017-12-31,2017,377945.0,109934.0,24657.0,18012.0,53874.0,49647.0,17.45,8680.571,14876.0,25622.0,0.0,2550.0,9997
005047,2018-12-31,2018,309129.0,96884.0,13074.0,19339.0,50749.0,35556.0,7.57,8702.227,3201.0,21166.0,0.0,17.0,9997
005047,2019-12-31,2019,266048.0,70403.0,23641.0,14394.0,46186.0,36921.0,11.16,8738.434,2185.0,16567.0,29.0,,9997
005047,2020-12-31,2020,253452.0,73421.0,4778.0,9376.0,44662.0,43949.0,10.8,8765.493,15028.0,29878.0,0.0,0.0,9997
005047,2021-12-31,2021,198874.0,33672.0,4361.0,7579.0,15609.0,28067.0,94.47,1099.027,364.0,36521.0,0.0,0.0,9997
005047,2022-12-31,2022,187788.0,30986.0,3757.0,7169.0,14478.0,24871.0,83.79,1089.108,8205.0,11205.0,0.0,1047.0,9997
005047,2023-12-31,2023,163045.0,21684.0,1253.0,6182.0,12494.0,22673.0,127.63,1088.416,11.0,3361.0,0.0,7029.0,9997
005071,2018-05-31,2017,30624.0,12668.7,3149.9,3353.0,4047.2,399.0,42.29,593.1,6550.0,600.1,1069.2,601.6,2040
005071,2019-05-31,2018,30111.2,11624.8,2865.2,3517.9,3787.2,450.0,49.44,601.9,339.1,1493.8,241.4,1.1,2040
005071,2020-05-31,2019,30806.7,11206.0,2712.5,3619.6,3945.8,1677.8,63.04,609.8,1638.1,1396.7,263.4,3.4,2040
005071,2021-05-31,2020,31841.9,10070.1,2936.3,3969.5,3985.4,1865.2,62.86,607.7,1576.5,2609.0,74.3,301.4,2040
005071,2022-05-31,2021,31090.1,9383.1,2592.3,3902.0,3730.6,819.2,69.85,598.9,2203.7,3140.9,161.7,876.8,2040
005071,2023-05-31,2022,31451.7,10222.1,1842.7,3625.6,3976.2,702.7,84.16,586.6,2324.4,1421.7,232.3,1403.6,2040
005071,2024-05-31,2023,31469.9,11587.0,1728.1,4176.1,4230.0,418.0,68.75,559.1,2065.2,901.5,25.5,2002.4,2040
005073,2017-12-31,2017,212482.0,67254.0,26965.0,25123.0,79135.0,25570.0,40.99,1400.0,52187.0,33592.0,985.0,4492.0,3711
005073,2018-12-31,2018,227339.0,73060.0,31891.0,23717.0,82317.0,28893.0,33.45,1400.0,43801.0,33323.0,0.0,190.0,3711
005073,2019-12-31,2019,228037.0,66934.0,37639.0,22357.0,81905.0,26595.0,36.6,1400.0,36937.0,39156.0,0.0,0.0,3711
005073,2020-12-31,2020,235194.0,73950.0,37122.0,22985.0,78451.0,31619.0,41.64,1400.0,78527.0,72663.0,0.0,0.0,3711
005073,2021-12-31,2021,244718.0,76671.0,33924.0,24629.0,80144.0,31611.0,58.63,1500.0,45300.0,47806.0,0.0,0.0,3711
005073,2022-12-31,2022,264037.0,76889.0,39025.0,26000.0,79049.0,33659.0,33.64,1400.0,45812.0,39606.0,0.0,2500.0,3711
005073,2023-12-31,2023,273064.0,83679.0,39231.0,27581.0,81882.0,29069.0,35.92,1200.0,50964.0,44675.0,0.0,11115.0,3711
005125,2017-12-31,2017,12412.381,2550.02,694.989,1236.43,936.702,314.899,95.01,146.653,6630.294,5183.997,-5.239,173.524,5013
005125,2018-12-31,2018,12683.04,2432.133,711.147,1381.65,1027.231,333.547,96.02,145.937,5064.291,5124.265,-10.227,91.983,5013
005125,2019-12-31,2019,14645.629,3627.623,894.774,1402.89,2290.752,276.992,106.23,145.378,5037.168,4897.769,-11.413,74.187,5013
005125,2020-12-31,2020,13440.215,3305.908,431.27,1308.114,2200.92,990.166,100.43,144.354,2638.014,3533.017,-4.12,96.215,5013
005125,2021-12-31,2021,14352.102,3198.538,280.575,1596.03,2288.088,714.701,140.2,142.181,892.694,1053.423,-22.346,333.599,5013
005125,2022-12-31,2022,16495.379,3912.813,538.742,1959.546,2430.692,653.463,173.51,140.942,5108.641,4147.773,-17.377,222.726,5013
005125,2023-12-31,2023,17968.454,4530.868,653.713,2097.582,2885.527,1102.007,138.5,139.567,3769.132,3237.959,-24.145,261.473,5013
005234,2017-12-31,2017,17064.0,5076.0,653.0,2136.0,7451.0,1110.0,32.31,240.155,6463.0,6342.0,14.0,400.0,3011
005234,2018-12-31,2018,16872.0,5110.0,653.0,1936.0,7259.0,873.0,20.41,232.171,6455.0,6469.0,4.0,220.0,3011
005234,2019-12-31,2019,17185.0,5421.0,1109.0,1604.0,8063.0,974.0,15.555,232.65,5942.0,6008.0,1.0,0.0,3011
005234,2020-12-31,2020,16506.0,6116.0,756.0,643.0,7924.0,1624.0,10.91,233.22,6251.0,6059.0,0.0,0.0,3011
005234,2021-12-31,2021,21402.0,7467.0,953.0,2055.0,9326.0,1150.0,21.32,281.793,9862.0,8504.0,9.0,0.0,3011
005234,2022-12-31,2022,22431.0,8088.0,822.0,2011.0,9270.0,1301.0,10.15,282.896,10503.0,9947.0,-6.0,0.0,3011
005234,2023-12-31,2023,21582.0,7656.0,993.0,1746.0,9477.0,985.0,14.32,283.786,9932.0,10220.0,-2.0,0.0,3011
005256,2017-12-31,2017,5804.254,2248.036,94.312,1419.31,1391.967,326.876,236.25,56.329,401.764,39.301,47.418,633.315,5000
005256,2018-12-31,2018,5873.0,2090.0,130.0,1598.0,1352.0,538.0,282.36,55.862,0.0,96.0,181.0,437.0,5000
005256,2019-12-31,2019,6005.0,2085.0,359.0,1616.0,1623.0,360.0,338.52,53.688,0.0,42.0,49.0,711.0,5000
005256,2020-12-31,2020,6295.0,2551.0,65.0,1503.0,1605.0,585.0,408.34,52.524,1584.0,1370.0,70.0,619.0,5000
005256,2021-12-31,2021,6592.0,2696.0,66.0,1733.0,1817.0,241.0,518.24,51.22,0.0,8.0,48.0,725.0,5000
005256,2022-12-31,2022,7588.0,2602.0,103.0,2394.0,1828.0,325.0,556.25,50.256,0.0,0.0,26.0,626.0,5000
005256,2023-12-31,2023,8147.0,2647.0,105.0,2801.0,2087.0,660.0,828.69,49.317,7.0,37.0,34.0,887.0,5000
005439,2017-12-31,2017,25085.0,10430.0,512.0,3565.0,8521.0,2406.0,48.87,873.0,10.0,1641.0,158.0,0.0,1389
005439,2018-12-31,2018,25982.0,10421.0,36.0,4338.0,8961.0,2008.0,26.58,871.0,0.0,445.0,195.0,400.0,1389
005439,2019-12-31,2019,25377.0,11265.0,238.0,3683.0,8364.0,2268.0,24.47,878.0,0.0,13.0,118.0,100.0,1389
005439,2020-12-31,2020,20680.0,10008.0,970.0,2421.0,5224.0,2563.0,18.9,885.0,994.0,1654.0,87.0,100.0,1389
005439,2021-12-31,2021,22321.0,10057.0,273.0,2716.0,5345.0,3044.0,22.87,896.0,0.0,700.0,79.0,0.0,1389
005439,2022-12-31,2022,23255.0,8834.0,250.0,4013.0,5385.0,2346.0,39.35,902.0,0.0,1242.0,229.0,250.0,1389
005439,2023-12-31,2023,24683.0,8679.0,294.0,5132.0,6108.0,2264.0,36.15,889.0,0.0,305.0,136.0,800.0,1389
005492,2017-06-30,2017,10090.0,3396.0,634.0,1404.0,904.0,484.0,109.08,119.629,85.0,584.0,54.0,710.0,3812
005492,2018-06-30,2018,9839.0,3408.0,382.0,1444.0,900.0,288.0,144.54,118.28,1387.0,1658.0,34.0,272.0,3812
005492,2019-06-30,2019,10117.0,2763.0,759.0,1410.0,894.0,530.0,189.13,118.553,27.0,308.0,50.0,200.0,3812
005492,2020-12-31,2020,36960.0,7642.0,126.0,3221.0,2868.0,1276.0,189.02,208.23,901.0,931.0,56.0,2294.0,3812
005492,2021-12-31,2021,34709.0,7816.0,122.0,3247.0,2870.0,941.0,213.24,193.511,6.0,13.0,97.0,3680.0,3812
005492,2022-12-31,2022,33524.0,6966.0,941.0,3061.0,2860.0,880.0,208.21,190.611,4.0,14.0,57.0,1128.0,3812
005492,2023-12-31,2023,41687.0,11865.0,2085.0,3338.0,3605.0,560.0,210.62,189.809,7568.0,3170.0,24.0,518.0,3812
005518,2017-12-31,2017,5289.983,1693.609,154.957,982.195,259.71,1605.67,90.89,124.45,493.878,350.0,29.431,183.305,3944
005518,2018-12-31,2018,5262.988,1695.092,9.74,766.275,256.473,1206.284,81.25,126.129,0.0,0.0,29.999,308.398,3944
005518,2019-12-31,2019,8855.628,4159.839,31.176,850.615,382.248,4605.887,105.61,136.863,2354.957,,1006.971,74.51,3944
005518,2020-12-31,2020,10818.385,4822.841,484.211,993.825,489.041,1449.676,93.54,137.307,1112.64,275.514,16.592,6.04,3944
005518,2021-12-31,2021,10037.8,3956.6,244.8,1190.3,421.1,1019.2,101.78,138.221,144.0,1220.1,30.6,13.7,3944
005518,2022-12-31,2022,9295.9,3803.1,295.2,1083.7,422.8,513.1,61.01,138.181,3.8,206.0,74.2,149.0,3944
005518,2023-12-31,2023,6540.9,3086.9,530.5,624.7,488.6,545.4,51.06,138.789,2.6,359.6,0.0,16.8,3944
005568,2017-12-31,2017,120232.0,28333.0,3203.0,8315.0,7120.0,1769.0,77.76,1219.0,1496.0,2644.0,0.0,0.0,2030
005568,2018-12-31,2018,103461.0,30770.0,398.0,7017.0,7078.0,1163.0,43.04,1220.0,2990.0,2713.0,0.0,0.0,2030
005568,2019-12-31,2019,101450.0,28670.0,1175.0,6084.0,7597.0,2280.0,32.13,1221.0,2967.0,4795.0,0.0,0.0,2030
005568,2020-12-31,2020,99830.0,28545.0,371.0,6533.0,7438.0,3417.0,34.66,1223.0,7500.0,8697.0,0.0,0.0,2030
005568,2021-12-31,2021,93394.0,21545.0,887.0,6156.0,7375.0,3445.0,35.9,1224.0,0.0,6202.0,0.0,0.0,2030
005568,2022-12-31,2022,90513.0,19818.0,962.0,5859.0,7408.0,1040.0,40.71,1225.0,0.0,1465.0,0.0,0.0,2030
005568,2023-12-31,2023,90339.0,19895.0,754.0,6257.0,7696.0,1403.0,36.98,1218.0,657.0,848.0,0.0,455.0,2030
005581,2017-09-30,2017,6439.988,492.902,0.0,395.575,5001.051,598.305,52.11,108.604,0.0,0.0,10.534,5.848,1381
005581,2018-09-30,2018,6214.867,493.968,0.0,606.482,4857.382,365.646,68.77,108.994,0.0,0.0,6.355,7.114,1381
005581,2019-09-30,2019,5839.515,479.356,0.0,550.534,4502.084,432.194,40.07,108.438,0.0,12.852,3.053,49.197,1381
005581,2020-09-30,2020,4829.621,514.613,11.364,-130.697,3690.924,622.796,14.65,107.488,0.0,0.0,4.1,32.289,1381
005581,2021-09-30,2021,5034.128,579.861,496.11,69.545,3176.474,1134.584,27.41,107.899,548.719,0.0,0.0,2.162,1381
005581,2022-09-30,2022,4355.531,569.96,12.382,398.044,2999.873,385.478,36.97,105.294,0.0,487.148,0.0,82.504,1381
005581,2023-09-30,2023,4381.956,586.182,13.772,904.046,2972.095,409.838,42.16,99.427,0.0,0.0,0.0,261.623,1381
005597,2017-12-31,2017,5553.726,2061.023,859.457,1781.118,2106.697,380.179,113.51,210.861,0.954,0.0,63.288,300.312,2060
005597,2018-12-31,2018,7703.02,3254.28,1203.316,2035.827,2130.294,587.998,107.18,209.729,1199.845,910.844,63.323,247.5,2060
005597,2019-12-31,2019,8140.395,3714.976,764.881,1981.368,2373.817,493.262,146.98,208.829,989.618,6.151,240.806,527.211,2060
005597,2020-12-31,2020,9131.845,4271.626,549.448,2089.257,2509.523,1143.987,152.33,208.227,989.876,704.467,25.532,211.196,2060
005597,2021-12-31,2021,10412.231,4397.526,978.559,2374.07,2937.899,329.266,193.47,206.109,0.0,439.444,33.211,457.946,2060
005597,2022-12-31,2022,10948.82,3638.826,1479.155,2660.526,3096.174,463.889,231.57,204.965,0.0,4.741,34.158,424.479,2060
005597,2023-12-31,2023,11902.941,4066.221,1059.391,2994.535,3617.654,401.902,186.44,204.393,744.092,755.414,26.015,299.922,2060
005606,2017-10-31,2017,32913.0,6747.0,1072.0,4365.0,1878.0,8146.0,21.55,1649.58,5.0,84.0,57.0,1412.0,3570
005606,2018-10-31,2018,34622.0,4524.0,1463.0,4854.0,2198.0,5877.0,24.14,1560.27,0.0,2098.0,52.0,2557.0,3570
005606,2019-10-31,2019,33467.0,4780.0,357.0,4926.0,2794.0,4537.0,17.37,1457.719,127.0,680.0,,2466.0,3570
005606,2020-10-31,2020,34681.0,6447.0,949.0,4726.0,3734.0,5138.0,17.96,1303.927,3081.0,1849.0,,3235.0,3570
005606,2021-10-31,2021,38610.0,7322.0,1456.0,6396.0,3738.0,4304.0,30.33,1092.205,2099.0,1245.0,,6249.0,3570
005606,2022-10-31,2022,38494.0,11671.0,623.0,5888.0,4010.0,3162.0,27.62,979.869,4175.0,693.0,,4297.0,3570
005606,2023-10-31,2023,37004.0,10079.0,660.0,5064.0,4015.0,3235.0,26.33,988.782,255.0,1699.0,,100.0,3570
005643,2017-12-31,2017,14308.0,6556.0,46.0,1721.0,353.0,670.0,79.86,317.421,1824.0,1860.0,0.0,922.0,7011
005643,2018-12-31,2018,13995.0,7266.0,16.0,1761.0,367.0,484.0,71.8,294.816,1676.0,1005.0,0.0,1765.0,7011
005643,2019-12-31,2019,14957.0,8993.0,170.0,1925.0,1247.0,630.0,110.91,278.985,2200.0,1547.0,0.0,1538.0,7011
005643,2020-12-31,2020,16755.0,11402.0,226.0,212.0,1118.0,3263.0,111.26,277.591,4590.0,2121.0,0.0,296.0,7011
005643,2021-12-31,2021,15441.0,9582.0,194.0,1205.0,999.0,1512.0,155.99,279.091,1510.0,3230.0,52.0,49.0,7011
005643,2022-12-31,2022,15512.0,9540.0,151.0,2256.0,942.0,1286.0,126.36,267.86,23.0,48.0,29.0,1648.0,7011
005643,2023-12-31,2023,15401.0,9965.0,155.0,2410.0,1000.0,875.0,182.09,253.488,609.0,183.0,51.0,2392.0,7011
005680,2018-01-31,2017,44529.0,24267.0,2761.0,16662.0,22075.0,3595.0,200.9,1158.0,2991.0,543.0,255.0,8000.0,5211
005680,2019-01-31,2018,44003.0,26807.0,2395.0,17853.0,22375.0,1778.0,183.53,1105.0,3466.0,1209.0,236.0,9963.0,5211
005680,2020-01-31,2019,51236.0,33736.0,3641.0,18066.0,28365.0,2133.0,228.1,1077.0,3420.0,1070.0,280.0,6965.0,5211
005680,2021-01-31,2020,70581.0,41178.0,2244.0,23051.0,30667.0,7895.0,270.82,1077.0,7933.0,2872.0,326.0,791.0,5211
005680,2022-01-31,2021,71876.0,41957.0,4312.0,25952.0,31167.0,2343.0,366.98,1035.0,2979.0,1532.0,337.0,14809.0,5211
005680,2023-01-31,2022,76445.0,48188.0,2176.0,26795.0,32572.0,3391.0,324.17,1016.0,6942.0,2491.0,264.0,6696.0,5211
005680,2024-01-31,2023,76530.0,49825.0,2418.0,24709.0,34038.0,4474.0,352.96,992.0,1995.0,1271.0,323.0,7951.0,5211
005709,2017-10-31,2017,6975.908,250.0,0.0,1372.036,1203.251,444.122,31.16,528.424,0.0,0.0,21.726,94.487,2011
005709,2018-10-31,2018,8142.292,624.84,0.0,1319.086,1512.6,459.136,43.64,534.135,375.0,0.16,71.803,46.898,2011
005709,2019-10-31,2019,8109.004,250.0,0.0,1305.363,1629.111,687.637,40.89,534.489,0.0,374.84,59.895,174.246,2011
005709,2020-10-31,2020,9908.282,1088.061,270.716,1244.615,1951.341,1731.646,48.69,539.887,992.381,8.368,81.818,12.36,2011
005709,2021-10-31,2021,12696.329,3371.925,27.087,1319.329,2181.408,634.692,42.32,542.412,2276.291,258.617,45.919,19.958,2011
005709,2022-10-31,2022,13306.919,3346.121,29.979,1517.721,2214.759,998.255,46.45,546.237,0.0,8.673,79.827,0.0,2011
005709,2023-10-31,2023,13448.772,2467.956,976.767,1371.692,2297.738,753.196,32.55,546.599,1.98,8.827,12.018,12.303,2011
005783,2017-12-31,2017,4465.349,1085.649,0.0,1036.377,2983.331,14.612,114.98,109.753,,,,199.028,4213
005783,2018-12-31,2018,5091.647,898.398,250.706,1302.021,3445.111,7.6,93.04,108.711,,,,170.868,4213
005783,2019-12-31,2019,5470.854,1375.84,44.4,1313.627,3746.366,35.0,116.78,106.213,,,0.0,275.657,4213
005783,2020-12-31,2020,5928.348,1392.624,48.3,1265.383,3825.694,313.302,136.65,105.654,,,0.0,,4213
005783,2021-12-31,2021,6794.348,1069.357,414.172,1599.263,4251.255,355.549,204.4,105.094,0.0,0.0,0.0,180.191,4213
005783,2022-12-31,2022,7786.582,1485.238,86.0,2045.551,5289.717,51.927,174.36,103.743,,,0.0,,4213
005783,2023-12-31,2023,8538.26,1579.007,349.861,1758.956,6124.113,53.344,199.74,103.22,,,0.0,,4213
005878,2017-12-31,2017,16780.0,7478.0,850.0,3861.0,1778.0,3094.0,166.85,341.5,0.0,652.0,84.0,1000.0,3560
005878,2018-12-31,2018,14870.0,6029.0,1351.0,4045.0,1791.0,1504.0,126.69,328.1,0.0,1.0,22.0,2000.0,3560
005878,2019-12-31,2019,15068.0,7882.0,55.0,3828.0,1935.0,1981.0,179.63,319.8,1774.0,1351.0,85.0,1500.0,3560
005878,2020-12-31,2020,15612.0,7905.0,405.0,3309.0,1993.0,2564.0,203.88,316.7,0.0,4.0,66.0,706.0,3560
005878,2021-12-31,2021,16077.0,7042.0,839.0,3887.0,2031.0,1527.0,246.8,312.9,90.0,351.0,50.0,1000.0,3560
005878,2022-12-31,2022,15422.0,6304.0,1645.0,4200.0,2060.0,708.0,220.3,305.0,593.0,1113.0,29.0,1750.0,3560
005878,2023-12-31,2023,15518.0,6487.0,1883.0,4435.0,2224.0,1065.0,261.94,299.3,1425.0,679.0,53.0,1500.0,3560
005959,2017-12-31,2017,18173.3,2957.0,1107.0,2080.2,1551.3,1549.4,89.19,249.479,0.0,0.0,76.7,1016.9,3585
005959,2018-12-31,2018,17914.9,3740.7,350.6,2367.5,1730.8,903.4,91.23,241.905,1147.0,1123.0,68.9,900.2,3585
005959,2019-12-31,2019,20492.3,5317.3,822.5,2628.0,2366.2,1303.6,132.92,238.305,1497.9,7.5,116.8,750.1,3585
005959,2020-12-31,2020,18156.7,4773.0,914.4,1929.1,1758.5,3289.9,145.16,238.808,0.0,307.5,64.5,250.0,3585
005959,2021-12-31,2021,18059.8,4787.7,497.7,2360.4,1835.6,2159.2,202.03,235.195,0.0,432.5,78.3,1100.3,3585
005959,2022-12-31,2022,18081.6,4101.8,1203.8,2697.1,1998.6,1220.5,168.09,228.827,0.0,9.6,2.6,1200.2,3585
005959,2023-12-31,2023,19391.9,4345.2,957.3,3219.8,2285.3,1095.3,243.9,227.173,699.2,754.6,79.3,669.3,3585
006008,2017-12-31,2017,123249.0,25037.0,1739.0,26617.0,41109.0,14002.0,46.16,4687.0,7716.0,8080.0,770.0,3615.0,3674
006008,2018-12-31,2018,127963.0,25098.0,1261.0,32329.0,48976.0,11650.0,46.93,4516.0,423.0,3026.0,555.0,10730.0,3674
006008,2019-12-31,2019,136524.0,25683.0,3868.0,33254.0,56014.0,13123.0,59.85,4290.0,3392.0,2627.0,750.0,13576.0,3674
006008,2020-12-31,2020,153091.0,34251.0,2677.0,36115.0,57188.0,23895.0,49.82,4062.0,10247.0,4525.0,897.0,14229.0,3674
006008,2021-12-31,2021,168406.0,33805.0,4771.0,33874.0,63794.0,28413.0,51.5,4070.0,4974.0,2500.0,1020.0,2415.0,3674
006008,2022-12-31,2022,182103.0,37920.0,4540.0,15814.0,81347.0,28338.0,26.43,4137.0,6548.0,5329.0,977.0,0.0,3674
006008,2023-12-31,2023,191572.0,47267.0,2430.0,9633.0,97152.0,25034.0,50.25,4228.0,11391.0,519.0,1042.0,0.0,3674
006066,2017-12-31,2017,125356.0,39837.0,6987.0,15454.0,11116.0,12580.0,153.42,922.179,9642.0,6816.0,175.0,4533.0,7370
006066,2018-12-31,2018,123382.0,35605.0,10207.0,17441.0,10792.0,12222.0,113.67,892.479,6892.0,8533.0,111.0,4614.0,7370
006066,2019-12-31,2019,152186.0,57981.0,10177.0,16908.0,15006.0,9009.0,134.04,887.11,31825.0,12944.0,0.0,1633.0,7370
006066,2020-12-31,2020,155971.0,57929.0,8540.0,15384.0,14726.0,14275.0,125.88,892.653,10504.0,13365.0,0.0,302.0,7370
006066,2021-12-31,2021,132001.0,47379.0,7760.0,13088.0,8916.0,8364.0,133.66,898.069,522.0,8597.0,0.0,319.0,7370
006066,2022-12-31,2022,127243.0,48379.0,5633.0,12677.0,8212.0,8841.0,140.89,906.092,7804.0,6800.0,0.0,407.0,7370
006066,2023-12-31,2023,135241.0,52689.0,7246.0,12395.0,8721.0,13462.0,163.55,915.014,9586.0,5082.0,0.0,402.0,7370
006078,2017-12-31,2017,4598.926,1632.186,6.966,762.277,880.58,368.046,152.61,78.947,498.25,254.499,0.329,69.837,2860
006078,2018-12-31,2018,12889.395,4504.417,48.642,840.143,1241.152,648.522,134.27,106.619,3256.742,377.552,2268.094,25.2,2860
006078,2019-12-31,2019,13287.411,4253.33,424.633,1105.194,1679.582,623.945,129.02,106.787,0.0,156.282,0.0,10.787,2860
006078,2020-12-31,2020,13555.671,4047.999,677.781,1054.274,1765.224,656.836,108.84,106.938,200.0,347.43,0.0,8.101,2860
006078,2021-12-31,2021,39658.0,11453.0,746.0,2354.0,5156.0,715.0,150.65,254.574,3.0,933.0,9.0,21.0,2860
006078,2022-12-31,2022,35407.0,10950.0,688.0,2326.0,4861.0,493.0,104.84,254.968,225.0,721.0,0.0,21.0,2860
006078,2023-12-31,2023,30978.0,9846.0,977.0,1889.0,4955.0,709.0,80.97,255.289,0.0,655.0,0.0,13.0,2860
006104,2017-12-31,2017,33903.0,17137.0,311.0,3630.0,13713.0,1018.0,57.94,412.941,1907.0,1424.0,0.0,,2631
006104,2018-12-31,2018,33576.0,16313.0,639.0,4347.0,13469.0,589.0,40.36,400.606,490.0,1008.0,0.0,732.0,2631
006104,2019-12-31,2019,33471.0,11986.0,4522.0,3846.0,13829.0,511.0,46.05,392.116,534.0,1507.0,0.0,535.0,2631
006104,2020-12-31,2020,31718.0,10471.0,4397.0,3087.0,12987.0,595.0,49.72,393.116,583.0,2278.0,0.0,42.0,2631
006104,2021-12-31,2021,25243.0,7718.0,328.0,2603.0,10824.0,1540.0,46.98,378.554,1512.0,2509.0,0.0,839.0,2631
006104,2022-12-31,2022,23940.0,7205.0,910.0,2859.0,10855.0,804.0,34.63,350.284,1011.0,1017.0,0.0,1284.0,2631
006104,2023-12-31,2023,23261.0,7880.0,291.0,2234.0,10598.0,1113.0,36.15,346.037,783.0,780.0,0.0,218.0,2631
006136,2017-12-31,2017,12695.2,1285.6,86.9,1130.7,650.4,790.9,20.16,383.2,0.0,324.6,13.1,338.9,7311
006136,2018-12-31,2018,15620.3,3660.2,73.8,1246.7,790.9,673.4,20.63,383.6,2494.2,104.8,15.5,146.3,7311
006136,2019-12-31,2019,17751.9,4201.5,821.6,1398.4,2352.5,1192.2,23.1,387.0,0.0,403.3,4.3,22.4,7311
006136,2020-12-31,2020,18042.7,4356.8,819.0,1292.8,2069.6,2509.0,23.52,390.9,646.2,503.7,6.5,22.3,7311
006136,2021-12-31,2021,19909.2,4484.6,314.0,1730.6,2220.2,3270.0,37.45,394.3,998.1,1570.9,8.0,25.5,7311
006136,2022-12-31,2022,18845.0,4250.8,280.8,1757.6,1914.9,2545.3,33.31,386.5,0.0,29.9,0.0,360.4,7311
006136,2023-12-31,2023,19267.3,4134.3,536.9,1747.0,1799.3,2386.1,32.64,378.7,296.3,0.5,0.0,409.1,7311
006216,2017-09-30,2017,7380.859,235.0,3.071,662.188,349.911,774.151,58.27,120.386,1694.023,1846.797,62.645,97.18,1600
006216,2018-09-30,2018,12645.795,2146.877,4.954,1112.142,457.706,793.358,76.5,142.218,5784.355,4572.182,53.584,34.089,1600
006216,2019-09-30,2019,11462.711,1201.245,199.901,929.355,308.143,631.068,91.5,132.879,2782.193,3996.97,64.958,880.317,1600
006216,2020-09-30,2020,12354.353,2412.143,164.312,1207.257,896.286,1209.934,92.77,129.748,2986.661,2521.467,37.235,365.045,7370
006216,2021-09-30,2021,14632.609,3598.291,225.87,1308.783,1003.214,1026.549,132.53,128.893,4445.08,3216.965,38.077,300.815,7370
006216,2022-09-30,2022,14660.419,3964.703,200.586,1416.79,823.589,1154.179,108.49,127.393,3145.5,2420.166,51.034,310.513,7370
006216,2023-09-30,2023,14617.109,3356.701,213.507,1510.889,771.416,929.382,136.5,125.977,3860.468,4486.679,47.782,289.963,7370
006266,2017-12-31,2017,157303.0,30675.0,3906.0,25489.0,17005.0,18296.0,139.72,2682.525,8992.0,1777.0,1062.0,6358.0,2834
006266,2018-12-31,2018,152954.0,27684.0,2796.0,28318.0,17035.0,19687.0,129.05,2662.324,5.0,1555.0,949.0,5868.0,2834
006266,2019-12-31,2019,157728.0,27210.0,1471.0,28130.0,18615.0,19287.0,145.87,2632.507,3.0,2823.0,954.0,6746.0,2834
006266,2020-12-31,2020,174894.0,32635.0,2631.0,27378.0,19766.0,25185.0,157.38,2632.512,7431.0,1064.0,1114.0,3221.0,2834
006266,2021-12-31,2021,182018.0,29985.0,3766.0,32169.0,19862.0,31608.0,171.07,2628.965,5.0,1802.0,1036.0,3456.0,2834
006266,2022-12-31,2022,187378.0,26888.0,12771.0,32436.0,20903.0,23519.0,176.65,2613.597,2.0,2134.0,1329.0,6035.0,2834
006266,2023-12-31,2023,167558.0,25881.0,3451.0,30414.0,20898.0,22927.0,156.74,2407.078,8047.0,1551.0,5335.0,5054.0,2834
006268,2017-09-30,2017,51884.0,11964.0,1608.0,4419.0,6121.0,343.0,40.29,927.975,1865.0,1297.0,157.0,651.0,3585
006268,2018-09-30,2018,48797.0,9654.0,1341.0,4341.0,6171.0,206.0,35.0,925.007,1136.0,3729.0,66.0,343.0,3585
006268,2019-09-30,2019,42287.0,6708.0,511.0,2048.0,3348.0,2821.0,43.89,777.631,0.0,2333.0,171.0,6014.0,3585
006268,2020-09-30,2020,40815.0,8401.0,625.0,2568.0,4249.0,1960.0,40.85,726.223,1804.0,1386.0,75.0,2238.0,3585
006268,2021-09-30,2021,41890.0,8561.0,553.0,3652.0,4604.0,1342.0,68.08,708.733,496.0,507.0,178.0,1340.0,3585
006268,2022-09-30,2022,42158.0,8413.0,1814.0,3407.0,4313.0,2088.0,49.22,688.697,1227.0,184.0,17.0,1492.0,3585
006268,2023-09-30,2023,42242.0,8904.0,1348.0,3770.0,4525.0,924.0,53.21,680.372,1173.0,1555.0,42.0,662.0,3585
006304,2017-06-30,2017,5532.173,2680.474,249.983,1342.328,283.975,3016.74,91.51,156.84,0.0,130.0,45.359,44.171,3827
006304,2018-06-30,2018,5619.356,2237.402,0.0,1598.109,286.306,2880.318,102.53,156.048,248.693,946.25,61.444,231.925,3827
006304,2019-06-30,2019,9008.516,3173.383,249.999,1589.565,448.799,1739.385,118.2,159.475,2083.785,902.474,64.828,1132.719,3827
006304,2020-06-30,2020,9279.96,3540.555,28.994,2091.345,620.614,1980.472,194.48,155.461,1191.832,1171.033,75.634,875.344,3827
006304,2021-06-30,2021,10271.124,3493.506,52.322,2818.252,765.91,2494.522,324.21,152.776,40.343,70.0,86.098,994.969,3827
006304,2022-06-30,2022,12597.088,6742.087,32.218,4011.479,976.373,2708.008,319.08,141.804,3842.409,620.0,113.014,4052.177,3827
006304,2023-06-30,2023,14072.357,6029.09,34.042,4453.539,1240.547,3243.159,485.02,136.75,300.0,1087.25,124.847,1406.67,3827
006335,2017-12-31,2017,9198.7,2235.5,383.9,1242.5,6195.7,134.1,105.22,103.037,0.0,25.4,0.7,375.6,4011
006335,2018-12-31,2018,9469.8,2679.3,10.1,1315.1,6430.7,100.5,95.45,100.897,499.4,81.5,1.8,243.5,4011
006335,2019-12-31,2019,9786.8,3313.7,63.4,1400.8,6629.2,148.8,153.16,96.116,847.5,285.0,7.0,792.5,4011
006335,2020-12-31,2020,9964.0,3809.8,31.0,1391.5,6685.2,188.2,204.13,91.047,545.6,18.0,9.9,888.9,4011
006335,2021-12-31,2021,10428.1,3815.2,31.1,1539.6,6819.6,339.3,293.59,,0.0,7.9,19.9,0.0,4011
006375,2017-12-31,2017,16350.0,7838.0,780.0,2695.0,3716.0,281.0,67.98,345.603,1251.0,632.0,97.0,516.0,2040
006375,2018-12-31,2018,17780.0,8207.0,686.0,2403.0,3731.0,321.0,57.01,343.865,993.0,408.0,167.0,320.0,2040
006375,2019-12-31,2019,17564.0,7628.0,841.0,2241.0,4153.0,397.0,69.16,341.543,80.0,1009.0,64.0,220.0,2040
006375,2020-12-31,2020,17996.0,7266.0,846.0,2318.0,4371.0,435.0,62.23,343.891,557.0,1229.0,112.0,,2040
006375,2021-12-31,2021,18178.0,6764.0,965.0,2282.0,4467.0,286.0,64.42,341.377,361.0,650.0,63.0,240.0,2040
006375,2022-12-31,2022,18496.0,5803.0,1368.0,2195.0,4406.0,299.0,71.24,341.8,39.0,648.0,277.0,300.0,2040
006375,2023-12-31,2023,15621.0,5621.0,905.0,1967.0,3873.0,274.0,55.91,340.588,404.0,780.0,60.0,170.0,2040
006435,2017-12-31,2017,15151.0,6472.0,953.0,4050.0,7436.0,616.0,120.66,351.106,937.0,1481.0,121.0,911.0,2621
006435,2018-12-31,2018,14518.0,6247.0,1208.0,4033.0,7159.0,539.0,113.94,344.962,507.0,407.0,62.0,800.0,2621
006435,2019-12-31,2019,15283.0,6487.0,1664.0,4213.0,7846.0,442.0,137.55,341.448,706.0,707.0,228.0,800.0,2621
006435,2020-12-31,2020,17523.0,8301.0,619.0,4410.0,8582.0,303.0,134.83,338.724,1845.0,854.0,217.0,700.0,2621
006435,2021-12-31,2021,17837.0,8534.0,563.0,3620.0,8585.0,270.0,142.92,336.835,605.0,269.0,65.0,400.0,2621
006435,2022-12-31,2022,17970.0,7955.0,971.0,3413.0,8360.0,427.0,135.75,337.462,0.0,312.0,94.0,100.0,2621
006435,2023-12-31,2023,17344.0,7763.0,697.0,3854.0,8363.0,1093.0,121.51,336.998,363.0,475.0,97.0,225.0,2621
006502,2018-01-31,2017,37197.0,12029.0,3560.0,5317.0,21071.0,1508.0,30.36,870.0,1523.0,788.0,51.0,1633.0,5411
006502,2019-01-31,2018,38118.0,12072.0,3157.0,5112.0,21635.0,1610.0,28.33,798.0,2236.0,1372.0,65.0,2010.0,5411
006502,2020-01-31,2019,45256.0,18616.0,2562.0,5295.0,28685.0,1578.0,26.86,788.0,813.0,2304.0,55.0,465.0,5411
006502,2021-01-31,2020,48662.0,19009.0,1578.0,5827.0,29182.0,3054.0,34.5,758.0,1049.0,747.0,127.0,1324.0,5411
006502,2022-01-31,2021,49086.0,19235.0,1205.0,6503.0,30484.0,2903.0,43.59,727.0,56.0,1442.0,172.0,1647.0,5411
006502,2023-01-31,2022,49623.0,18440.0,1972.0,7404.0,31388.0,2142.0,44.63,716.0,0.0,552.0,134.0,993.0,5411
006502,2024-01-31,2023,50505.0,18379.0,868.0,8012.0,31922.0,3098.0,46.14,720.0,15.0,1301.0,50.0,62.0,5411
006565,2017-06-30,2017,12122.765,1784.974,908.439,2241.657,685.595,6041.162,141.43,161.723,0.0,1688.313,72.576,811.672,3559
006565,2018-06-30,2018,12479.478,1806.562,610.03,3544.636,902.547,4949.595,172.85,156.892,750.0,1505.694,84.882,2653.249,3559
006565,2019-06-30,2019,12001.333,3822.768,667.131,2792.531,1059.077,5431.203,187.84,144.433,2476.72,117.653,84.774,3780.611,3559
006565,2020-06-30,2020,14559.047,5094.737,889.357,2939.847,1246.082,6710.252,323.46,145.331,3224.651,1917.537,93.523,1369.649,3559
006565,2021-06-30,2021,15892.152,5108.718,56.659,4782.423,1477.263,5729.135,650.7,142.501,0.0,862.06,121.887,2697.704,3559
006565,2022-06-30,2022,17195.632,5163.062,61.491,5708.022,1874.235,3657.732,426.15,136.975,0.0,11.889,113.86,3865.663,3559
006565,2023-06-30,2023,18781.643,5176.069,73.04,5660.075,2099.328,5374.697,642.86,133.297,0.0,23.206,121.01,2017.012,3559
006649,2017-12-31,2017,3550.8,1097.9,153.8,559.6,663.9,526.1,47.73,131.9,493.4,211.9,2.6,157.6,2510
006649,2018-12-31,2018,3382.0,1167.8,1.2,592.1,728.5,268.1,35.84,130.5,69.6,155.4,4.8,112.4,2510
006649,2019-12-31,2019,4816.4,2188.1,90.4,703.8,993.9,247.6,50.83,131.8,993.3,46.3,9.3,16.4,2510
006649,2020-12-31,2020,4754.0,1971.4,93.3,599.0,950.0,348.9,44.3,132.6,0.0,227.8,1.5,10.6,2510
006649,2021-12-31,2021,5307.3,1942.7,345.1,732.7,977.9,361.7,41.16,133.4,492.8,307.9,3.5,9.8,2510
006649,2022-12-31,2022,5186.1,2227.8,58.9,659.7,971.6,316.5,32.23,132.6,306.5,301.5,0.0,60.3,2510
006649,2023-12-31,2023,4634.5,1830.1,365.3,497.3,978.4,365.5,26.17,133.4,0.7,107.8,0.0,6.0,2510
006669,2017-11-30,2017,18745.034,6493.629,1478.886,1494.775,215.068,2694.084,62.78,239.964,2580.86,1422.968,0.72,27.054,1531
006669,2018-11-30,2018,28566.181,7397.034,2720.024,2566.604,319.861,1595.976,42.73,324.238,351.018,2111.336,3.061,299.833,1531
006669,2019-11-30,2019,29359.511,7014.438,2559.258,2639.216,279.527,1468.691,59.65,315.893,255.303,1290.742,0.493,523.074,1531
006669,2020-11-30,2020,29935.177,5938.922,1605.497,3235.756,524.908,2932.73,75.86,312.699,92.688,2386.829,0.0,321.524,1531
006669,2021-11-30,2021,33207.778,4249.372,2292.505,5224.212,495.522,2955.683,105.05,299.434,276.08,1355.063,0.0,1430.212,1531
006669,2022-11-30,2022,37984.295,4116.279,2241.689,6874.721,505.061,4815.77,87.83,289.81,409.067,623.079,0.0,1039.309,1531
006669,2023-11-30,2023,39234.303,2618.431,2519.868,5549.81,550.601,6570.938,127.92,280.948,28.712,1226.251,0.0,1182.711,1531
006730,2017-12-31,2017,44981.0,9940.5,3706.6,6420.4,8826.5,8034.1,84.46,1050.008,2232.0,630.6,0.0,299.8,2834
006730,2018-12-31,2018,43908.4,11639.7,1131.2,7657.9,8919.5,8086.4,115.72,1007.035,2477.7,1009.1,1659.7,4150.7,2834
006730,2019-12-31,2019,39286.1,14304.6,1499.3,6914.6,8405.0,2438.5,131.43,907.526,6556.4,2866.4,0.0,4400.0,2834
006730,2020-12-31,2020,46633.1,16586.6,8.7,8047.2,8681.9,3681.3,168.84,906.59,2062.3,276.5,0.0,500.0,2834
006730,2021-12-31,2021,48806.0,15346.4,1538.3,9303.6,8985.1,3908.6,276.22,903.653,2410.8,1905.4,0.0,1250.0,2834
006730,2022-12-31,2022,49489.8,14737.5,1501.1,9676.7,10144.0,2211.8,365.84,900.182,0.0,1560.0,0.0,1500.0,2834
006730,2023-12-31,2023,64006.3,18320.8,6904.5,11732.9,12913.6,2927.7,582.92,899.379,3958.5,0.0,0.0,750.0,2834
006733,2018-01-31,2017,8149.0,5707.0,87.0,2299.0,2893.0,1515.0,50.09,280.0,591.0,584.0,38.0,478.0,5600
006733,2019-01-31,2018,8090.0,5758.0,80.0,1949.0,2818.0,1413.0,27.84,275.0,264.0,253.0,1.0,211.0,5600
006733,2020-01-31,2019,10125.0,8552.0,547.0,1566.0,5539.0,1499.0,23.16,277.0,665.0,973.0,1.0,13.0,5600
006733,2021-01-31,2020,11571.0,8882.0,606.0,2330.0,4653.0,3903.0,40.76,278.0,3202.0,2499.0,0.0,12.0,5600
006733,2022-01-31,2021,6026.0,5843.0,170.0,2223.0,2030.0,1979.0,56.07,254.0,976.0,1728.0,83.0,2023.0,5990
006733,2023-01-31,2022,5494.0,5876.0,177.0,1568.0,2243.0,1232.0,46.01,229.0,0.0,9.0,6.0,1344.0,5990
006733,2024-01-31,2023,5463.0,5392.0,181.0,1554.0,2276.0,1084.0,42.66,225.0,0.0,462.0,4.0,159.0,5990
006774,2017-12-31,2017,46521.0,13513.0,750.0,6863.0,5775.0,2861.0,321.05,284.0,0.0,0.0,71.0,2001.0,3760
006774,2018-12-31,2018,44876.0,12604.0,1500.0,8616.0,6124.0,772.0,261.84,281.0,0.0,750.0,0.0,1492.0,3760
006774,2019-12-31,2019,47528.0,12259.0,1495.0,9616.0,7591.0,1514.0,389.38,280.0,0.0,900.0,0.0,1200.0,3760
006774,2020-12-31,2020,50710.0,12510.0,774.0,9971.0,8213.0,3160.0,354.98,279.0,1131.0,1650.0,0.0,1100.0,3760
006774,2021-12-31,2021,50873.0,12770.0,332.0,10461.0,8897.0,3604.0,355.41,271.0,0.0,500.0,0.0,4087.0,3760
006774,2022-12-31,2022,52880.0,16345.0,419.0,9791.0,9075.0,2547.0,486.49,254.0,6211.0,2250.0,0.0,7900.0,3760
006774,2023-12-31,2023,52456.0,18153.0,483.0,10001.0,9470.0,1442.0,453.24,240.0,1975.0,115.0,0.0,6000.0,3760
006788,2017-12-31,2017,11728.841,4108.806,0.0,1187.676,9581.403,0.448,17.06,248.129,2041.0,1712.5,4.482,6.983,1311
006788,2018-12-31,2018,9708.154,3836.861,0.0,1249.44,9032.961,0.545,9.57,249.51,2070.0,2338.0,9.747,3.183,1311
006788,2019-12-31,2019,6612.403,3214.005,27.856,-200.895,6108.463,0.546,4.85,249.631,2311.0,2972.432,0.667,10.292,1311
006788,2020-12-31,2020,6136.936,3083.407,70.029,294.107,5754.551,0.458,6.7,246.348,2926.0,2971.634,0.696,26.316,1311
006788,2021-12-31,2021,6660.507,2732.631,237.083,1031.075,5798.982,214.422,17.83,249.793,2034.0,2199.324,5.879,9.299,1311
006788,2022-12-31,2022,6625.562,1862.863,67.493,2102.454,5976.908,0.207,25.02,238.886,1472.0,2612.422,22.229,425.191,1311
006788,2023-12-31,2023,7203.885,1790.293,11.584,1720.971,6143.198,211.974,30.44,241.04,185.0,264.934,75.201,58.523,1311
006829,2018-01-31,2017,35291.0,15564.0,1431.0,8003.0,19721.0,690.0,104.73,830.0,2968.0,2849.0,139.0,3192.0,5211
006829,2019-01-31,2018,34508.0,14391.0,1832.0,6211.0,18432.0,729.0,96.16,801.0,0.0,326.0,114.0,3037.0,5211
006829,2020-01-31,2019,39471.0,20711.0,3039.0,7724.0,22560.0,876.0,116.24,763.0,3972.0,1113.0,118.0,4313.0,5211
006829,2021-01-31,2020,46735.0,24558.0,1653.0,12347.0,22987.0,5196.0,166.85,731.0,7929.0,5618.0,152.0,4971.0,5211
006829,2022-01-31,2021,44640.0,27880.0,1504.0,14087.0,23179.0,1404.0,237.35,670.0,4972.0,2118.0,132.0,13012.0,5211
006829,2023-01-31,2022,43708.0,36388.0,1606.0,14625.0,21085.0,1732.0,208.25,601.0,9667.0,867.0,151.0,14124.0,5211
006829,2024-01-31,2023,41795.0,39121.0,1024.0,13401.0,21386.0,1228.0,212.84,574.0,2983.0,601.0,141.0,6138.0,5211
007017,2017-12-31,2017,22012.0,5494.0,0.0,2093.0,17665.0,563.0,16.93,850.0,988.0,2810.0,0.0,11.0,1311
007017,2018-12-31,2018,21321.0,5499.0,0.0,3622.0,16804.0,1462.0,14.34,819.0,0.0,0.0,0.0,713.0,1311
007017,2019-12-31,2019,20245.0,5608.0,101.0,2932.0,17199.0,858.0,13.58,796.0,600.0,600.0,0.0,362.0,1311
007017,2020-12-31,2020,17956.0,5471.0,70.0,1532.0,15771.0,742.0,6.67,789.0,400.0,500.0,0.0,92.0,1311
007017,2021-12-31,2021,16994.0,4025.0,82.0,3259.0,14586.0,580.0,16.42,743.0,0.0,1400.0,0.0,734.0,1311
007017,2022-12-31,2022,19940.0,5571.0,502.0,5184.0,17524.0,334.0,27.07,633.0,1950.0,35.0,0.0,2776.0,1311
007017,2023-12-31,2023,19575.0,3510.0,2166.0,4207.0,17456.0,155.0,24.16,577.0,1448.0,2399.0,0.0,1504.0,1311
007085,2017-12-31,2017,5488.0,2969.0,116.0,1292.0,1129.0,1302.0,43.94,310.4,595.0,540.0,0.0,364.0,3430
007085,2018-12-31,2018,5393.0,2971.0,8.0,1415.0,1223.0,559.0,29.24,293.9,0.0,115.0,14.0,696.0,3430
007085,2019-12-31,2019,5027.0,2933.0,40.0,1240.0,1054.0,697.0,47.99,275.6,0.0,209.0,27.0,919.0,3430
007085,2020-12-31,2020,5777.0,2941.0,42.0,1438.0,1074.0,1326.0,54.93,258.2,415.0,402.0,26.0,752.0,3430
007085,2021-12-31,2021,5575.0,3121.0,48.0,1605.0,1083.0,926.0,70.22,241.2,1481.0,1329.0,5.0,1041.0,3430
007085,2022-12-31,2022,5187.0,3201.0,244.0,1494.0,1241.0,452.0,46.67,225.3,500.0,310.0,1.0,931.0,3430
007085,2023-12-31,2023,5363.0,3203.0,47.0,1484.0,1388.0,634.0,66.98,220.6,0.0,205.0,38.0,381.0,3430
007116,2017-12-31,2017,6238.503,2873.119,250.0,96.992,785.285,1079.221,15.38,343.8,988.622,0.0,1.775,0.0,3942
007116,2018-12-31,2018,5238.225,2851.723,4.176,220.626,657.595,594.481,9.99,345.3,471.797,750.0,0.0,0.0,3942
007116,2019-12-31,2019,5325.226,3117.604,74.065,380.645,853.326,630.028,13.55,346.8,588.244,607.898,0.0,0.0,3942
007116,2020-12-31,2020,5521.089,3104.017,80.509,647.484,765.395,762.181,17.45,348.2,0.0,0.0,0.0,0.0,3942
007116,2021-12-31,2021,6393.894,2854.618,73.752,948.326,781.45,731.362,21.56,350.7,1184.913,1575.997,,7.856,3942
007116,2022-12-31,2022,6177.661,2597.062,75.297,868.171,787.812,761.235,17.84,354.4,0.0,250.0,27.75,30.44,3942
007116,2023-12-31,2023,6435.822,2589.534,77.254,818.625,778.714,1261.363,18.88,348.5,0.0,0.0,26.742,238.124,3942
007146,2017-11-30,2017,10385.8,4443.9,583.2,903.6,809.1,186.8,102.18,131.0,3989.6,272.7,583.5,143.6,2090
007146,2018-11-30,2018,10256.4,4052.9,643.5,1081.5,985.1,96.6,150.0,132.1,25.9,797.9,78.2,73.9,2090
007146,2019-11-30,2019,10362.1,3625.8,698.4,1126.1,952.6,155.4,169.25,132.9,0.0,447.7,90.9,107.8,2090
007146,2020-11-30,2020,12089.7,3857.3,1187.9,1172.5,1165.2,423.6,186.98,133.45,527.0,257.7,56.6,60.3,2090
007146,2021-11-30,2021,12905.8,4079.4,1343.7,1274.3,1277.1,351.7,85.82,267.5,1001.5,257.1,13.5,24.0,2090
007146,2022-11-30,2022,13124.9,3818.4,1561.7,1107.7,1416.9,334.0,85.18,268.0,0.0,772.0,41.4,58.2,2090
007146,2023-11-30,2023,12862.3,3519.8,1124.8,1213.5,1544.7,166.6,64.83,268.1,496.4,268.1,16.6,46.5,2090
007154,2017-12-31,2017,33803.7,29536.4,0.0,9617.0,22448.3,2463.8,172.12,794.1,4727.5,1649.4,456.8,4685.7,5812
007154,2018-12-31,2018,32811.2,31075.3,0.0,9888.7,22842.7,866.0,177.57,767.1,3794.5,1759.6,403.2,5207.7,5812
007154,2019-12-31,2019,47510.8,46875.9,680.1,10278.1,37421.2,898.5,197.61,746.3,4499.0,2061.9,350.5,4976.2,5812
007154,2020-12-31,2020,52626.8,48518.1,2945.1,8715.9,38785.9,3449.1,214.58,745.4,5543.0,2411.7,295.5,907.8,5812
007154,2021-12-31,2021,53854.3,48643.6,705.5,11403.4,38272.6,4709.2,268.07,744.8,1154.4,2240.0,285.7,845.5,5812
007154,2022-12-31,2022,50435.6,48037.9,661.1,11798.6,36339.3,2583.8,263.53,731.3,3374.5,2202.4,248.2,3896.0,5812
007154,2023-12-31,2023,56146.8,50210.6,2880.5,13247.1,38422.0,4579.3,296.51,722.7,5221.1,2441.1,259.8,3054.3,5812
007163,2017-12-31,2017,9425.0,3170.0,399.0,2931.0,275.0,2791.0,169.4,253.7,0.0,0.0,75.0,1050.0,7323
007163,2018-12-31,2018,9458.0,3662.0,0.0,3146.0,270.0,1976.0,169.94,248.4,489.0,403.0,34.0,1726.0,7323
007163,2019-12-31,2019,11348.0,4568.0,112.0,3431.0,996.0,2914.0,273.05,244.0,1086.0,868.0,40.0,1240.0,7323
007163,2020-12-31,2020,12537.0,4654.0,100.0,3921.0,778.0,4131.0,328.73,240.6,1276.0,1394.0,16.0,1164.0,7323
007163,2021-12-31,2021,15026.0,4606.0,96.0,4662.0,667.0,6516.0,471.93,241.0,0.0,0.0,13.0,,7323
007163,2022-12-31,2022,61784.0,11307.0,344.0,5164.0,720.0,1301.0,334.94,321.9,5395.0,3698.0,7.0,12114.0,7323
007163,2023-12-31,2023,60589.0,11953.0,152.0,5724.0,637.0,1317.0,440.52,314.1,744.0,,13.0,3413.0,7323
007171,2018-03-31,2017,60381.0,6751.0,1129.0,3911.0,2464.0,2672.0,140.87,202.0,1522.0,2399.0,132.0,1709.0,5122
007171,2019-03-31,2018,59672.0,7265.0,330.0,3816.0,2548.0,2981.0,117.06,190.0,1099.0,1112.0,75.0,1639.0,5122
007171,2020-03-31,2019,61247.0,7995.0,1406.0,3993.0,4251.0,4015.0,135.26,162.0,0.0,298.0,113.0,1954.0,5122
007171,2021-03-31,2020,65015.0,8273.0,1132.0,4158.0,4681.0,6396.0,195.04,158.0,500.0,1040.0,92.0,770.0,5122
007171,2022-03-31,2021,63298.0,6446.0,1096.0,5080.0,3640.0,3935.0,306.13,145.0,498.0,1648.0,220.0,3516.0,5122
007171,2023-03-31,2022,62320.0,6028.0,1267.0,5071.0,3812.0,4679.0,356.05,136.0,997.0,1274.0,163.0,3638.0,5122
007171,2024-03-31,2023,67443.0,7045.0,345.0,4550.0,4045.0,4585.0,536.85,130.0,991.0,288.0,116.0,3025.0,5122
007228,2018-04-30,2017,91393.0,23699.0,2058.0,9617.0,4604.0,11227.0,80.13,1354.218,21.0,7370.0,403.0,2171.0,3845
007228,2019-04-30,2018,89694.0,24486.0,838.0,9908.0,4675.0,9848.0,88.81,1340.698,7794.0,7948.0,992.0,2877.0,3845
007228,2020-04-30,2019,90689.0,22795.0,2947.0,8435.0,5755.0,10948.0,97.63,1341.075,5568.0,6110.0,662.0,1326.0,3845
007228,2021-04-30,2020,93083.0,27207.0,197.0,8337.0,6219.0,10864.0,130.92,1345.401,7172.0,7367.0,474.0,652.0,3845
007228,2022-04-30,2021,90981.0,21075.0,3909.0,10031.0,6267.0,10574.0,104.36,1330.743,0.0,1.0,429.0,2544.0,3845
007228,2023-04-30,2022,90948.0,25213.0,200.0,8950.0,6610.0,7959.0,90.95,1330.809,5409.0,6012.0,308.0,645.0,3845
007228,2024-04-30,2023,89981.0,24772.0,1275.0,9083.0,7143.0,8005.0,80.24,1311.338,0.0,0.0,284.0,2138.0,3845
007241,2017-12-31,2017,95131.0,22181.0,4821.0,12523.0,10292.0,1821.0,72.5,1014.0,0.0,0.0,329.0,4432.0,5912
007241,2018-12-31,2018,196456.0,71444.0,1985.0,13509.0,11349.0,6587.0,65.52,1295.0,44343.0,5522.0,242.0,97.0,5912
007241,2019-12-31,2019,222449.0,83625.0,5377.0,17043.0,32904.0,8056.0,74.29,1302.0,3736.0,8336.0,210.0,112.0,5912
007241,2020-12-31,2020,230715.0,77964.0,7078.0,18108.0,33335.0,10854.0,68.3,1310.0,9958.0,15631.0,264.0,88.0,5912
007241,2021-12-31,2021,232999.0,70148.0,5851.0,17944.0,32018.0,15590.0,103.16,1322.0,987.0,10254.0,549.0,168.0,8000
007241,2022-12-31,2022,228275.0,67276.0,3456.0,19971.0,30745.0,15867.0,93.19,1300.0,0.0,4211.0,551.0,3870.0,8000
007241,2023-12-31,2023,249728.0,74672.0,4713.0,19498.0,30435.0,11545.0,78.96,1288.0,10898.0,3166.0,277.0,2193.0,8000
007257,2017-12-31,2017,87872.0,21353.0,3057.0,12725.0,12439.0,8498.0,56.27,2696.612,0.0,1103.0,499.0,4014.0,2834
007257,2018-12-31,2018,82637.0,19806.0,5308.0,13404.0,13291.0,8864.0,76.41,2592.56,0.0,4287.0,591.0,9091.0,2834
007257,2019-12-31,2019,84397.0,23504.0,3846.0,17972.0,16126.0,10706.0,90.95,2539.017,4958.0,0.0,361.0,4780.0,2834
007257,2020-12-31,2020,91588.0,26722.0,6731.0,17973.0,19711.0,8164.0,81.8,2530.226,4419.0,1957.0,89.0,1281.0,2834
007257,2021-12-31,2021,105694.0,31915.0,2716.0,17301.0,20865.0,8158.0,76.64,2527.604,7936.0,2319.0,202.0,840.0,2834
007257,2022-12-31,2022,109160.0,29758.0,2227.0,24067.0,22768.0,13271.0,110.95,2537.834,0.0,2251.0,384.0,0.0,2834
007257,2023-12-31,2023,106675.0,34611.0,1657.0,19208.0,24488.0,7161.0,109.02,2531.633,5939.0,1755.0,125.0,1346.0,2834
007343,2017-08-31,2017,35336.0,9872.0,1262.0,9855.0,19431.0,5428.0,31.97,1112.0,3311.0,3077.0,142.0,35.0,3674
007343,2018-08-31,2018,43376.0,3777.0,859.0,19597.0,23672.0,6802.0,52.52,1161.0,1009.0,10400.0,1655.0,0.0,3674
007343,2019-08-31,2019,48887.0,4541.0,1310.0,12765.0,28240.0,7955.0,45.27,1106.0,3550.0,3415.0,179.0,2729.0,3674
007343,2020-08-31,2020,53678.0,6906.0,270.0,8641.0,31615.0,8142.0,45.51,1113.0,5000.0,4429.0,225.0,251.0,3674
007343,2021-08-31,2021,58849.0,7125.0,210.0,13422.0,33764.0,8633.0,73.7,1119.0,1188.0,1815.0,,1294.0,3674
007343,2022-08-31,2022,66283.0,7413.0,163.0,16832.0,39227.0,9331.0,56.53,1094.0,2000.0,2173.0,0.0,2557.0,3674
007343,2023-08-31,2023,64254.0,13655.0,344.0,3293.0,38594.0,9594.0,69.94,1098.0,6716.0,899.0,0.0,425.0,3674
007435,2017-12-31,2017,37987.0,12156.0,1853.0,8877.0,8866.0,4129.0,235.37,594.884,1987.0,962.0,734.0,2068.0,2670
007435,2018-12-31,2018,36500.0,13486.0,1211.0,9172.0,8738.0,3233.0,190.54,576.575,2251.0,1034.0,485.0,4870.0,2670
007435,2019-12-31,2019,44659.0,18236.0,3063.0,8661.0,10191.0,2921.0,176.42,575.185,6281.0,2716.0,547.0,1407.0,2670
007435,2020-12-31,2020,47344.0,18691.0,1084.0,8933.0,10285.0,5038.0,174.79,577.75,1750.0,3482.0,429.0,368.0,2670
007435,2021-12-31,2021,47072.0,16740.0,1577.0,9317.0,10287.0,4765.0,177.63,571.845,1.0,1144.0,639.0,2199.0,2670
007435,2022-12-31,2022,46455.0,14656.0,2210.0,8750.0,10007.0,3893.0,119.92,549.245,1.0,1179.0,381.0,1464.0,2670
007435,2023-12-31,2023,50580.0,13682.0,3172.0,6471.0,9918.0,5986.0,109.32,552.581,2835.0,3086.0,264.0,33.0,9997
007585,2017-12-31,2017,8208.0,4419.0,52.0,1678.0,856.0,1268.0,90.34,161.2,10.0,21.0,82.0,483.0,3663
007585,2018-12-31,2018,9409.0,5289.0,31.0,1839.0,895.0,1257.0,115.04,163.5,1490.0,723.0,168.0,132.0,3663
007585,2019-12-31,2019,10642.0,5610.0,138.0,2044.0,1546.0,1001.0,161.14,170.5,1804.0,2039.0,114.0,315.0,3663
007585,2020-12-31,2020,10876.0,5565.0,138.0,1859.0,1490.0,1254.0,170.06,169.4,1692.0,1714.0,108.0,612.0,3663
007585,2021-12-31,2021,12189.0,6001.0,129.0,2163.0,1424.0,1874.0,271.7,168.7,844.0,353.0,102.0,528.0,3663
007585,2022-12-31,2022,12814.0,6432.0,119.0,2348.0,1412.0,1325.0,257.71,167.5,595.0,285.0,156.0,836.0,3663
007585,2023-12-31,2023,13336.0,5112.0,1438.0,2737.0,1459.0,1705.0,313.09,166.2,0.0,1.0,104.0,804.0,3663
007637,2017-12-31,2017,35806.3,12865.3,1795.7,3602.1,2339.1,480.5,42.31,524.207,876.1,2232.7,17.8,507.6,2834
007637,2018-12-31,2018,32734.9,13161.2,657.1,3391.6,2170.2,446.8,27.4,515.799,2577.9,3165.2,17.8,442.1,2834
007637,2019-12-31,2019,31255.5,11390.0,1534.3,3278.7,2404.2,556.9,20.1,516.149,7.4,1108.5,8.1,8.4,2834
007637,2020-12-31,2020,61553.0,22658.7,3450.1,3621.2,3783.5,934.9,18.74,1206.896,983.3,2484.2,0.6,7.9,2834
007637,2021-12-31,2021,54842.8,19918.0,3440.0,6316.0,3479.4,790.4,13.53,1209.507,1710.1,4201.3,0.0,17.4,2834
007637,2022-12-31,2022,50022.2,18196.6,1331.1,5478.2,3283.8,1337.8,11.13,1213.793,1875.6,3662.5,3.3,17.3,2834
007637,2023-12-31,2023,47685.5,16353.5,2017.7,4784.2,3005.2,1079.9,10.83,1200.755,0.3,1250.2,3.1,288.2,2834
007875,2017-12-31,2017,33135.5,9889.6,662.8,2408.1,1707.5,485.7,30.9,485.2,0.0,1512.2,,171.0,3990
007875,2018-12-31,2018,17716.4,6696.3,318.7,1084.0,925.6,495.7,18.59,422.8,0.0,2579.9,,1526.1,3990
007875,2019-12-31,2019,15642.0,5932.7,464.8,1290.4,1770.1,370.9,19.22,423.5,0.0,1004.0,,,3990
007875,2020-12-31,2020,14700.0,5613.0,595.0,1272.0,1706.0,1021.0,21.23,424.4,491.0,320.0,,,3990
007875,2021-12-31,2021,14179.0,5383.0,125.0,1377.0,1762.0,477.0,21.84,425.5,0.0,6.0,,,3990
007875,2022-12-31,2022,13262.0,5268.0,742.0,1121.0,1762.0,303.0,13.08,413.6,989.0,,,325.0,3990
007875,2023-12-31,2023,12163.0,5021.0,451.0,785.0,1727.0,361.0,8.68,414.3,0.0,0.0,,,3630
007881,2017-12-31,2017,20563.0,4061.0,4.0,2735.0,12267.0,3322.0,37.52,533.085,0.0,580.0,0.0,13.0,1040
007881,2018-12-31,2018,20715.0,3608.0,653.0,2226.0,12258.0,3446.0,34.65,533.0,0.0,4.0,0.0,138.0,1040
007881,2019-12-31,2019,39974.0,6781.0,128.0,3781.0,25276.0,2482.0,43.45,808.0,690.0,1931.0,0.0,529.0,1040
007881,2020-12-31,2020,41369.0,6136.0,674.0,5890.0,24281.0,5832.0,59.89,800.0,985.0,1226.0,51.0,569.0,1040
007881,2021-12-31,2021,40564.0,6109.0,193.0,6139.0,24124.0,5076.0,62.02,792.0,992.0,1455.0,0.0,557.0,1040
007881,2022-12-31,2022,38482.0,6036.0,96.0,4693.0,24073.0,3758.0,47.2,793.0,0.0,155.0,0.0,39.0,1040
007881,2023-12-31,2023,55506.0,7399.0,2037.0,4328.0,37563.0,3036.0,41.39,1152.0,0.0,67.0,0.0,25.0,1040
007906,2018-05-31,2017,22536.0,3468.0,342.0,5192.0,4454.0,5245.0,71.8,1601.0,0.0,29.0,733.0,4309.0,3021
007906,2019-05-31,2018,23717.0,3464.0,15.0,5477.0,4744.0,4663.0,77.14,1568.0,0.0,33.0,700.0,4303.0,3021
007906,2020-05-31,2019,31342.0,12319.0,696.0,3836.0,7963.0,8787.0,98.58,1558.0,6134.0,0.0,885.0,3067.0,3021
007906,2021-05-31,2020,37740.0,12344.0,469.0,7930.0,8017.0,13476.0,136.46,1578.0,0.0,197.0,1172.0,608.0,3021
007906,2022-05-31,2021,40321.0,11697.0,930.0,7392.0,7717.0,12997.0,118.85,1571.0,0.0,0.0,1151.0,4014.0,3021
007906,2023-05-31,2022,37531.0,11713.0,431.0,6618.0,8004.0,10675.0,105.26,1532.0,0.0,500.0,651.0,5480.0,3021
007906,2024-05-31,2023,38110.0,10469.0,1483.0,7550.0,7718.0,11582.0,95.05,1503.0,0.0,0.0,667.0,4250.0,3021
007912,2017-12-31,2017,21476.0,6746.0,61.0,2228.0,17502.0,713.0,29.14,489.956,2996.0,3854.0,312.0,0.0,1311
007912,2018-12-31,2018,21010.0,6574.0,41.0,2174.0,18419.0,719.0,18.76,482.203,2857.0,2996.0,0.0,295.0,1311
007912,2019-12-31,2019,20647.0,7641.0,130.0,441.0,17678.0,484.0,24.84,484.934,935.0,53.0,243.0,0.0,1311
007922,2018-01-31,2017,8115.0,2681.0,56.0,1608.0,3939.0,1181.0,49.31,167.0,635.0,661.0,39.0,218.0,5651
007922,2019-01-31,2018,7886.0,2677.0,8.0,1581.0,3921.0,957.0,46.41,157.6,0.0,56.0,163.0,698.0,5651
007922,2020-01-31,2019,9737.0,4551.0,244.0,1477.0,5953.0,853.0,36.86,155.6,499.0,500.0,29.0,227.0,5651
007922,2021-01-31,2020,9538.0,4456.0,760.0,-96.0,5313.0,681.0,35.45,157.8,600.0,0.0,16.0,9.0,5651
007922,2022-01-31,2021,8869.0,4409.0,242.0,1107.0,5058.0,322.0,22.5,159.4,675.0,1100.0,14.0,15.0,5651
007922,2023-01-31,2022,8745.0,4382.0,258.0,1036.0,4821.0,687.0,19.54,160.1,0.0,0.0,29.0,78.0,5651
007922,2024-01-31,2023,8444.0,3989.0,490.0,1121.0,4536.0,628.0,18.15,162.4,0.0,0.0,20.0,1.0,5651
007923,2017-12-31,2017,35711.0,9416.0,700.0,4490.0,30330.0,690.0,144.9,284.157,290.0,702.0,89.0,1012.0,4011
007923,2018-12-31,2018,36239.0,10840.0,585.0,4983.0,31091.0,446.0,149.54,268.098,2023.0,750.0,40.0,2781.0,4011
007923,2019-12-31,2019,37923.0,12601.0,413.0,5095.0,32153.0,580.0,194.13,257.905,2192.0,1188.0,27.0,2099.0,4011
007923,2020-12-31,2020,37962.0,12980.0,668.0,4614.0,31778.0,1115.0,237.61,252.095,784.0,381.0,69.0,1439.0,4011
007923,2021-12-31,2021,38493.0,14152.0,635.0,5546.0,32064.0,839.0,297.71,240.163,1676.0,584.0,17.0,3390.0,4011
007923,2022-12-31,2022,38885.0,15329.0,797.0,5954.0,32563.0,456.0,246.42,228.076,1832.0,553.0,,3114.0,4011
007923,2023-12-31,2023,41652.0,17996.0,109.0,5222.0,33716.0,1568.0,236.38,225.681,3293.0,1334.0,3.0,622.0,4011
007985,2017-12-31,2017,34917.0,14399.0,867.0,3774.0,4225.0,11225.0,306.91,174.086,8245.0,13.0,0.0,485.0,3812
007985,2018-12-31,2018,37653.0,13883.0,715.0,4609.0,6372.0,1579.0,244.9,170.607,0.0,2596.0,0.0,1348.0,3812
007985,2019-12-31,2019,41089.0,14078.0,1370.0,4987.0,8423.0,2245.0,343.97,167.848,0.0,531.0,0.0,809.0,3812
007985,2020-12-31,2020,44469.0,15604.0,1005.0,5332.0,8604.0,4907.0,304.72,166.717,2239.0,1105.0,0.0,556.0,3812
007985,2021-12-31,2021,42579.0,14367.0,290.0,4910.0,9549.0,3530.0,387.07,156.284,0.0,2236.0,0.0,3739.0,3812
007985,2022-12-31,2022,43755.0,13629.0,1371.0,4943.0,10611.0,2577.0,545.61,153.158,0.0,0.0,0.0,1554.0,3812
007985,2023-12-31,2023,46544.0,15678.0,370.0,3875.0,11471.0,3109.0,468.14,150.109,1995.0,1050.0,0.0,1552.0,3812
008030,2017-12-31,2017,15841.258,3242.242,552.833,2631.437,5093.147,999.104,63.58,317.969,0.0,600.0,11.145,104.712,3312
008030,2018-12-31,2018,17920.588,4233.276,57.87,4106.223,5334.748,1398.886,51.81,305.591,995.71,500.0,24.101,876.12,3312
008030,2019-12-31,2019,18344.666,4366.178,109.355,2668.79,6269.678,1834.645,56.28,301.812,0.0,0.0,16.145,323.588,3312
008030,2020-12-31,2020,20125.394,5347.525,88.777,2416.575,6992.998,3047.675,53.19,302.245,1237.635,97.15,11.846,58.601,3312
008030,2021-12-31,2021,25823.072,5035.571,743.999,10183.368,8207.136,2617.863,114.15,272.412,196.99,0.0,145.255,3349.348,3312
008030,2022-12-31,2022,32479.21,6695.142,101.284,11567.736,9718.419,4857.798,131.81,253.493,2091.934,1111.0,22.852,2826.647,3312
008030,2023-12-31,2023,35340.499,6730.546,218.718,7398.657,11152.645,7130.777,174.04,244.902,0.0,10.0,11.731,1603.251,3312
008068,2017-12-31,2017,42026.0,9328.0,500.0,4700.0,31174.0,1725.0,73.66,765.105,0.0,0.0,28.0,25.0,1311
008068,2018-12-31,2018,43854.0,10201.0,116.0,8636.0,31437.0,3211.0,61.38,749.39,978.0,500.0,33.0,1248.0,1311
008068,2019-12-31,2019,109330.0,39391.0,620.0,9894.0,81854.0,3577.0,41.21,894.112,23016.0,7959.0,10028.0,237.0,1311
008068,2020-12-31,2020,80064.0,36386.0,913.0,5492.0,66951.0,2178.0,17.31,931.513,6936.0,8916.0,134.0,12.0,1311
008068,2021-12-31,2021,75036.0,30016.0,372.0,14149.0,60656.0,2788.0,28.99,934.075,0.0,6834.0,31.0,8.0,1311
008068,2022-12-31,2022,72609.0,20327.0,438.0,21862.0,59287.0,1010.0,62.99,899.859,400.0,9884.0,293.0,3099.0,1311
008068,2023-12-31,2023,74008.0,19263.0,1648.0,14363.0,59659.0,1447.0,59.71,879.463,900.0,922.0,135.0,3459.0,1311
008247,2017-12-31,2017,16538.0,4134.0,12.0,2535.0,2824.0,1495.0,116.82,251.174,0.0,588.0,52.0,841.0,2851
008247,2018-12-31,2018,16015.0,4365.0,651.0,2369.0,2805.0,967.0,102.23,235.861,992.0,6.0,15.0,1736.0,2851
008247,2019-12-31,2019,17708.0,5161.0,683.0,2465.0,3765.0,1278.0,133.49,235.68,695.0,660.0,61.0,345.0,2851
008247,2020-12-31,2020,19556.0,5848.0,758.0,2326.0,3974.0,1928.0,144.22,236.686,415.0,517.0,54.0,17.0,2851
008247,2021-12-31,2021,21351.0,7265.0,201.0,2291.0,4333.0,1078.0,172.44,235.907,2091.0,1457.0,47.0,229.0,2851
008247,2022-12-31,2022,20744.0,7139.0,496.0,2274.0,4157.0,1163.0,125.74,235.074,1116.0,302.0,0.0,190.0,2851
008247,2023-12-31,2023,21647.0,6370.0,500.0,2856.0,4476.0,1598.0,149.55,235.211,550.0,1400.0,0.0,86.0,2851
008253,2017-12-31,2017,23440.2,4405.5,4473.9,3400.7,6606.4,3731.8,71.08,351.8,1670.2,1897.1,39.3,0.0,3711
008253,2018-12-31,2018,25482.4,4876.7,5073.8,3929.5,6122.5,4456.3,57.14,346.6,2339.9,1755.3,19.3,354.4,3711
008253,2019-12-31,2019,28361.1,5618.4,5643.2,4282.7,6569.9,5337.2,79.1,346.3,2504.3,1790.0,60.8,110.2,3711
008253,2020-12-31,2020,28260.0,5485.4,5409.2,2809.0,6896.0,4968.6,86.28,346.6,2150.1,1898.5,53.7,42.1,3711
008253,2021-12-31,2021,29301.7,5151.3,5317.5,3344.7,6623.7,4987.7,88.26,347.3,2101.1,2336.7,37.5,1.5,3711
008253,2022-12-31,2022,33275.5,5969.0,5548.1,4685.1,6317.3,6305.1,98.97,348.0,3171.7,2265.8,35.7,2.1,3711
008253,2023-12-31,2023,40823.4,6858.3,7448.3,7370.9,6156.5,9004.3,97.65,523.3,3085.0,2233.2,51.5,3.5,3711
008358,2017-06-30,2017,15489.904,4861.895,1008.465,1832.053,1937.292,924.204,159.82,133.192,2844.962,381.078,2.202,338.078,3490
008358,2018-06-30,2018,15320.087,4318.559,638.466,2428.461,1856.237,855.132,155.85,132.414,5.304,944.629,3.682,381.041,3490
008358,2019-06-30,2019,17576.69,6520.831,587.014,2548.716,1768.287,3370.698,170.01,128.48,2385.577,213.226,2.475,860.052,3490
008358,2020-06-30,2020,19738.189,7748.702,852.856,2576.639,2431.336,756.319,183.27,128.556,1857.955,740.181,2.623,216.049,3490
008358,2021-06-30,2021,20341.2,6675.957,43.017,3028.174,2398.356,772.233,307.11,129.146,1.213,1211.748,4.684,218.818,3490
008358,2022-06-30,2022,25943.943,9856.162,1760.333,3495.039,2256.17,6675.738,246.05,128.451,3598.056,18.737,2.831,460.056,3490
008358,2023-06-30,2023,29964.472,9084.618,3817.896,4240.058,3097.763,483.572,390.04,128.433,2023.4,2340.566,3.476,297.323,3490
008402,2018-05-31,2017,7463.7,0.0,0.0,1425.5,393.5,424.2,65.58,359.0,0.0,0.0,0.0,146.5,8721
008402,2019-05-31,2018,8676.0,796.4,0.0,1558.1,408.7,763.2,85.79,359.3,796.3,0.0,29.5,56.9,8721
008402,2020-05-31,2019,8550.7,893.7,42.3,1670.2,522.2,982.2,72.28,358.8,0.0,0.0,21.3,171.9,8721
008402,2021-05-31,2020,9227.2,889.7,36.3,1657.8,498.8,1083.2,101.14,359.8,0.0,0.0,85.7,155.7,8721
008402,2022-05-31,2021,9635.2,872.5,33.8,2031.8,480.0,1274.2,123.83,359.9,0.0,0.0,22.6,145.2,8721
008402,2023-05-31,2022,10546.4,855.5,30.5,2209.7,457.8,1645.2,104.93,360.5,0.0,0.0,0.0,10.4,8721
008402,2024-05-31,2023,10383.1,847.6,37.9,2371.8,458.6,1550.6,120.16,360.1,0.0,0.0,26.1,169.2,8721
008463,2017-12-31,2017,8633.7,1440.7,0.0,994.2,545.5,113.3,70.62,180.307,,3017.3,37.2,200.0,3561
008463,2018-12-31,2018,3806.5,787.6,0.0,575.9,272.6,74.3,37.78,171.364,39.7,691.1,13.3,500.0,3561
008463,2019-12-31,2019,4139.5,1090.2,19.0,561.1,360.4,82.5,45.87,168.293,651.5,401.5,12.5,150.0,3561
008463,2020-12-31,2020,4197.2,904.7,22.1,560.5,384.8,82.1,53.09,166.064,,191.5,32.9,150.2,3561
008463,2021-12-31,2021,4753.6,956.7,25.6,733.8,394.5,94.5,73.03,165.099,158.9,103.8,22.2,150.0,3561
008463,2022-12-31,2022,6447.5,2369.7,29.3,822.5,423.1,108.9,44.98,164.543,1515.8,88.3,,52.7,3561
008463,2023-12-31,2023,6563.3,2067.4,26.2,900.5,464.0,170.3,72.71,165.335,,332.5,9.6,0.0,3561
008479,2017-12-31,2017,79804.0,33796.0,5485.0,13189.0,17240.0,19510.0,119.92,1420.0,7509.0,4406.0,462.0,2150.0,2080
008479,2018-12-31,2018,77648.0,28295.0,4026.0,12856.0,17589.0,10990.0,110.48,1409.0,0.0,5596.0,281.0,2105.0,2080
008479,2019-12-31,2019,78547.0,30266.0,3362.0,13146.0,20853.0,5738.0,136.67,1391.0,4621.0,4977.0,329.0,3114.0,2080
008479,2020-12-31,2020,92918.0,41603.0,4240.0,13085.0,23039.0,9551.0,148.3,1380.0,13809.0,2930.0,179.0,2096.0,2080
008479,2021-12-31,2021,92377.0,37624.0,4754.0,13938.0,24427.0,5988.0,173.71,1383.0,4122.0,8299.0,185.0,198.0,2080
008479,2022-12-31,2022,92187.0,37590.0,3897.0,14864.0,26664.0,5348.0,180.66,1377.0,3377.0,4174.0,138.0,1607.0,2080
008479,2023-12-31,2023,100495.0,39995.0,7066.0,16628.0,29944.0,10003.0,169.84,1374.0,5482.0,3005.0,116.0,1140.0,2080
008530,2017-12-31,2017,171797.0,33538.0,9953.0,21116.0,13865.0,19992.0,36.22,5979.0,5274.0,6154.0,862.0,5000.0,2834
008530,2018-12-31,2018,159422.0,32909.0,8831.0,21818.0,13385.0,18833.0,43.65,5717.0,4974.0,3566.0,1259.0,12198.0,2834
008530,2019-12-31,2019,167489.0,37003.0,16472.0,20257.0,15280.0,9830.0,39.18,5534.0,4942.0,6806.0,394.0,8864.0,2834
008530,2020-12-31,2020,154229.0,38247.0,3024.0,14064.0,15293.0,12222.0,36.81,5567.0,5222.0,4003.0,425.0,0.0,2834
008530,2021-12-31,2021,181476.0,38705.0,2690.0,28224.0,17722.0,31069.0,59.05,5620.0,997.0,2004.0,0.0,0.0,2834
008530,2022-12-31,2022,197205.0,35482.0,3565.0,43113.0,19276.0,22732.0,51.24,5616.0,0.0,3298.0,0.0,2000.0,2834
008530,2023-12-31,2023,226501.0,64165.0,10877.0,13824.0,21864.0,12690.0,28.79,5646.0,30830.0,2569.0,0.0,0.0,2834
008543,2017-12-31,2017,43202.0,13030.0,864.0,9924.0,1914.0,1278.0,71.41,1901.259,0.0,0.0,0.0,2917.0,2111
008543,2018-12-31,2018,55638.0,11898.0,13848.0,9874.0,1938.0,1390.0,49.39,1874.058,0.0,864.0,0.0,1673.0,2111
008543,2019-12-31,2019,49271.0,27042.0,1000.0,10759.0,1999.0,2117.0,49.91,1857.982,16265.0,1144.0,0.0,845.0,2111
008543,2020-12-31,2020,47414.0,27971.0,1500.0,11611.0,2012.0,4946.0,41.0,1858.419,1993.0,1000.0,0.0,0.0,2111
008543,2021-12-31,2021,39523.0,26939.0,1105.0,11924.0,1553.0,4544.0,47.39,1823.176,5472.0,6542.0,0.0,1675.0,2111
008543,2022-12-31,2022,36954.0,25124.0,1556.0,12177.0,1608.0,4045.0,45.71,1785.534,0.0,1105.0,0.0,1825.0,2111
008543,2023-12-31,2023,38570.0,25112.0,1121.0,11899.0,1652.0,3691.0,40.34,1763.462,998.0,1566.0,0.0,1000.0,2111
008549,2017-12-31,2017,73362.0,17128.0,2575.0,9329.0,45683.0,10097.0,54.89,1177.107,0.0,7876.0,-63.0,3000.0,1311
008549,2018-12-31,2018,69980.0,14856.0,112.0,15188.0,45698.0,7625.0,62.35,1138.349,0.0,4995.0,121.0,2999.0,1311
008549,2019-12-31,2019,70514.0,15375.0,452.0,13372.0,43165.0,10317.0,65.03,1084.868,0.0,80.0,-30.0,3500.0,1311
008549,2020-12-31,2020,62618.0,15309.0,845.0,4589.0,40676.0,7950.0,39.99,1068.042,300.0,254.0,-5.0,892.0,1311
008549,2021-12-31,2021,90661.0,19213.0,1388.0,19783.0,65560.0,6743.0,72.18,1302.243,0.0,505.0,145.0,3623.0,1311
008549,2022-12-31,2022,93829.0,16616.0,572.0,33083.0,65402.0,9243.0,118.0,1223.856,2897.0,6267.0,362.0,9270.0,1311
008549,2023-12-31,2023,95924.0,18367.0,1267.0,23349.0,70735.0,6606.0,116.07,1178.102,3787.0,1379.0,-52.0,5400.0,1311
008551,2018-01-31,2017,11885.7,3061.3,19.5,1136.3,899.8,493.9,155.08,77.179,701.6,970.9,30.0,259.1,2300
008551,2019-01-31,2018,11863.7,2819.4,12.8,1242.9,984.5,452.0,109.11,75.403,0.0,155.4,20.4,325.2,2300
008551,2020-01-31,2019,13631.0,4235.8,431.5,1171.6,2702.6,503.4,87.17,72.293,1639.8,1725.4,2.5,345.1,2300
008551,2021-01-31,2020,13293.5,4952.3,467.8,255.9,2507.5,1651.4,85.26,71.159,679.7,19.9,3.9,117.3,2300
008551,2022-01-31,2021,12396.8,3537.2,425.0,1245.2,2255.1,1242.5,95.01,68.535,0.0,1056.5,26.7,361.3,2300
008551,2023-01-31,2022,11768.3,3324.3,516.3,1096.2,2199.7,551.4,89.9,62.709,456.4,492.5,0.0,418.6,2300
008551,2024-01-31,2023,11172.9,2673.1,870.5,1166.7,2076.4,708.4,120.26,57.633,0.0,116.5,17.9,570.3,2300
008762,2017-06-30,2017,120406.0,18038.0,13554.0,17505.0,19893.0,15137.0,87.15,2553.297,3603.0,4931.0,,5204.0,2840
008762,2018-06-30,2018,118310.0,20863.0,10423.0,17615.0,20600.0,11850.0,78.06,2498.093,5072.0,2873.0,,7004.0,2840
008762,2019-06-30,2019,115095.0,20395.0,9697.0,17390.0,21271.0,10287.0,109.65,2504.751,2367.0,969.0,,5003.0,2840
008762,2020-06-30,2020,120700.0,24189.0,11422.0,19488.0,21542.0,16181.0,119.57,2479.746,4951.0,2447.0,,7405.0,2840
008762,2021-06-30,2021,119307.0,23730.0,9108.0,21031.0,22494.0,10288.0,134.93,2429.706,4417.0,4987.0,,11009.0,2840
008762,2022-06-30,2022,117208.0,23443.0,8850.0,20869.0,21955.0,7214.0,143.79,2393.877,4385.0,2343.0,,10003.0,2840
008762,2023-06-30,2023,120829.0,24973.0,10451.0,21168.0,22690.0,8246.0,151.74,2362.12,3997.0,1878.0,,7353.0,2840
008823,2017-12-31,2017,9686.649,3005.606,439.165,1002.397,70.706,306.168,33.25,286.752,2720.0,2854.747,27.72,916.323,1531
008823,2018-12-31,2018,10172.976,3003.441,373.037,1380.026,92.935,1133.7,25.99,277.11,1566.0,1656.939,6.555,302.473,1531
008823,2019-12-31,2019,10715.597,2835.121,347.9,1402.352,181.742,1251.456,38.8,270.235,0.0,309.985,6.399,285.783,1531
008823,2020-12-31,2020,12205.498,2392.071,863.417,1811.044,203.017,2632.235,43.12,266.464,700.0,765.267,0.111,185.529,1531
008823,2021-12-31,2021,13352.631,2113.054,634.775,2614.892,223.466,1833.565,57.16,249.326,0.0,836.893,0.011,908.145,1531
008823,2022-12-31,2022,14796.515,2114.769,607.552,3449.517,273.747,1094.553,45.53,225.84,0.0,4.856,0.0,1088.999,1531
008823,2023-12-31,2023,16087.05,2005.661,547.738,3453.617,298.888,1849.177,103.22,212.558,0.0,123.29,0.0,1011.991,1531
008972,2017-12-31,2017,30860.0,4750.0,300.0,3868.0,2439.0,3400.0,187.85,288.4,0.0,629.0,0.0,885.0,3812
008972,2018-12-31,2018,31864.0,4755.0,300.0,5098.0,2840.0,3608.0,153.35,282.1,0.0,0.0,0.0,1418.0,3812
008972,2019-12-31,2019,34566.0,3967.0,1712.0,5409.0,4228.0,4292.0,219.74,278.4,0.0,0.0,0.0,869.0,3812
009203,2017-09-30,2017,7161.7,1243.4,600.4,1201.6,583.9,2535.5,178.21,128.4,0.0,0.0,181.9,342.6,3620
009203,2018-09-30,2018,6262.0,1225.2,551.0,1437.8,576.8,909.7,187.52,121.1,0.0,250.0,81.8,1482.3,3620
009203,2019-09-30,2019,6113.0,1956.4,300.5,1513.8,571.9,1058.0,164.8,115.7,987.6,0.0,47.4,1009.0,3620
009203,2020-09-30,2020,7264.7,2249.4,114.3,1288.1,917.3,705.2,220.68,116.2,0.0,300.7,214.4,264.2,3620
009203,2021-09-30,2021,10701.6,3778.2,605.2,1407.5,959.6,662.8,294.04,116.0,1485.6,0.0,154.6,299.7,3620
009203,2022-09-30,2022,10758.7,3131.3,1061.2,1574.2,907.5,511.9,215.11,115.2,0.0,0.0,57.9,301.3,3620
009203,2023-09-30,2023,11304.0,3148.2,186.7,1943.7,1033.6,1081.0,285.87,114.8,0.0,599.8,88.5,311.5,3620
009248,2018-01-31,2017,5722.051,311.994,84.973,2361.559,2382.464,1302.653,82.39,379.618,0.0,0.0,18.468,920.433,5651
009248,2019-01-31,2018,6073.691,312.44,0.0,2371.071,2475.201,1424.714,92.12,368.242,0.0,85.0,20.112,1129.384,5651
009248,2020-01-31,2019,9348.367,2923.419,564.481,2497.074,5707.218,1361.44,112.19,356.775,0.0,0.0,22.209,1335.665,5651
009248,2021-01-31,2020,12717.867,5069.769,663.03,932.908,5795.315,4905.004,111.29,356.503,2965.115,775.009,23.534,177.689,5651
009248,2022-01-31,2021,13640.256,4991.622,630.517,2693.532,5925.799,4933.768,97.75,351.72,0.0,65.0,25.069,707.342,5651
009248,2023-01-31,2022,13416.463,5050.471,655.976,2384.986,6279.661,4564.553,118.19,342.753,0.0,0.0,24.702,998.851,5651
009248,2024-01-31,2023,14300.109,4814.366,933.338,2727.095,6658.742,4886.935,140.28,335.172,0.0,0.0,24.9,998.564,5651
009465,2017-12-31,2017,71987.0,14875.0,3324.0,6263.0,12303.0,5089.0,67.39,1383.933,2371.0,2961.0,297.0,969.0,1389
009465,2018-12-31,2018,70507.0,15869.0,1958.0,6190.0,14080.0,2777.0,36.08,1382.964,898.0,2861.0,261.0,400.0,1389
009465,2019-12-31,2019,56312.0,15687.0,1018.0,5888.0,11138.0,2167.0,40.2,1384.515,4004.0,4799.0,219.0,278.0,1389
009465,2020-12-31,2020,42434.0,16799.0,1098.0,3801.0,7943.0,3006.0,21.83,1392.326,5837.0,5163.0,146.0,26.0,1389
009465,2021-12-31,2021,41511.0,13914.0,1095.0,4885.0,8922.0,3139.0,29.95,1403.382,34.0,2076.0,137.0,0.0,1389
009465,2022-12-31,2022,43135.0,11133.0,1792.0,6298.0,9309.0,2894.0,53.46,1420.188,0.0,1650.0,223.0,93.0,1389
009465,2023-12-31,2023,47957.0,11451.0,1324.0,7901.0,10220.0,3989.0,52.04,1427.395,994.0,1578.0,281.0,863.0,1389
009555,2017-12-31,2017,5280.3,3230.5,27.5,796.8,998.4,594.0,49.3,168.596,0.0,369.5,0.0,1324.2,3081
009555,2018-12-31,2018,5050.2,3236.5,237.7,856.6,1036.2,271.7,34.84,155.654,0.0,1.6,0.0,590.5,3081
009555,2019-12-31,2019,5765.2,3764.3,141.8,893.9,1271.8,275.6,39.83,154.513,894.9,434.3,0.0,78.1,3081
009555,2020-12-31,2020,6083.8,3784.6,53.8,1008.7,1301.4,548.7,45.79,154.89,0.0,17.2,0.0,44.6,3081
009555,2021-12-31,2021,6229.3,3264.1,509.7,1073.0,1326.5,561.0,67.47,148.099,601.5,620.9,0.0,417.9,3081
009555,2022-12-31,2022,6214.7,3287.5,464.6,1150.4,1369.4,456.1,49.88,144.672,423.3,435.0,0.0,306.8,3081
009555,2023-12-31,2023,7200.6,4580.6,205.6,1075.0,1524.0,346.1,36.52,144.468,1833.4,967.4,0.0,101.7,3081
009667,2017-12-31,2017,19958.427,9885.745,634.91,2522.393,1877.115,204.213,410.04,93.884,8275.169,1852.812,143.579,0.0,2851
009667,2018-12-31,2018,19134.279,8708.057,635.594,3147.351,1776.839,155.505,393.46,93.117,225.345,852.627,90.745,613.312,2851
009667,2019-12-31,2019,20496.2,9421.4,1006.1,3023.3,3520.8,161.8,583.54,92.145,1340.0,1889.4,154.6,778.8,2851
009667,2020-12-31,2020,20401.6,9701.0,412.5,3472.7,3595.6,226.6,734.91,89.559,999.0,1204.7,365.1,2446.3,2851
009667,2021-12-31,2021,20666.7,10061.6,1433.8,3233.3,3687.9,165.7,352.16,261.144,994.8,422.9,204.5,2752.3,2851
009667,2022-12-31,2022,22594.0,11290.9,1424.0,3574.6,4073.8,198.8,237.33,258.876,1207.0,260.3,89.3,883.2,2851
009667,2023-12-31,2023,22954.4,10363.3,1962.2,4330.5,4724.2,276.8,311.9,254.543,306.5,136.4,111.6,1432.0,2851
009771,2017-12-31,2017,3197.3,402.9,7.5,590.6,528.9,820.0,61.28,171.663,86.5,0.0,,140.0,3630
009771,2018-12-31,2018,3071.5,221.4,0.0,623.6,540.0,645.0,42.7,168.159,,189.0,0.9,202.6,3630
009771,2019-12-31,2019,3058.0,315.9,18.8,543.4,592.3,551.4,47.64,162.372,62.6,,,288.2,3630
009771,2020-12-31,2020,3160.7,140.8,17.9,527.9,582.9,689.6,54.82,161.77,,170.8,11.4,56.7,3630
009771,2021-12-31,2021,3474.4,212.2,18.5,687.4,639.2,631.4,85.85,157.653,83.5,,32.1,366.5,3630
009771,2022-12-31,2022,3332.3,356.9,19.9,728.4,620.5,481.8,57.24,151.179,150.6,,,404.2,3630
009771,2023-12-31,2023,3213.9,145.2,21.6,835.7,634.8,363.4,82.44,147.195,,218.1,23.4,306.5,3630
009777,2018-04-30,2017,15301.2,4688.0,144.0,1681.2,1729.1,203.5,114.08,113.573,799.6,1050.3,0.0,7.0,2033
009777,2019-04-30,2018,16711.3,4686.3,1224.5,1611.9,1912.4,142.0,122.63,113.742,1500.0,700.0,0.0,5.4,2033
009777,2020-04-30,2019,16970.4,5496.8,286.7,1749.9,2117.8,434.3,114.91,114.073,798.2,900.0,7.1,4.2,2033
009777,2021-04-30,2020,16284.2,3632.1,1277.8,1837.5,2143.5,345.1,130.99,108.339,0.0,700.0,4.5,678.4,2033
009777,2022-04-30,2021,16055.0,4389.3,221.5,1595.3,2238.2,224.5,136.93,106.458,797.6,1157.0,16.3,270.4,2033
009777,2023-04-30,2022,14991.4,4393.6,34.4,1576.3,2342.5,1160.6,154.41,104.399,0.0,0.0,21.6,367.5,2033
009777,2024-04-30,2023,20273.7,6925.5,1633.6,1919.1,3247.3,63.9,114.85,106.194,4285.0,1791.0,3.2,372.8,2033
009778,2017-12-31,2017,5249.1,767.3,436.4,1021.1,484.4,92.0,174.3,56.69,297.8,150.0,46.2,287.9,3420
009778,2018-12-31,2018,5373.1,958.1,216.3,1045.9,495.1,140.9,145.29,55.611,395.4,457.8,55.5,284.1,3420
009778,2019-12-31,2019,5693.5,994.4,225.2,1043.1,577.1,184.5,169.4,54.65,0.0,0.0,51.4,238.4,3420
009778,2020-12-31,2020,6557.3,1223.5,290.5,1001.6,578.1,923.4,171.14,54.102,489.9,0.0,55.8,174.3,3420
009778,2021-12-31,2021,6759.7,1221.6,39.4,1228.3,570.1,780.0,215.38,53.43,0.0,250.0,162.4,431.3,3420
009778,2022-12-31,2022,6972.8,1230.4,38.6,1307.4,574.1,757.2,228.49,53.003,0.0,0.0,55.0,198.1,3420
009778,2023-12-31,2023,7544.9,1240.3,41.0,1409.7,614.0,1001.5,288.84,52.694,0.0,0.0,113.6,294.7,3420
009882,2017-12-31,2017,25110.0,3320.0,348.0,4899.0,18539.0,3273.0,65.45,588.551,600.0,592.0,29.0,1600.0,4512
009882,2018-12-31,2018,26243.0,2771.0,606.0,4407.0,19525.0,3689.0,46.48,552.603,0.0,342.0,35.0,2000.0,4512
009882,2019-12-31,2019,25895.0,2824.0,1172.0,4300.0,18374.0,4072.0,53.98,519.064,0.0,615.0,40.0,2000.0,4512
009882,2020-12-31,2020,34588.0,11673.0,526.0,-3718.0,17723.0,13334.0,46.61,590.474,13621.0,5522.0,2342.0,451.0,4512
009882,2021-12-31,2021,36320.0,11589.0,692.0,33.0,16432.0,15504.0,42.84,592.12,1136.0,905.0,51.0,0.0,4512
009882,2022-12-31,2022,35369.0,9164.0,267.0,2778.0,18736.0,12292.0,33.67,594.0,0.0,3085.0,45.0,0.0,4512
009882,2023-12-31,2023,36487.0,8963.0,237.0,2387.0,20598.0,11474.0,28.88,596.513,0.0,85.0,48.0,0.0,4512
009899,2017-12-31,2017,444097.0,125972.0,38374.0,49361.0,125222.0,50499.0,38.88,6139.425,48793.0,12339.0,33.0,463.0,4812
009899,2018-12-31,2018,531864.0,166250.0,10255.0,56574.0,131473.0,5273.0,28.54,7281.629,41875.0,52643.0,745.0,609.0,4812
009899,2019-12-31,2019,551669.0,173113.0,15289.0,59286.0,154167.0,12253.0,39.08,7254.555,17039.0,27592.0,1795.0,2417.0,4812
009899,2020-12-31,2020,525761.0,175977.0,7007.0,55396.0,152029.0,9778.0,28.76,7125.922,31988.0,39964.0,3974.0,5498.0,4812
009899,2021-12-31,2021,551622.0,174081.0,29581.0,51469.0,150084.0,21213.0,24.6,7141.064,11272.0,3142.0,96.0,202.0,4812
009899,2022-12-31,2022,402853.0,147082.0,11144.0,41465.0,149259.0,3740.0,18.41,7127.592,2979.0,26329.0,28.0,890.0,4812
009899,2023-12-31,2023,407060.0,145422.0,13001.0,43529.0,149394.0,6804.0,16.78,7150.064,10004.0,12044.0,3.0,194.0,4812
010016,2017-12-31,2017,19079.9,2843.0,988.7,2179.3,1742.5,637.5,169.69,154.038,0.0,0.0,816.8,28.7,3540
010016,2018-12-31,2018,19408.0,3819.8,378.6,2183.3,1915.2,311.4,119.74,151.303,990.0,977.5,38.5,527.1,3540
010016,2019-12-31,2019,20596.6,3572.0,481.7,2316.5,2494.9,314.6,165.74,153.506,496.2,1150.0,881.0,27.5,3540
010016,2020-12-31,2020,23566.3,4641.0,140.3,2502.1,2576.6,1398.3,178.56,160.752,2222.5,1154.3,897.0,26.2,3540
010016,2021-12-31,2021,28180.0,4681.2,2361.3,2529.2,2780.4,149.9,188.62,163.329,0.0,1.5,131.4,784.3,3540
010016,2022-12-31,2022,24963.3,5679.3,2218.2,1591.5,2784.6,404.9,75.12,152.984,3492.6,2500.0,788.7,3073.0,3540
010016,2023-12-31,2023,23663.8,6479.9,1203.6,1340.6,2672.8,454.0,98.1,153.62,745.3,0.0,19.0,16.1,3540
010115,2017-12-31,2017,22197.0,6590.0,632.0,3402.0,1975.0,2793.0,154.84,374.4,1232.0,933.0,0.0,325.0,3842
010115,2018-12-31,2018,27229.0,8486.0,1373.0,3823.0,2291.0,3699.0,156.75,374.4,3126.0,669.0,0.0,420.0,3842
010115,2019-12-31,2019,30167.0,10532.0,945.0,4222.0,2951.0,4425.0,209.94,374.5,2642.0,1342.0,0.0,443.0,3842
010115,2020-12-31,2020,34330.0,13555.0,870.0,3839.0,3175.0,3024.0,245.04,376.1,3292.0,2297.0,0.0,110.0,3842
010115,2021-12-31,2021,34631.0,12782.0,119.0,4753.0,3252.0,3019.0,267.42,377.5,5.0,1151.0,0.0,114.0,3842
010115,2022-12-31,2022,36884.0,12214.0,1312.0,4755.0,3443.0,1928.0,244.49,378.7,1500.0,653.0,0.0,122.0,3842
010115,2023-12-31,2023,39912.0,11257.0,2237.0,5348.0,3709.0,3053.0,299.46,380.1,1241.0,2058.0,0.0,155.0,3841
010247,2017-06-30,2017,17756.655,7660.877,534.013,3017.252,4377.302,869.502,50.33,530.039,873.534,143.664,204.805,1886.121,5140
010247,2018-06-30,2018,18070.404,7540.765,786.505,3200.13,4521.66,552.325,68.29,520.642,1000.599,953.498,268.751,978.901,5140
010247,2019-06-30,2019,17966.522,8122.058,41.279,3366.352,4501.705,525.466,70.72,512.877,520.28,790.25,253.135,1022.033,5140
010247,2020-06-30,2020,22628.266,13425.981,1651.561,2373.302,5062.183,6077.66,54.66,508.259,7400.219,1119.232,227.602,844.699,5140
010247,2021-06-30,2021,21413.539,11222.665,597.582,2124.983,5035.226,3018.693,77.75,511.832,1.484,2829.317,130.374,,5140
010247,2022-06-30,2022,22085.688,10703.348,686.301,3300.13,5179.717,873.069,84.71,508.643,1248.207,1890.253,128.167,499.825,5140
010247,2023-06-30,2023,22821.145,11004.266,161.601,3880.618,5646.815,757.968,74.2,505.112,248.977,829.828,79.171,500.093,5140
010466,2017-12-31,2017,28573.0,7668.0,17.0,2461.0,14742.0,543.0,114.34,153.286,5052.0,6372.0,4.0,726.0,2911
010499,2017-12-31,2017,17642.0,3577.0,500.0,6998.0,2664.0,4469.0,104.44,983.159,1099.0,625.0,483.0,2556.0,3674
010499,2018-12-31,2018,17137.0,4319.0,749.0,7670.0,3183.0,4233.0,94.5,945.15,1500.0,500.0,373.0,5100.0,3674
010499,2019-12-31,2019,18018.0,5562.0,573.0,6737.0,3640.0,5387.0,128.29,932.032,1491.0,750.0,539.0,2960.0,3674
010499,2020-12-31,2020,19351.0,6497.0,622.0,6910.0,3588.0,6568.0,164.13,919.354,1498.0,500.0,470.0,2553.0,3674
010499,2021-12-31,2021,24676.0,7624.0,582.0,9864.0,5606.0,9739.0,188.47,924.0,1495.0,550.0,377.0,527.0,3674
010499,2022-12-31,2022,27207.0,8579.0,575.0,11119.0,7307.0,9067.0,165.22,906.0,1494.0,500.0,241.0,3615.0,3674
010499,2023-12-31,2023,32348.0,11102.0,687.0,8569.0,10578.0,8575.0,170.46,909.0,3000.0,500.0,263.0,293.0,3674
010519,2017-12-31,2017,15340.0,3876.0,36.0,1497.0,2721.0,1262.0,56.59,261.471,1036.0,841.0,52.0,582.0,3721
010519,2018-12-31,2018,14264.0,3359.0,425.0,1527.0,2615.0,1107.0,45.99,235.621,0.0,131.0,74.0,1783.0,3721
010519,2019-12-31,2019,15018.0,3332.0,759.0,1459.0,2804.0,1357.0,44.6,227.956,301.0,303.0,24.0,503.0,3721
010519,2020-12-31,2020,15443.0,4153.0,569.0,1088.0,2865.0,2254.0,48.33,226.444,1514.0,970.0,22.0,183.0,3721
010519,2021-12-31,2021,15827.0,3823.0,325.0,1240.0,2912.0,2117.0,77.2,216.935,0.0,621.0,116.0,921.0,3721
010519,2022-12-31,2022,16293.0,3863.0,74.0,1275.0,2895.0,2035.0,70.8,206.161,0.0,234.0,44.0,867.0,3721
010519,2023-12-31,2023,16856.0,3835.0,420.0,1445.0,2848.0,2181.0,80.42,192.898,348.0,44.0,73.0,1168.0,3721
010530,2017-12-31,2017,56669.0,18873.0,2135.0,5294.0,4047.0,1361.0,189.88,401.315,6459.0,3299.0,1818.0,750.0,3826
010530,2018-12-31,2018,56232.0,17719.0,1271.0,6184.0,4165.0,2117.0,223.79,402.122,690.0,2052.0,136.0,500.0,3826
010530,2019-12-31,2019,58381.0,17647.0,843.0,6536.0,5448.0,2420.0,324.87,398.74,5638.0,6360.0,153.0,1500.0,3826
010530,2020-12-31,2020,69052.0,19733.0,2812.0,10207.0,6687.0,10335.0,465.78,396.671,3464.0,713.0,196.0,1500.0,3826
010530,2021-12-31,2021,95123.0,33536.0,2803.0,12936.0,9864.0,4490.0,667.24,394.435,18137.0,11738.0,156.0,2000.0,3826
010530,2022-12-31,2022,97154.0,30222.0,5851.0,11971.0,10873.0,8536.0,550.69,390.511,3193.0,375.0,0.0,3000.0,3826
010530,2023-12-31,2023,98726.0,32552.0,3872.0,10878.0,11004.0,8083.0,530.79,386.648,5942.0,5782.0,0.0,3000.0,3826
010631,2017-12-31,2017,6331.689,2628.002,565.812,1103.833,325.218,450.357,79.09,180.903,200.0,421.306,21.832,284.237,7389
010631,2018-12-31,2018,7468.709,3889.541,29.125,1259.767,383.074,471.156,81.29,180.586,3477.0,2812.366,31.177,172.966,7389
010793,2017-09-30,2017,28066.0,9297.0,906.0,4079.0,5568.0,321.0,70.45,367.607,7254.0,5269.0,154.0,860.0,2011
010793,2018-09-30,2018,29109.0,7962.0,1911.0,4249.0,6169.0,271.0,59.53,366.0,2903.0,3062.0,102.0,427.0,2011
010793,2019-09-30,2019,33097.0,9830.0,2102.0,4063.0,7282.0,485.0,86.14,366.0,5769.0,4273.0,99.0,252.0,2011
010793,2020-09-30,2020,34456.0,11159.0,709.0,4804.0,8128.0,1420.0,59.48,365.0,2819.0,2492.0,30.0,207.0,2011
010793,2021-09-30,2021,36309.0,8649.0,1222.0,5818.0,8368.0,2634.0,78.94,365.0,585.0,2632.0,41.0,67.0,2011
010793,2022-09-30,2022,36821.0,8212.0,604.0,5605.0,9192.0,1032.0,65.93,360.0,103.0,1191.0,126.0,702.0,2011
010793,2023-09-30,2023,36251.0,7987.0,2048.0,2129.0,10178.0,588.0,50.49,356.0,1130.0,603.0,11.0,354.0,2011
010795,2017-12-31,2017,42326.0,12699.0,1693.0,5823.0,26208.0,3816.0,67.4,286.973,2765.0,1025.0,2.0,1844.0,4512
010795,2018-12-31,2018,44792.0,13349.0,1379.0,6019.0,28329.0,3950.0,83.73,269.915,1740.0,1861.0,0.0,1235.0,4512
010795,2019-12-31,2019,52611.0,18311.0,2139.0,6835.0,34928.0,4944.0,88.09,251.216,1847.0,1391.0,0.0,1645.0,4512
010795,2020-12-31,2020,59548.0,31186.0,2705.0,-6487.0,36003.0,11938.0,43.25,311.845,16044.0,4449.0,2103.0,353.0,4512
010795,2021-12-31,2021,68175.0,36595.0,4468.0,-2144.0,36719.0,18443.0,43.78,323.811,11096.0,5205.0,532.0,0.0,4512
010795,2022-12-31,2022,67358.0,33701.0,3599.0,4933.0,38337.0,16459.0,37.7,326.93,736.0,4011.0,0.0,0.0,4512
010795,2023-12-31,2023,71104.0,31916.0,4823.0,7831.0,43729.0,14419.0,41.26,328.019,2388.0,4248.0,0.0,0.0,4512
010867,2017-12-31,2017,57806.0,16144.0,800.0,10252.0,51605.0,1365.0,134.1,780.918,2735.0,840.0,0.0,4013.0,4011
010867,2018-12-31,2018,59147.0,20925.0,1466.0,10733.0,52679.0,1375.0,138.23,725.057,6892.0,1736.0,0.0,8225.0,4011
010867,2019-12-31,2019,61673.0,25414.0,1619.0,10715.0,55728.0,904.0,180.79,692.101,3986.0,1204.0,0.0,5804.0,4011
010867,2020-12-31,2020,62398.0,26943.0,1390.0,10322.0,55771.0,1866.0,208.22,671.351,4004.0,2381.0,0.0,3705.0,4011
010867,2021-12-31,2021,63525.0,28992.0,2496.0,11540.0,56658.0,1025.0,251.93,638.842,4201.0,1569.0,0.0,7291.0,4011
010867,2022-12-31,2022,65449.0,32948.0,2009.0,12255.0,57710.0,1029.0,207.07,612.393,6080.0,2291.0,0.0,6282.0,4011
010867,2023-12-31,2023,67132.0,32401.0,1778.0,11467.0,59041.0,1081.0,245.62,609.704,1599.0,2190.0,0.0,705.0,4011
010920,2017-12-31,2017,45403.0,20278.0,4011.0,9791.0,22118.0,4069.0,119.15,859.0,12016.0,3939.0,247.0,1813.0,4210
010920,2018-12-31,2018,50016.0,19931.0,2805.0,9591.0,26576.0,5035.0,97.53,858.0,1202.0,2887.0,240.0,1011.0,4210
010920,2019-12-31,2019,57857.0,24209.0,3958.0,10510.0,33338.0,5741.0,117.06,856.6,5205.0,3096.0,218.0,1004.0,4210
010920,2020-12-31,2020,62408.0,24571.0,3183.0,11550.0,35327.0,6316.0,168.4,864.6,5003.0,3392.0,285.0,224.0,4210
010920,2021-12-31,2021,69405.0,22817.0,2711.0,16168.0,37037.0,10593.0,214.34,869.7,0.0,2773.0,251.0,500.0,4210
010920,2022-12-31,2022,71124.0,20559.0,2962.0,17066.0,38474.0,7595.0,173.84,858.8,0.0,2304.0,262.0,3500.0,4210
010920,2023-12-31,2023,70857.0,22672.0,4057.0,13251.0,41253.0,6072.0,157.23,852.8,3429.0,2429.0,248.0,2250.0,4210
010983,2017-12-31,2017,96920.0,24989.0,2496.0,9740.0,10186.0,8985.0,127.57,799.13,4954.0,1604.0,31.0,1453.0,3724
010983,2018-12-31,2018,134211.0,41192.0,4345.0,9760.0,12297.0,6152.0,106.48,861.482,13455.0,2520.0,36.0,325.0,3724
010983,2019-12-31,2019,139716.0,39932.0,6404.0,12504.0,15409.0,7378.0,149.76,864.366,88.0,2830.0,27.0,151.0,3724
010983,2020-12-31,2020,162153.0,32542.0,1279.0,5146.0,16842.0,8802.0,71.51,1519.439,2004.0,16082.0,15.0,47.0,3724
010983,2021-12-31,2021,161404.0,32984.0,569.0,8962.0,16930.0,7832.0,86.06,1493.28,4062.0,4254.0,7.0,2327.0,3724
010983,2022-12-31,2022,158864.0,32280.0,1576.0,9199.0,16999.0,6220.0,100.92,1466.24,1.0,3.0,0.0,2803.0,3724
010983,2023-12-31,2023,161869.0,43767.0,1820.0,10064.0,17386.0,6587.0,84.14,1326.907,22914.0,10578.0,0.0,12870.0,3724
011032,2017-12-31,2017,10761.828,3494.39,545.619,1734.343,4571.837,74.423,113.35,94.227,41.1,143.106,10.254,364.401,8062
011032,2018-12-31,2018,11265.48,3935.187,63.446,1681.617,4847.94,105.22,116.56,91.35,791.247,830.496,10.196,397.425,8062
011032,2019-12-31,2019,11668.25,4166.653,143.992,1803.931,5343.216,61.268,143.46,86.706,39.22,57.142,10.806,770.504,8062
011032,2020-12-31,2020,13476.879,3802.556,391.794,1457.212,5709.637,1224.49,137.5,85.063,801.599,962.567,12.318,206.719,8062
011032,2021-12-31,2021,13093.543,4446.503,112.893,1910.698,6241.752,115.301,129.66,77.091,3254.974,3037.868,13.372,1220.875,8062
011032,2022-12-31,2022,13494.188,5122.055,149.223,1642.966,6373.108,102.818,140.89,70.629,705.321,89.367,14.068,832.918,8062
011032,2023-12-31,2023,13967.602,5168.342,198.286,1743.422,6558.491,119.439,152.44,67.182,185.1,85.48,13.654,547.363,8062
011060,2017-12-31,2017,9958.502,2187.789,735.549,1831.452,1002.7,566.075,74.0,395.822,0.0,254.314,89.893,1200.356,2320
011060,2019-03-31,2018,10356.785,2115.884,670.318,2317.107,1057.268,546.656,86.91,396.825,0.0,6.264,199.296,150.676,2320
011060,2020-03-31,2019,11133.251,3628.92,1582.408,1612.751,2227.92,1371.076,54.08,388.812,1076.632,649.054,155.39,1000.007,2320
011060,2021-03-31,2020,13754.029,6945.61,416.079,1068.823,2450.31,1415.754,79.92,391.941,2996.09,1.664,54.438,0.0,2300
011060,2022-03-31,2021,13342.208,5608.02,1190.461,1836.281,2288.833,1277.052,56.86,388.298,0.0,504.2,36.654,350.004,2300
011060,2023-03-31,2022,13990.488,6882.955,1268.018,1473.126,2314.622,816.192,22.91,388.666,2058.341,501.051,,2.794,2300
011060,2024-03-31,2023,11612.963,5859.142,1574.103,1011.285,2154.247,687.597,15.34,388.836,,908.199,,2.846,2300
011115,2017-09-30,2017,3179.4,0.0,350.0,477.9,255.3,716.2,100.06,91.7,431.0,223.5,72.1,305.2,3845
011115,2018-09-30,2018,3252.7,0.0,0.0,580.4,274.6,544.2,111.93,91.2,0.0,0.0,60.7,193.5,3845
011115,2019-09-30,2019,4101.7,0.0,410.0,580.7,311.5,535.6,119.09,90.8,0.0,16.8,63.4,181.2,3845
011115,2020-09-30,2020,4462.2,109.8,385.6,523.6,465.9,810.7,172.0,91.2,0.0,0.0,76.0,99.0,3845
011228,2017-12-31,2017,9504.891,2813.482,41.383,982.608,3918.931,146.646,128.37,132.324,2200.0,1463.308,0.0,85.626,1400
011228,2018-12-31,2018,9832.13,2779.357,133.023,1113.82,4237.307,44.404,98.8,131.762,850.0,892.055,0.0,165.829,1400
011228,2019-12-31,2019,10648.793,3172.357,29.996,1259.949,4724.227,274.506,143.99,132.371,0.0,0.0,0.0,41.187,1400
011228,2020-12-31,2020,11686.905,3175.961,554.451,1318.515,4849.127,1198.013,148.31,132.516,750.0,250.025,0.0,48.276,1400
011228,2021-12-31,2021,13682.6,4577.8,89.8,1429.5,6238.2,241.5,207.58,132.7,1600.0,1465.2,0.0,19.1,1400
011228,2022-12-31,2022,14234.6,4458.4,170.9,1630.1,6623.9,161.5,175.11,132.9,550.0,591.5,0.0,18.5,1400
011228,2023-12-31,2023,14545.7,4401.3,60.3,2023.2,6729.4,949.2,227.01,132.1,550.0,581.3,0.0,221.9,1400
011259,2018-01-31,2017,204522.0,36825.0,9662.0,29182.0,114818.0,6756.0,106.6,2952.0,7476.0,13061.0,0.0,8296.0,5331
011259,2019-01-31,2018,219295.0,50203.0,7830.0,30149.0,111395.0,7722.0,95.83,2878.0,15872.0,3784.0,0.0,7410.0,5331
011259,2020-01-31,2019,236495.0,64192.0,8241.0,30139.0,127049.0,9465.0,114.49,2832.493,5492.0,1907.0,0.0,5717.0,5331
011259,2021-01-31,2020,252496.0,57950.0,5296.0,36037.0,109848.0,17741.0,140.49,2821.0,0.0,5382.0,0.0,2625.0,5331
011259,2022-01-31,2021,244860.0,52116.0,5207.0,36416.0,112624.0,14760.0,139.81,2761.0,6945.0,13010.0,0.0,9787.0,5331
011259,2023-01-31,2022,243197.0,52320.0,6603.0,32739.0,119234.0,8625.0,143.87,2693.0,5041.0,2689.0,0.0,9920.0,5331
011259,2024-01-31,2023,252399.0,54784.0,6537.0,36570.0,130338.0,9867.0,165.25,2685.0,4967.0,4217.0,0.0,2779.0,5331
011264,2017-08-31,2017,66009.0,12684.0,251.0,8385.0,13642.0,3504.0,81.5,1023.849,0.0,6196.0,217.0,5220.0,5912
011264,2018-08-31,2018,68124.0,12431.0,1966.0,8576.0,13911.0,976.0,68.56,952.133,5900.0,4890.0,174.0,5228.0,5912
011264,2019-08-31,2019,67598.0,11098.0,5738.0,7756.0,13478.0,1212.0,51.19,895.388,12433.0,10461.0,174.0,4160.0,5912
011264,2020-08-31,2020,87174.0,35196.0,5998.0,6091.0,35065.0,746.0,38.02,865.604,20367.0,21415.0,55.0,1589.0,5912
011264,2021-08-31,2021,81285.0,30802.0,3601.0,6049.0,34140.0,1270.0,50.75,865.374,12726.0,18944.0,59.0,110.0,5912
011264,2022-08-31,2022,90124.0,33030.0,3382.0,5411.0,32987.0,2558.0,35.06,864.639,11958.0,9951.0,27.0,187.0,5912
011264,2023-08-31,2023,96628.0,31187.0,3322.0,4352.0,33255.0,739.0,25.31,863.674,6276.0,8978.0,45.0,150.0,5912
011399,2017-06-30,2017,29860.0,12918.0,233.0,4503.0,3033.0,6378.0,88.6,294.0,7908.0,12189.0,235.0,124.0,3572
011399,2018-06-30,2018,29235.0,10993.0,179.0,5913.0,3095.0,5028.0,77.41,296.0,14340.0,17074.0,220.0,762.0,3572
011399,2019-06-30,2019,26370.0,10246.0,276.0,2232.0,2843.0,3455.0,47.55,295.0,0.0,681.0,118.0,678.0,3572
011399,2020-06-30,2020,25662.0,9498.0,322.0,2129.0,3084.0,3048.0,44.15,302.0,0.0,982.0,141.0,72.0,3572
011399,2021-06-30,2021,26132.0,8678.0,284.0,2440.0,3410.0,3370.0,71.17,308.0,0.0,886.0,134.0,56.0,3572
011399,2022-06-30,2022,26259.0,7299.0,40.0,3811.0,3970.0,2327.0,44.83,315.0,1894.0,3621.0,122.0,90.0,3572
011399,2023-06-30,2023,24429.0,6101.0,1253.0,-222.0,3880.0,2023.0,37.93,322.0,1180.0,1180.0,974.0,80.0,3572
011456,2017-12-31,2017,18059.0,6232.0,271.0,2008.0,15105.0,824.0,35.26,755.223,325.0,931.0,128.0,0.0,2400
011456,2018-12-31,2018,17249.0,5419.0,1227.0,1956.0,14958.0,587.0,21.86,746.391,0.0,271.0,52.0,366.0,2400
011456,2019-12-31,2019,16406.0,6270.0,263.0,1186.0,14429.0,501.0,30.2,745.3,739.0,814.0,13.0,60.0,2400
011456,2020-12-31,2020,16311.0,5432.0,176.0,2111.0,14287.0,495.0,33.53,747.385,732.0,1492.0,33.0,0.0,2400
011456,2021-12-31,2021,17652.0,5197.0,24.0,4057.0,14098.0,1879.0,41.18,747.301,0.0,375.0,51.0,100.0,2400
011456,2022-12-31,2022,17340.0,4167.0,1004.0,3589.0,14313.0,1581.0,31.0,732.794,881.0,1203.0,16.0,543.0,2400
011456,2023-12-31,2023,16983.0,5172.0,19.0,1634.0,14372.0,1164.0,34.77,729.753,992.0,978.0,0.0,131.0,2400
011465,2017-12-31,2017,20038.0,4392.0,826.0,2108.0,4033.0,1244.0,168.64,70.646,691.0,564.0,34.0,750.0,3630
011465,2018-12-31,2018,18347.0,4046.0,1981.0,1969.0,3414.0,1538.0,106.87,63.528,705.0,386.0,17.0,1153.0,3630
011465,2019-12-31,2019,18881.0,4918.0,1019.0,1823.0,4222.0,1952.0,147.53,62.894,700.0,949.0,8.0,148.0,3630
011465,2020-12-31,2020,20350.0,5897.0,484.0,2352.0,4188.0,2934.0,180.49,62.793,1033.0,569.0,44.0,121.0,3630
011465,2021-12-31,2021,20285.0,5723.0,484.0,2775.0,3751.0,3044.0,234.66,59.0,300.0,300.0,76.0,1041.0,3630
011465,2022-12-31,2022,17124.0,7947.0,420.0,1716.0,2793.0,1958.0,141.46,54.0,2800.0,300.0,3.0,903.0,3630
011465,2023-12-31,2023,17312.0,7026.0,977.0,1526.0,2955.0,1570.0,121.77,55.0,304.0,750.0,4.0,0.0,3630
011584,2018-01-31,2017,3961.0,125.0,0.0,962.0,866.0,850.0,49.15,119.829,0.0,0.0,18.0,477.0,5661
011584,2019-01-31,2018,3820.0,124.0,0.0,909.0,836.0,950.0,55.89,112.222,0.0,0.0,7.0,376.0,5661
011584,2020-01-31,2019,6589.0,2800.0,518.0,893.0,3723.0,913.0,37.97,104.188,0.0,0.0,8.0,337.0,5661
011584,2021-01-31,2020,7043.0,2507.0,682.0,525.0,3504.0,1688.0,43.82,103.693,0.0,23.0,6.0,38.0,5661
011584,2022-01-31,2021,8135.0,2814.0,578.0,1229.0,3533.0,812.0,44.68,97.021,395.0,102.0,17.0,359.0,5661
011584,2023-01-31,2022,7907.0,2676.0,550.0,901.0,3363.0,549.0,43.51,93.395,0.0,6.0,9.0,130.0,5661
011584,2024-01-31,2023,6868.0,2446.0,497.0,391.0,3118.0,301.0,28.16,94.224,0.0,6.0,9.0,10.0,5661
011636,2017-12-31,2017,15946.0,5235.0,282.0,1596.0,1083.0,1294.0,29.15,254.613,1008.0,1832.0,0.0,15.0,3577
011636,2018-12-31,2018,14874.0,4269.0,961.0,1772.0,941.0,1085.0,19.76,229.623,9.0,311.0,0.0,700.0,3577
011636,2019-12-31,2019,15047.0,3498.0,1138.0,1708.0,1109.0,2740.0,36.87,212.59,10.0,960.0,0.0,600.0,3577
011636,2020-12-31,2020,14741.0,4307.0,479.0,790.0,1013.0,2648.0,23.19,198.386,2359.0,2226.0,0.0,300.0,3577
011636,2021-12-31,2021,13223.0,3805.0,731.0,724.0,875.0,1873.0,22.64,159.394,311.0,519.0,0.0,888.0,3577
011636,2022-12-31,2022,11543.0,3037.0,934.0,611.0,770.0,1100.0,14.6,155.781,1194.0,1723.0,0.0,113.0,3577
011636,2023-12-31,2023,10008.0,2851.0,608.0,727.0,703.0,589.0,18.33,123.144,1396.0,1874.0,0.0,544.0,3577
011672,2018-01-31,2017,14058.015,2452.524,0.0,4814.626,5006.053,3264.642,80.32,628.009,0.0,0.0,133.687,1663.855,5651
011672,2019-01-31,2018,14326.029,2476.874,0.0,5037.093,5255.208,3030.229,49.73,1217.183,0.0,7.115,255.241,2423.011,5651
011672,2020-01-31,2019,24145.003,10053.258,1411.216,5274.409,14385.38,3216.752,59.04,1199.1,0.0,0.0,232.106,1575.415,5651
011672,2021-01-31,2020,30813.555,13076.137,2427.289,1328.23,14026.094,10469.57,64.04,1204.698,5986.873,2418.358,211.189,230.809,5651
011672,2022-01-31,2021,28461.458,10930.431,1576.561,5376.793,14124.761,6226.765,71.97,1181.189,0.0,2975.518,229.439,2201.846,5651
011672,2023-01-31,2022,28349.0,10634.0,2110.0,5742.0,14869.0,5477.0,81.86,1155.438,0.0,0.0,321.0,2255.0,5651
011672,2024-01-31,2023,29747.0,10922.0,1620.0,6767.0,15967.0,5600.0,94.91,1133.587,0.0,500.0,285.0,2484.0,5651
011923,2017-12-31,2017,42086.0,15547.0,142.0,3478.0,27451.0,4553.0,53.64,530.8,369.0,58.0,0.0,1092.0,1311
011923,2018-12-31,2018,40376.0,15470.0,947.0,6793.0,28615.0,1295.0,43.84,489.4,2343.0,1689.0,7.0,2732.0,1311
012141,2017-06-30,2017,241086.0,78473.0,10234.0,30432.0,23734.0,132981.0,68.93,7708.0,44344.0,7922.0,772.0,11788.0,7372
012141,2018-06-30,2018,258848.0,81935.0,5573.0,44958.0,36146.0,133768.0,98.61,7677.0,7183.0,10060.0,1002.0,10721.0,7372
012141,2019-06-30,2019,286556.0,79107.0,7348.0,54559.0,43856.0,133819.0,133.96,7643.0,0.0,4000.0,1142.0,19543.0,7372
012141,2020-06-30,2020,301311.0,76205.0,5905.0,65259.0,52904.0,136527.0,203.51,7571.0,0.0,5518.0,1343.0,22968.0,7372
012141,2021-06-30,2021,333779.0,71453.0,10825.0,80816.0,70803.0,130334.0,270.9,7519.0,0.0,3750.0,1693.0,27385.0,7372
012141,2022-06-30,2022,364840.0,72363.0,6037.0,98109.0,87546.0,104757.0,256.83,7464.0,0.0,9023.0,1841.0,32696.0,7372
012141,2023-06-30,2023,411976.0,70588.0,8853.0,103194.0,109987.0,111262.0,340.54,7432.0,0.0,2750.0,1866.0,22245.0,7372
012142,2018-05-31,2017,137264.0,56128.0,4491.0,17052.0,5897.0,67261.0,46.72,3997.0,12443.0,9800.0,2402.0,11853.0,7370
012142,2019-05-31,2018,108709.0,51673.0,4494.0,16876.0,6252.0,37827.0,50.6,3359.0,0.0,4500.0,2155.0,36643.0,7370
012142,2020-05-31,2019,115438.0,70749.0,2946.0,17107.0,8244.0,43057.0,53.77,3067.0,19888.0,4500.0,1588.0,19905.0,7370
012142,2021-05-31,2020,131107.0,78113.0,8914.0,18564.0,9649.0,46554.0,78.74,2814.0,14934.0,2631.0,1786.0,21600.0,7370
012142,2022-05-31,2021,109297.0,75041.0,4476.0,18948.0,13216.0,21902.0,71.92,2665.0,0.0,8250.0,482.0,17341.0,7370
012142,2023-05-31,2022,134384.0,90404.0,4926.0,19701.0,21669.0,10187.0,105.94,2713.0,33494.0,21050.0,1192.0,2503.0,7370
012142,2024-05-31,2023,140976.0,82564.0,11905.0,21884.0,28836.0,10661.0,117.19,2755.0,0.0,3500.0,742.0,3242.0,7372
012151,2017-06-30,2017,22548.2,6928.3,209.1,1051.2,1632.1,570.7,18.76,747.9,3319.4,2210.5,22.8,36.3,2844
012151,2018-06-30,2018,22630.2,7305.4,218.9,1384.0,1680.8,362.2,14.1,750.7,10652.7,10135.8,22.6,,2844
012151,2019-06-30,2019,17665.4,7469.9,193.8,1332.2,1600.6,380.4,13.4,754.2,2183.3,1918.9,5.9,0.0,2844
012151,2020-06-30,2020,16728.8,8209.5,293.3,190.0,1453.0,352.0,4.47,765.1,4681.3,4230.8,727.2,4.5,2844
012151,2021-06-30,2021,13691.4,5670.3,99.9,743.5,1236.6,310.4,9.34,766.0,4508.6,7487.8,227.2,0.0,2844
012151,2022-06-30,2022,12116.1,4691.3,90.8,844.5,1036.4,263.8,8.01,839.2,1485.4,2207.1,0.0,0.0,2844
012151,2023-06-30,2023,12661.6,4425.7,123.5,859.7,999.6,283.8,12.29,852.8,,268.2,0.9,0.0,2844
012389,2017-12-31,2017,9972.672,4587.258,2400.751,1293.644,967.781,735.039,50.88,168.091,1576.409,1420.898,11.353,465.263,3751
012389,2018-12-31,2018,10665.664,4887.667,2711.609,1277.887,904.132,1263.048,34.12,159.658,2101.57,1483.442,3.525,390.606,3751
012389,2019-12-31,2019,10528.159,5169.273,2339.117,1041.271,909.0,898.422,37.19,152.468,2402.639,2584.71,3.589,296.52,3751
012389,2020-12-31,2020,12010.601,5963.048,3070.952,571.85,788.987,3388.845,36.7,152.931,4130.619,2760.579,0.089,8.006,3751
012389,2021-12-31,2021,11051.055,4625.521,2311.151,1184.983,733.609,2003.68,37.69,153.569,1268.773,3002.005,2.488,11.623,3751
012389,2022-12-31,2022,11492.476,4483.829,2471.458,1278.329,733.817,1568.599,41.6,145.863,2770.931,2695.782,0.0,338.627,3751
012389,2023-12-31,2023,12140.554,5042.434,2153.619,1271.484,801.374,1638.448,36.84,136.312,2534.28,2487.576,0.0,363.987,3751
012441,2017-12-31,2017,7283.173,2899.124,379.721,392.292,221.507,538.908,123.15,90.823,3025.0,404.438,11.711,41.272,8700
012441,2018-12-31,2018,6201.474,2116.109,165.578,622.513,267.665,158.663,127.84,89.702,0.0,1010.972,14.689,260.832,8700
012441,2019-12-31,2019,7151.294,2876.421,216.234,591.329,1047.495,280.836,154.1,89.158,5.0,109.579,17.629,199.042,8700
012441,2020-12-31,2020,7315.967,2738.452,104.51,715.416,984.048,712.583,160.19,88.842,2332.0,2533.469,18.085,176.302,8700
012441,2021-12-31,2021,7416.324,3154.599,95.685,1183.748,821.82,760.602,334.32,82.397,600.0,112.915,18.173,1655.547,8700
012441,2022-12-31,2022,7299.736,3050.874,107.517,1355.101,701.173,697.999,336.14,79.174,0.0,5.931,22.231,1043.742,8700
012441,2023-12-31,2023,7835.919,2962.102,108.093,1322.542,629.527,1319.599,451.11,78.338,0.0,7.8,25.107,606.188,8700
012540,2017-11-30,2017,14535.556,1881.421,0.0,2478.595,936.976,5819.774,181.47,491.262,0.0,1.96,158.351,1340.126,7372
012540,2018-11-30,2018,18768.682,4124.8,0.0,3180.069,1075.072,3228.962,250.89,487.663,2248.342,1.707,190.99,2443.193,7372
012540,2019-11-30,2019,20762.4,988.924,3149.343,3843.521,1293.015,4176.976,309.53,482.339,0.0,0.0,232.932,3189.984,7370
012540,2020-11-30,2020,24284.0,4616.0,92.0,4796.0,2004.0,5992.0,478.47,479.0,3144.0,3150.0,270.0,3731.0,7370
012540,2021-11-30,2021,27241.0,4576.0,97.0,6363.0,2116.0,5798.0,669.85,475.0,0.0,0.0,291.0,4669.0,7370
012540,2022-11-30,2022,27165.0,4046.0,587.0,6692.0,2315.0,6096.0,344.93,462.0,0.0,0.0,278.0,7068.0,7370
012540,2023-11-30,2023,29779.0,4007.0,73.0,7420.0,2388.0,7842.0,611.01,455.0,0.0,0.0,314.0,4989.0,7370
012635,2017-12-31,2017,10289.0,4897.0,3.0,1940.0,390.0,325.0,131.13,207.6,2310.0,1985.0,78.0,1223.0,7374
012635,2018-12-31,2018,11262.0,5955.0,4.0,1955.0,398.0,415.0,73.49,392.5,5039.0,4005.0,75.0,1946.0,7374
012635,2019-12-31,2019,77539.0,22215.0,427.0,3217.0,2290.0,893.0,115.63,679.9,20030.0,5043.0,156.0,561.0,7374
012635,2020-12-31,2020,74619.0,20771.0,509.0,4897.0,2132.0,906.0,113.86,669.1,8897.0,10918.0,133.0,1826.0,7374
012635,2021-12-31,2021,76249.0,21344.0,630.0,5334.0,2317.0,835.0,103.79,650.0,6435.0,7881.0,140.0,2786.0,7374
012635,2022-12-31,2022,83869.0,21578.0,592.0,6682.0,2544.0,902.0,101.07,630.0,1624.0,3325.0,149.0,2677.0,7374
012635,2023-12-31,2023,90890.0,23028.0,873.0,7800.0,2789.0,1204.0,132.84,594.0,5567.0,3015.0,101.0,4827.0,7389
012850,2017-12-31,2017,6469.311,515.13,11.585,1541.793,1603.319,805.767,67.39,332.461,0.0,0.0,76.705,185.018,7373
012850,2018-12-31,2018,6708.636,438.802,4.914,1467.201,1743.575,775.411,52.44,324.308,0.0,75.0,91.349,633.0,7373
012850,2019-12-31,2019,6894.622,1142.996,29.541,1546.433,1981.927,541.774,73.39,310.911,600.0,0.0,258.036,1337.143,7373
012850,2020-12-31,2020,7521.096,1426.175,29.913,1585.459,1908.619,1058.088,78.48,305.853,300.0,2.5,253.605,780.622,7373
012850,2021-12-31,2021,7434.158,1678.416,252.694,1711.438,1739.111,842.469,92.87,292.85,500.0,0.0,304.078,1571.837,7373
012886,2017-06-30,2017,50724.0,19456.0,457.0,7108.0,1781.0,6163.0,28.34,1851.058,918.0,573.0,0.0,619.0,4888
012886,2018-06-30,2018,53831.0,18469.0,1054.0,7028.0,1956.0,7622.0,49.69,1852.553,1469.0,1872.0,0.0,0.0,4888
013421,2017-12-31,2017,2418.714,644.369,85.0,451.226,251.342,692.542,41.82,282.067,0.0,0.0,48.965,157.186,7372
013421,2018-12-31,2018,2468.654,345.291,100.0,540.889,252.63,533.298,43.48,280.015,0.0,300.0,40.908,319.98,7372
013421,2019-12-31,2019,3357.225,430.801,25.558,625.778,376.198,705.21,69.36,279.855,0.0,0.0,52.842,396.728,7372
013421,2020-12-31,2020,3950.785,460.709,33.92,809.534,444.479,928.432,136.43,278.941,0.0,0.0,74.803,490.092,7372
013421,2021-12-31,2021,4386.299,454.709,25.271,965.702,436.035,1088.94,186.35,276.796,0.0,0.0,87.772,730.279,7372
013421,2022-12-31,2022,5137.071,787.415,136.737,1243.762,541.83,882.325,160.64,272.675,300.0,0.0,105.331,1161.955,7372
013421,2023-12-31,2023,5669.491,415.129,390.904,1459.15,554.01,1138.511,272.37,271.706,0.0,0.0,132.957,836.53,7372
013498,2017-11-30,2017,40778.0,6993.0,2202.0,4747.0,34430.0,395.0,65.64,718.0,467.0,1227.0,0.0,552.0,4400
013498,2018-11-30,2018,42401.0,7897.0,2426.0,5343.0,35337.0,981.0,60.29,696.0,2541.0,1556.0,0.0,1468.0,4400
013498,2019-11-30,2019,45058.0,9676.0,1827.0,5445.0,38130.0,518.0,45.08,684.0,3673.0,1651.0,0.0,603.0,4400
013498,2020-11-30,2020,53593.0,23403.0,4977.0,-2621.0,39443.0,9513.0,19.98,1087.0,15020.0,1621.0,3249.0,12.0,4400
013498,2021-11-30,2021,53344.0,29748.0,4859.0,-4040.0,39440.0,9147.0,17.62,1136.0,13042.0,5956.0,1215.0,188.0,4400
013498,2022-11-30,2022,51703.0,33142.0,2739.0,-1664.0,39961.0,6017.0,9.93,1259.0,7209.0,2075.0,1275.0,87.0,4400
013498,2023-11-30,2023,49120.0,29652.0,2238.0,4327.0,41381.0,2425.0,15.06,1264.0,2961.0,7660.0,27.0,20.0,4400
013599,2017-12-31,2017,30141.0,15838.0,0.0,6275.0,1070.0,12042.0,104.36,759.3,3468.0,1904.0,685.0,3833.0,2834
013599,2018-12-31,2018,35480.0,19769.0,501.0,7098.0,1367.0,6042.0,64.09,700.2,4452.0,0.0,144.0,6096.0,2834
013646,2018-01-31,2017,5468.1,882.9,120.6,998.7,990.5,1291.2,106.65,124.5,0.0,0.0,54.6,107.9,5944
013646,2019-01-31,2018,5333.0,883.4,113.4,1025.8,1026.7,855.3,88.73,121.5,0.0,0.0,23.1,430.0,5944
013646,2020-01-31,2019,6660.1,1892.5,350.7,1010.9,2201.5,897.4,134.02,121.2,0.0,0.0,108.4,178.5,5944
013700,2017-12-31,2017,10374.5,1611.6,30.1,861.9,876.0,375.0,65.83,226.8,3.1,16.7,82.3,401.4,3843
013700,2018-12-31,2018,8687.0,1564.9,92.4,740.7,870.6,309.6,37.21,223.0,0.1,9.4,27.9,250.2,3843
013700,2019-12-31,2019,8602.9,1552.6,46.0,875.3,961.7,404.9,56.59,221.3,118.9,251.2,108.8,260.0,3843
013700,2020-12-31,2020,9342.0,2108.0,347.0,679.0,967.0,438.0,52.36,218.7,1448.0,701.0,11.0,140.0,3843
013700,2021-12-31,2021,9239.0,2062.0,232.0,989.0,971.0,339.0,55.79,217.4,16.0,297.0,51.0,200.0,3843
013700,2022-12-31,2022,7643.0,1975.0,172.0,716.0,961.0,365.0,31.84,215.3,6.0,2.0,6.0,150.0,3843
013700,2023-12-31,2023,7370.0,1921.0,378.0,703.0,978.0,334.0,35.59,207.2,0.0,7.0,0.0,300.0,3843
013714,2017-12-31,2017,20843.0,9464.0,698.0,3042.0,1280.0,285.0,59.0,383.0,1773.0,1262.0,91.0,1200.0,4888
013714,2018-12-31,2018,21859.0,9465.0,687.0,3271.0,1209.0,322.0,43.72,373.0,0.0,16.0,27.0,645.0,4888
013714,2019-12-31,2019,49519.0,19911.0,1009.0,5531.0,4024.0,632.0,41.97,615.0,492.0,910.0,15.0,113.0,4888
013714,2020-12-31,2020,52663.0,21300.0,322.0,4973.0,3596.0,2984.0,37.26,617.0,4375.0,2901.0,5.0,151.0,4888
013714,2021-12-31,2021,58620.0,19296.0,336.0,4444.0,3366.0,6267.0,30.18,648.0,0.0,2230.0,3063.0,110.0,4888
013714,2022-12-31,2022,58393.0,17035.0,531.0,3276.0,3153.0,2885.0,16.88,650.0,1138.0,3140.0,0.0,31.0,4833
013714,2023-12-31,2023,53543.0,15857.0,259.0,2390.0,2849.0,2460.0,14.79,653.0,45.0,1277.0,0.0,29.0,4833
013721,2017-12-31,2017,8586.0,4953.0,0.0,1990.0,1435.0,1564.0,72.04,486.13,1231.0,750.0,24.0,500.0,2834
013721,2018-12-31,2018,10777.0,6443.0,9.0,2228.0,1658.0,1701.0,85.54,479.562,1485.0,0.0,19.0,698.0,2834
013721,2019-12-31,2019,11545.0,6111.0,535.0,2525.0,2129.0,1934.0,132.35,475.528,0.0,0.0,7.0,626.0,2834
013721,2020-12-31,2020,13609.0,6758.0,644.0,2754.0,2394.0,3604.0,165.5,475.318,1240.0,500.0,20.0,250.0,2834
013721,2021-12-31,2021,13900.0,6743.0,41.0,3287.0,2603.0,3485.0,244.03,472.574,0.0,600.0,,778.0,2834
013721,2022-12-31,2022,14925.0,6738.0,1395.0,3405.0,2973.0,3581.0,146.55,463.808,1348.0,0.0,,1632.0,2834
013721,2023-12-31,2023,14286.0,6760.0,52.0,3597.0,3443.0,2041.0,197.37,458.367,0.0,1350.0,27.0,1092.0,2834
014225,2017-12-31,2017,2910.5,412.0,3.0,1008.2,893.6,116.9,54.69,287.592,1015.0,980.0,9.5,82.6,5000
014225,2018-12-31,2018,3321.5,497.0,3.0,1136.9,924.8,167.2,52.29,285.902,980.0,895.0,13.4,103.0,5000
014225,2019-12-31,2019,3799.9,490.2,100.4,1204.7,1266.4,174.9,36.95,574.129,910.0,1065.0,58.5,0.0,5000
014225,2020-12-31,2020,3964.7,516.5,133.6,1302.8,1273.7,245.7,48.83,574.16,1000.0,940.0,41.0,52.0,5000
014225,2021-12-31,2021,4299.0,486.0,150.8,1395.9,1261.5,236.2,64.06,575.465,525.0,540.0,31.6,0.0,5000
014225,2022-12-31,2022,4548.6,508.4,293.7,1630.2,1253.0,230.1,47.32,570.812,1795.0,1630.0,9.2,237.8,5000
014225,2023-12-31,2023,4462.9,378.8,156.2,1706.0,1281.3,221.3,64.77,571.982,880.0,1175.0,30.1,0.0,5000
014282,2017-12-31,2017,10003.9,3541.5,1.1,1653.2,816.8,1753.7,87.8,305.7,903.4,375.0,184.1,618.0,3678
014282,2018-12-31,2018,10044.9,2806.4,764.3,1989.9,875.8,1291.7,81.02,298.5,571.7,559.8,130.7,935.2,3678
014282,2019-12-31,2019,10815.5,3348.8,457.3,1936.2,1195.7,908.6,108.23,297.9,1398.8,1340.5,246.1,601.7,3678
014282,2020-12-31,2020,12327.3,3797.3,298.3,1952.2,1279.0,1738.1,130.77,299.3,2509.7,2358.3,385.7,641.3,3678
014282,2021-12-31,2021,14678.4,4976.3,74.6,2564.8,1420.2,1241.4,87.46,599.1,1548.4,912.6,288.5,661.7,3678
014282,2022-12-31,2022,15326.2,4783.5,87.9,2982.4,1493.8,1434.2,76.14,594.8,5.8,169.6,185.3,730.5,3678
014282,2023-12-31,2023,16526.4,4195.6,445.4,2981.5,1616.2,1660.2,99.13,598.9,354.9,648.3,394.5,585.1,3678
014359,2017-12-31,2017,17003.0,2283.0,449.0,1732.0,13525.0,2114.0,172.85,170.189,0.0,485.0,6.0,36.0,1311
014359,2018-12-31,2018,17903.0,2284.0,0.0,3511.0,14839.0,1268.0,131.52,169.499,0.0,450.0,8.0,179.0,1311
014359,2019-12-31,2019,19067.0,2565.0,602.0,3487.0,16357.0,705.0,151.37,165.547,0.0,0.0,6.0,653.0,1311
014359,2020-12-31,2020,19229.0,3809.0,257.0,2149.0,16220.0,1501.0,113.89,164.477,3214.0,1998.0,9.0,176.0,1311
014359,2021-12-31,2021,36811.0,7452.0,383.0,9005.0,30224.0,3942.0,181.88,242.778,3897.0,4658.0,13.0,269.0,1311
014359,2022-12-31,2022,35740.0,4862.0,924.0,12820.0,31628.0,1032.0,228.39,236.036,0.0,2576.0,7.0,1687.0,1311
014359,2023-12-31,2023,36613.0,5536.0,224.0,9459.0,33587.0,240.0,224.88,233.623,2649.0,3290.0,8.0,701.0,1311
014418,2017-12-31,2017,29159.178,12751.052,158.042,2486.354,19635.459,1499.995,33.39,566.276,350.0,502.669,404.685,327.5,7990
014418,2018-12-31,2018,30210.706,15088.005,43.411,2431.137,20729.888,1526.762,24.26,527.48,1000.0,2.265,0.0,1283.333,7990
014418,2019-12-31,2019,33876.356,15514.056,95.448,2699.641,22678.436,2329.604,33.27,503.148,3250.0,3764.167,0.0,1031.534,7990
014418,2020-12-31,2020,36494.934,20901.088,112.036,-852.36,22918.785,5101.637,31.51,494.318,4854.625,846.815,0.0,353.72,7990
014418,2021-12-31,2021,40899.116,23648.821,1119.371,1816.157,25928.298,5203.059,44.88,453.804,749.775,0.0,0.0,1753.509,7990
014418,2022-12-31,2022,45692.206,32670.297,1412.874,1779.104,29754.857,6196.599,33.53,379.088,0.0,1070.34,0.0,2775.217,7990
014418,2023-12-31,2023,42368.548,31556.665,84.154,2372.942,29477.009,3347.538,44.68,326.55,0.0,1285.6,0.0,2291.917,7990
014477,2017-12-31,2017,21829.0,8752.0,739.0,4103.0,11559.0,22.0,86.3,433.318,1027.0,1907.0,95.0,797.0,4953
014477,2018-12-31,2018,22650.0,9594.0,432.0,4312.0,11942.0,110.0,88.99,423.983,812.0,499.0,52.0,1033.0,4953
014477,2019-12-31,2019,27743.0,13646.0,297.0,4479.0,13317.0,3576.0,113.96,424.326,4683.0,1534.0,67.0,281.0,4953
014477,2020-12-31,2020,29345.0,13712.0,614.0,4427.0,14614.0,628.0,117.93,422.802,7598.0,7807.0,63.0,436.0,4953
014477,2021-12-31,2021,29097.0,13156.0,772.0,5099.0,14870.0,198.0,166.9,416.124,7948.0,8404.0,66.0,1378.0,4953
014477,2022-12-31,2022,31367.0,15030.0,478.0,5586.0,16175.0,434.0,156.88,407.886,8688.0,7328.0,44.0,1539.0,4953
014477,2023-12-31,2023,32823.0,16347.0,400.0,6029.0,17421.0,548.0,179.1,401.455,21306.0,20394.0,44.0,1333.0,4953
014590,2017-12-31,2017,37302.0,11703.0,1414.0,5974.0,22844.0,4447.0,18.96,1448.0,955.0,3812.0,0.0,10.0,1000
014590,2018-12-31,2018,42216.0,11124.0,17.0,6825.0,28010.0,4327.0,10.31,1449.0,632.0,2717.0,0.0,0.0,1000
014590,2019-12-31,2019,40809.0,10025.0,49.0,2522.0,29584.0,2120.0,13.12,1451.0,1879.0,3197.0,0.0,0.0,1000
014590,2020-12-31,2020,42144.0,9867.0,72.0,4031.0,29818.0,3754.0,26.02,1458.0,3531.0,3724.0,0.0,0.0,1000
014590,2021-12-31,2021,48022.0,9359.0,410.0,10945.0,30345.0,8182.0,41.73,1457.0,1201.0,1461.0,210.0,517.0,1000
014590,2022-12-31,2022,51093.0,9877.0,1075.0,9505.0,32627.0,8257.0,38.0,1430.0,5735.0,4515.0,125.0,1402.0,1000
014590,2023-12-31,2023,52506.0,9003.0,850.0,8642.0,35295.0,5966.0,42.57,1435.0,1781.0,2980.0,47.0,50.0,1000
014934,2017-12-31,2017,30241.0,10291.0,115.0,3361.0,21171.0,2673.0,41.4,525.0,2376.0,2124.0,0.0,68.0,1311
014934,2018-12-31,2018,19566.0,5785.0,162.0,3305.0,13935.0,2446.0,22.54,450.0,0.0,1226.0,0.0,3004.0,1311
014934,2019-12-31,2019,13717.0,4538.0,17.0,1696.0,8836.0,1464.0,25.97,382.0,0.0,162.0,0.0,1875.0,1311
014934,2020-12-31,2020,9912.0,4544.0,9.0,-1325.0,5616.0,2237.0,15.81,382.0,0.0,0.0,0.0,56.0,1311
014934,2021-12-31,2021,21025.0,6734.0,26.0,5436.0,15243.0,2271.0,44.05,663.0,0.0,1302.0,0.0,589.0,1311
014934,2022-12-31,2022,23721.0,6446.0,272.0,10180.0,18330.0,1454.0,61.51,653.0,0.0,0.0,0.0,,1311
014934,2023-12-31,2023,24490.0,5967.0,516.0,7498.0,19595.0,875.0,45.3,635.7,0.0,242.0,0.0,979.0,1311
014960,2017-12-31,2017,16568.0,6344.6,417.5,2069.8,1748.9,316.7,159.51,101.9,3342.2,2426.9,73.6,338.1,8071
014960,2018-12-31,2018,16185.3,6041.9,17.9,2034.8,1784.7,426.8,126.36,98.9,467.2,1171.8,69.1,748.0,8071
014960,2019-12-31,2019,18046.4,6477.5,630.1,2032.3,2724.3,337.5,169.17,97.2,2395.0,2184.9,64.7,490.6,8071
014960,2020-12-31,2020,20071.7,6181.0,575.4,3672.8,2809.3,1320.8,203.55,97.5,151.7,563.9,55.9,134.5,8071
014960,2021-12-31,2021,20385.4,6143.6,199.0,4119.3,2897.1,1483.6,314.21,93.1,1000.0,1000.0,51.7,1715.9,8071
014960,2022-12-31,2022,20155.1,5802.1,492.8,2763.1,3031.1,430.0,235.48,88.2,0.0,0.0,50.6,1150.6,8071
014960,2023-12-31,2023,16725.1,4782.2,1172.0,1798.7,2981.3,536.8,227.29,83.9,0.0,300.0,54.4,1039.8,8071
015247,2017-12-31,2017,50158.0,8750.0,122.0,4960.0,27480.0,5850.0,91.91,433.898,380.0,21.0,10.0,1372.0,2911
015247,2018-12-31,2018,50155.0,8871.0,238.0,5829.0,28848.0,2982.0,74.97,417.597,1367.0,1359.0,0.0,1708.0,2911
015247,2019-12-31,2019,53864.0,10137.0,825.0,5343.0,30593.0,2583.0,93.65,409.292,2131.0,1811.0,0.0,1727.0,2911
015247,2020-12-31,2020,51774.0,14839.0,1008.0,245.0,31593.0,3313.0,56.57,408.406,4570.0,495.0,0.0,156.0,2911
015247,2021-12-31,2021,57888.0,13546.0,1579.0,4409.0,32131.0,4122.0,75.11,409.196,1828.0,3035.0,0.0,27.0,2911
015247,2022-12-31,2022,60982.0,11302.0,1420.0,17451.0,32092.0,4958.0,126.86,372.129,3153.0,5963.0,0.0,4577.0,2911
015247,2023-12-31,2023,63056.0,10871.0,1766.0,13758.0,31345.0,5424.0,130.0,333.302,2420.0,2682.0,0.0,5136.0,2911
015520,2018-01-31,2017,5839.6,688.2,44.0,533.2,877.9,225.1,52.9,60.5,2909.9,3588.2,0.3,460.0,5944
015520,2019-01-31,2018,4420.1,649.6,78.8,438.5,800.5,195.4,24.36,51.9,787.0,818.3,0.0,485.0,5944
015520,2020-01-31,2019,6299.1,1953.6,433.8,492.7,2425.2,378.0,24.31,52.3,958.3,1124.7,0.0,0.0,5944
015520,2021-01-31,2020,6178.9,1294.0,377.3,322.5,1967.7,1176.4,40.62,52.3,900.0,1270.0,0.0,0.0,5944
015520,2022-01-31,2021,6575.1,1152.2,300.0,1064.6,1782.5,1422.5,86.13,49.9,0.0,0.0,0.0,311.8,5944
015520,2023-01-31,2022,6620.4,1042.1,288.2,1021.0,1635.8,1169.7,76.81,44.9,0.0,0.0,0.0,376.1,5944
015520,2024-01-31,2023,6813.2,835.7,408.0,809.4,1499.5,1381.8,99.48,44.2,0.0,0.0,0.0,139.3,5944
015855,2018-03-31,2017,15759.0,5026.0,0.0,1159.0,778.0,2162.0,25.85,624.0,0.0,3210.0,121.0,107.0,7372
015855,2019-03-31,2018,15938.0,3961.0,491.0,1239.0,790.0,2043.0,22.99,630.0,0.0,600.0,19.0,407.0,7372
015855,2020-03-31,2019,7735.0,3538.0,784.0,872.0,326.0,2263.0,18.71,589.0,300.0,1414.0,123.0,1659.0,7372
015855,2021-03-31,2020,6361.0,3354.0,339.0,1241.0,154.0,951.0,21.26,580.0,750.0,1941.0,24.0,362.0,7372
015855,2022-03-31,2021,6943.0,2811.0,1018.0,1213.0,134.0,1891.0,26.52,582.0,512.0,541.0,14.0,15.0,7372
015855,2023-03-31,2022,15947.0,9560.0,259.0,1717.0,119.0,750.0,17.16,640.0,8954.0,3047.0,12.0,924.0,7372
015855,2024-03-31,2023,15772.0,8467.0,188.0,2106.0,117.0,846.0,22.4,623.0,0.0,1183.0,12.0,467.0,7372
016101,2017-12-31,2017,70786.0,30953.0,6415.0,12215.0,2803.0,9789.0,96.71,1592.131,0.0,25.0,254.0,1410.0,2836
016101,2018-12-31,2018,59352.0,35002.0,5308.0,14345.0,2883.0,8061.0,92.19,1478.824,5963.0,6035.0,73.0,12014.0,2836
016101,2019-12-31,2019,89115.0,63226.0,3862.0,15872.0,3306.0,39924.0,88.54,1478.912,31482.0,1536.0,8.0,629.0,2836
016101,2020-12-31,2020,150565.0,78386.0,8677.0,22369.0,6143.0,8479.0,107.15,1765.133,3000.0,5683.0,209.0,978.0,2836
016101,2021-12-31,2021,146529.0,64902.0,12673.0,28490.0,5872.0,9830.0,135.4,1768.338,1000.0,9414.0,244.0,934.0,2836
016101,2022-12-31,2022,138805.0,59889.0,4302.0,31300.0,5672.0,9229.0,161.61,1769.181,2000.0,14433.0,262.0,1487.0,2836
016101,2023-12-31,2023,134711.0,52929.0,7357.0,26107.0,5733.0,12816.0,154.97,1765.941,0.0,4149.0,180.0,1972.0,2836
016478,2017-12-31,2017,29833.078,6030.836,356.235,4608.515,25665.037,834.228,107.91,578.477,0.0,606.555,20.84,63.408,1311
016478,2018-12-31,2018,33934.474,5170.169,913.093,7866.578,28075.519,1555.634,87.21,580.023,0.0,358.219,20.56,63.456,1311
016478,2019-12-31,2019,37124.608,4590.919,1383.889,7501.64,31137.595,2027.972,83.76,581.914,0.0,912.899,17.946,25.152,1311
016478,2020-12-31,2020,35804.601,5676.351,1076.143,3673.973,29467.627,3328.928,49.87,583.571,1483.852,1019.444,16.169,16.13,1311
016478,2021-12-31,2021,38236.0,5630.0,277.0,9971.0,29169.0,5209.0,88.83,585.265,0.0,787.0,19.0,41.0,1311
016478,2022-12-31,2022,41371.0,4379.0,1579.0,13553.0,30275.0,5972.0,129.52,587.696,0.0,35.0,28.0,118.0,1311
016478,2023-12-31,2023,43857.0,4441.0,359.0,13067.0,33271.0,5278.0,120.95,580.861,0.0,1282.0,20.0,1038.0,1311
016721,2018-03-31,2017,8584.0,992.0,0.0,1565.0,453.0,5331.0,121.24,306.37,0.0,0.0,78.0,721.0,7372
016721,2019-03-31,2018,8957.0,994.0,0.0,1158.0,448.0,5445.0,101.63,298.107,0.0,0.0,61.0,1314.0,7372
016721,2020-03-31,2019,11112.0,552.0,668.0,1604.0,642.0,5735.0,100.17,288.413,0.0,0.0,62.0,1298.0,7372
016721,2021-03-31,2020,13288.0,2078.0,76.0,1227.0,733.0,6366.0,135.37,286.465,1478.0,600.0,86.0,881.0,7372
016721,2022-03-31,2021,13800.0,2150.0,81.0,1584.0,864.0,3062.0,126.51,280.051,0.0,0.0,77.0,1504.0,7372
016721,2023-03-31,2022,13459.0,2157.0,66.0,1983.0,825.0,2767.0,120.45,272.914,0.0,0.0,80.0,1470.0,7372
016721,2024-03-31,2023,13420.0,2130.0,66.0,1926.0,821.0,3262.0,132.67,266.415,0.0,0.0,77.0,1496.0,7372
017928,2017-12-31,2017,22742.0,10122.0,103.0,1833.0,440.0,1005.0,97.9,208.1,7163.0,4652.0,91.0,2620.0,8731
017928,2018-12-31,2018,22549.0,10907.0,100.0,1950.0,434.0,938.0,116.17,197.5,4076.0,3061.0,15.0,1405.0,8731
017928,2019-12-31,2019,23251.0,11941.0,253.0,2054.0,954.0,899.0,154.51,192.3,4422.0,3675.0,11.0,949.0,8731
017928,2020-12-31,2020,24564.0,12877.0,305.0,2070.0,953.0,1902.0,179.17,191.2,2841.0,2499.0,,491.0,8731
017928,2021-12-31,2021,24689.0,12524.0,240.0,2677.0,903.0,1477.0,282.14,190.6,2761.0,2691.0,0.0,465.0,8731
017928,2022-12-31,2022,25337.0,13083.0,268.0,2957.0,863.0,1309.0,204.89,185.7,3600.0,2659.0,0.0,1239.0,8731
017928,2023-12-31,2023,26681.0,13406.0,825.0,3186.0,819.0,1496.0,231.38,181.5,6384.0,5582.0,0.0,1053.0,8731
018043,2017-06-30,2017,14552.0,276.0,103.0,901.0,1624.0,2016.0,13.7,581.924,0.0,23.0,0.0,0.0,2711
018043,2018-06-30,2018,16346.0,1490.0,462.0,1043.0,2560.0,2034.0,15.5,583.015,95.0,213.0,0.0,0.0,2711
018043,2019-06-30,2019,15711.0,1004.0,449.0,1206.0,2554.0,1643.0,13.49,585.21,681.0,1116.0,0.0,0.0,2711
018043,2020-06-30,2020,14261.0,2329.0,207.0,994.0,3317.0,1517.0,11.86,588.553,926.0,1226.0,0.0,0.0,2711
018043,2021-06-30,2021,16771.0,3401.0,171.0,1313.0,3307.0,2236.0,25.77,590.842,1515.0,557.0,0.0,0.0,2711
018043,2022-06-30,2022,17221.0,3723.0,432.0,1714.0,2994.0,1822.0,15.58,584.371,1690.0,838.0,0.0,179.0,2711
018043,2023-06-30,2023,16921.0,4068.0,139.0,1430.0,3078.0,1833.0,19.5,571.96,514.0,589.0,0.0,243.0,2711
020548,2017-12-31,2017,4727.344,1217.891,304.0,529.608,3072.204,480.047,28.6,460.611,0.0,0.0,0.0,131.714,1311
020548,2018-12-31,2018,4198.829,1226.104,0.0,1204.47,3463.606,2.287,22.35,422.685,158.0,455.0,0.0,880.911,1311
020548,2019-12-31,2019,4487.245,1165.702,90.124,1282.449,3891.622,213.783,17.41,397.925,95.0,102.0,0.0,530.453,1311
020548,2020-12-31,2020,4523.532,975.552,191.991,686.929,4078.347,151.691,16.28,398.872,196.0,283.0,0.0,9.459,1311
020548,2021-12-31,2021,19900.0,3380.0,83.0,2375.0,17692.0,1046.0,19.0,813.53,100.0,290.0,2.0,114.0,1311
020548,2022-12-31,2022,20154.0,2479.0,120.0,6914.0,17861.0,683.0,24.57,768.245,0.0,880.0,12.0,1285.0,1311
020548,2023-12-31,2023,20415.0,1829.0,697.0,3795.0,18270.0,965.0,25.52,751.0,0.0,6.0,2.0,416.0,1311
020779,2017-07-31,2017,129818.0,25725.0,7992.0,14692.0,3322.0,70492.0,31.45,4983.0,6980.0,4151.0,708.0,4304.0,3576
020779,2018-07-31,2018,108784.0,20331.0,5238.0,14750.0,3006.0,46548.0,42.29,4614.0,6877.0,12375.0,623.0,18250.0,3576
020779,2019-07-31,2019,97793.0,14475.0,10191.0,15945.0,2789.0,33434.0,55.4,4250.0,2250.0,6780.0,640.0,21579.0,3576
020779,2020-07-31,2020,94853.0,12239.0,3346.0,15826.0,3374.0,29419.0,47.1,4237.0,0.0,6720.0,655.0,3386.0,3576
020779,2021-07-31,2021,97497.0,9849.0,2845.0,15539.0,3433.0,24532.0,55.37,4217.0,0.0,3000.0,643.0,3513.0,3576
020779,2022-07-31,2022,94002.0,9140.0,1421.0,15993.0,3000.0,19267.0,45.37,4110.0,1049.0,3550.0,660.0,8381.0,3576
020779,2023-07-31,2023,101852.0,7365.0,2046.0,17210.0,3056.0,26337.0,52.04,4066.0,0.0,500.0,700.0,4890.0,3576
020904,2017-09-30,2017,7979.6,2228.9,1155.3,1051.3,491.2,540.6,36.69,275.293,0.0,481.5,49.0,219.8,3844
020904,2018-09-30,2018,7230.9,2760.2,603.0,1028.5,478.2,666.7,40.98,270.088,2850.0,2948.3,33.2,292.5,3844
020904,2019-09-30,2019,6442.1,2836.5,274.8,1063.3,470.9,601.8,50.49,267.685,1500.0,1466.7,49.8,212.9,3844
020904,2020-09-30,2020,7195.8,2796.9,350.3,1552.9,572.2,701.0,66.47,257.498,0.0,47.5,65.6,667.9,3844
020904,2021-09-30,2021,8919.9,2801.1,343.5,2953.9,648.3,1170.3,73.81,253.653,936.3,1048.2,51.3,457.3,3844
020904,2022-09-30,2022,9071.2,2880.2,41.4,2091.8,550.5,2339.5,64.52,247.132,1491.2,1455.0,33.5,565.0,3844
020904,2023-09-30,2023,9139.3,2593.6,310.5,1269.3,579.7,2722.5,69.4,241.709,0.0,19.0,43.0,498.8,3844
022260,2017-12-31,2017,36593.0,32858.0,200.0,8188.0,17895.0,786.0,87.84,350.092,2262.0,753.0,0.0,2051.0,8062
022260,2018-12-31,2018,39207.0,32033.0,788.0,8920.0,19757.0,549.0,124.45,342.895,2000.0,2344.0,0.0,1530.0,8062
022260,2019-12-31,2019,45058.0,35076.0,495.0,9814.0,24549.0,768.0,147.81,338.446,6451.0,5884.0,0.0,1031.0,8062
022260,2020-12-31,2020,47490.0,32468.0,588.0,9983.0,25223.0,1909.0,164.46,339.426,2700.0,5917.0,0.0,441.0,8062
022260,2021-12-31,2021,50742.0,36097.0,629.0,12531.0,26176.0,1554.0,256.92,305.477,7124.0,3869.0,0.0,8215.0,8062
022260,2022-12-31,2022,52438.0,39466.0,734.0,12022.0,27640.0,1000.0,239.96,277.378,6117.0,2830.0,0.0,7000.0,8062
022260,2023-12-31,2023,56211.0,39072.0,2787.0,12704.0,29922.0,1022.0,270.68,265.537,3224.0,1929.0,0.0,3811.0,8062
022325,2018-03-31,2017,5055.687,1214.44,499.186,826.995,304.117,3447.57,72.24,253.377,745.175,457.918,47.454,534.645,3674
022325,2019-03-31,2018,5151.348,1234.807,0.0,1028.498,328.929,3175.684,126.79,253.891,0.0,500.0,48.669,209.886,3674
022325,2020-03-31,2019,4693.334,796.074,510.369,926.425,430.393,2267.216,77.94,243.81,0.0,0.0,53.277,1289.653,3674
022325,2021-03-31,2020,5519.201,1533.546,10.461,902.004,393.345,3078.899,123.9,245.808,744.427,500.0,55.588,117.741,3674
023809,2017-08-31,2017,9259.781,5183.56,48.134,2403.12,4031.018,311.843,528.44,27.833,600.0,490.004,54.686,1071.649,5531
023809,2018-08-31,2018,9346.98,5107.943,52.29,2479.365,4218.4,277.268,766.88,25.742,170.2,299.004,89.715,1592.013,5531
023809,2019-08-31,2019,9895.913,5330.003,56.246,2579.298,4398.751,244.258,1101.69,24.038,750.0,598.607,188.819,2004.896,5531
023809,2020-08-31,2020,14423.872,8170.786,291.344,2899.045,7090.898,1826.933,1196.31,23.376,1850.0,1582.158,68.392,930.903,5531
023809,2021-08-31,2021,14516.199,8088.784,326.5,3395.21,7575.603,1217.342,1549.15,21.138,0.0,309.853,187.757,3378.321,5531
023809,2022-08-31,2022,15275.043,9177.493,336.284,3712.952,8089.236,314.148,2119.21,19.126,1353.4,567.182,113.934,4359.991,5531
023809,2023-08-31,2023,15985.878,10786.297,344.172,3971.563,8594.645,316.693,2531.33,17.857,2356.2,881.055,182.494,3699.552,5531
023812,2017-12-31,2017,8764.286,703.453,0.0,2221.791,2358.605,1409.58,375.96,107.624,57.0,19.925,240.213,301.688,2834
023812,2018-12-31,2018,11734.5,708.5,0.0,2708.5,2575.8,2809.9,373.5,109.006,0.0,0.0,114.5,191.6,2834
023812,2019-12-31,2019,14805.2,713.9,0.0,2520.2,2890.4,3214.3,375.48,110.277,0.0,0.0,211.8,463.9,2834
023812,2020-12-31,2020,17163.3,2695.7,0.0,3808.5,3221.6,3587.0,483.11,106.951,1981.9,0.0,2575.2,6527.6,2834
023812,2021-12-31,2021,25434.8,1980.0,719.7,9513.2,3482.2,5694.7,631.52,108.675,0.0,0.0,1672.3,2678.1,2834
023812,2022-12-31,2022,29214.5,2757.2,12.4,5555.7,3834.2,7742.3,721.49,109.6,0.0,0.0,1519.5,2528.5,2834
023812,2023-12-31,2023,33080.2,2771.6,19.0,4769.6,4224.4,10844.8,878.29,109.4,0.0,0.0,1145.5,2935.6,2834
024197,2017-12-31,2017,1713.416,606.075,655.0,495.825,379.096,471.93,156.38,87.104,0.0,0.0,38.622,290.638,2835
024197,2018-12-31,2018,1537.349,601.348,398.937,577.072,437.27,123.794,186.02,86.1,0.0,0.0,38.201,378.694,2835
024197,2019-12-31,2019,1832.475,766.382,304.046,654.141,614.452,90.326,261.13,85.471,100.0,0.0,36.106,309.711,2835
024197,2020-12-31,2020,2294.561,935.531,67.721,817.919,646.338,383.928,499.87,85.449,200.0,0.0,51.328,203.418,2835
024197,2021-12-31,2021,2437.203,862.582,168.427,1041.652,692.768,144.454,658.46,84.562,0.0,50.0,46.565,762.339,2835
024197,2022-12-31,2022,2746.765,795.626,674.407,1010.511,768.092,112.546,407.96,82.894,0.0,75.0,35.747,830.317,2835
024197,2023-12-31,2023,3259.925,722.554,344.799,1211.922,817.676,453.932,555.05,83.032,0.0,75.0,47.034,81.895,2835
024216,2017-12-31,2017,33112.0,17801.0,2169.0,3319.0,20296.0,1647.0,10.83,660.388,6403.0,5455.0,0.0,0.0,4991
024216,2018-12-31,2018,32521.0,17636.0,1664.0,3389.0,21396.0,1849.0,14.46,662.298,4793.0,5582.0,0.0,0.0,4991
024216,2019-12-31,2019,33648.0,18566.0,1889.0,3175.0,22822.0,1765.0,19.9,663.953,7854.0,7016.0,0.0,0.0,4991
024216,2020-12-31,2020,34603.0,18744.0,1448.0,3586.0,23101.0,1721.0,23.5,665.37,10519.0,9981.0,0.0,0.0,4991
024216,2021-12-31,2021,32963.0,17626.0,1412.0,3586.0,20184.0,1479.0,24.3,666.794,4453.0,4458.0,1014.0,0.0,4991
024216,2022-12-31,2022,38363.0,22114.0,2446.0,3394.0,23395.0,2640.0,28.76,668.743,11412.0,7860.0,0.0,0.0,4991
024216,2023-12-31,2023,44799.0,23133.0,5143.0,3376.0,30338.0,2191.0,19.25,669.693,13024.0,9280.0,0.0,0.0,4991
024316,2017-12-31,2017,4791.012,0.0,0.0,1247.089,230.276,1201.555,63.29,566.298,0.0,0.0,52.626,361.178,2086
024316,2018-12-31,2018,4526.891,0.0,0.0,1340.598,243.051,958.163,49.22,543.676,0.0,0.0,27.851,1342.076,2086
024316,2019-12-31,2019,5150.352,25.651,4.297,1479.166,329.982,1331.02,63.55,536.698,0.0,13.569,92.363,707.3,2086
024316,2020-12-31,2020,6202.716,17.366,3.97,1714.083,337.41,2061.767,92.48,528.097,0.0,3.086,72.936,595.918,2086
024316,2021-12-31,2021,7804.784,17.43,4.95,1830.722,336.91,3076.189,96.04,529.323,2.928,,45.723,13.83,2086
024316,2022-12-31,2022,8293.105,29.627,8.504,1645.962,554.909,2669.455,101.53,522.3,0.075,,64.015,771.028,2086
024316,2023-12-31,2023,9686.522,48.478,17.537,2089.847,949.641,3253.28,57.61,1041.571,,13.914,130.267,658.952,2086
024344,2017-12-31,2017,3546.014,583.902,22.531,619.283,789.437,2090.155,149.86,253.253,34.666,19.336,344.84,0.0,2834
024344,2018-12-31,2018,6245.898,581.55,9.817,831.386,812.005,3173.152,165.71,255.172,20.84,33.388,289.293,350.043,2834
024344,2019-12-31,2019,8318.465,622.868,50.299,1533.966,833.282,3816.298,218.95,258.993,10.046,39.185,343.244,192.015,2834
024344,2020-12-31,2020,11751.808,889.505,52.955,2989.587,1284.098,6659.555,236.34,259.89,13.251,42.275,264.946,739.407,2834
024344,2021-12-31,2021,13432.5,887.2,80.2,2915.9,1424.4,7530.0,219.6,254.479,22.6,47.0,102.0,1561.3,2834
024344,2022-12-31,2022,18150.9,810.3,89.4,4565.5,1455.8,10786.5,288.78,257.012,0.0,85.5,186.3,172.0,2834
024344,2023-12-31,2023,22730.2,724.7,83.7,4488.3,1452.9,11221.5,406.89,257.695,,44.9,134.6,653.7,2834
024468,2017-12-31,2017,23652.6,5935.0,3.2,6638.8,3182.4,3689.0,318.57,211.5,0.0,560.9,0.0,1370.7,2836
024468,2018-12-31,2018,25288.9,5936.5,0.0,7100.9,3601.2,3538.0,300.92,197.2,0.0,3.2,0.0,4354.7,2836
024468,2019-12-31,2019,27234.3,4871.7,1569.4,7968.0,3674.3,4475.9,296.73,174.2,0.0,0.0,0.0,5868.3,2836
024468,2020-12-31,2020,24618.9,7828.2,83.2,5345.9,3844.8,2610.1,244.86,152.4,2967.4,1500.0,0.0,6683.7,2836
024468,2021-12-31,2021,23877.3,6604.4,1088.2,3931.8,3791.8,3846.3,239.92,147.0,0.0,170.0,0.0,1800.7,2836
024468,2022-12-31,2022,24554.1,6614.0,97.2,3651.8,3702.5,5683.9,276.92,144.1,0.0,1002.2,0.0,751.9,2836
024468,2023-12-31,2023,26844.8,7188.2,240.3,3198.3,3729.7,1049.9,258.77,144.9,997.2,809.9,,44.3,2836
024616,2017-12-31,2017,40774.0,0.0,1000.0,2742.0,1528.0,5695.0,73.62,1200.0,0.0,0.0,144.0,1172.0,7389
024616,2018-12-31,2018,43332.0,0.0,1998.0,3303.0,1724.0,9109.0,84.09,1174.0,0.0,0.0,144.0,3939.0,7389
024616,2019-12-31,2019,51333.0,5368.0,104.0,3705.0,2172.0,10761.0,108.17,1173.0,5471.0,2516.0,138.0,1915.0,7389
024616,2020-12-31,2020,70379.0,9581.0,144.0,4977.0,2514.0,13423.0,234.2,1172.0,6966.0,3000.0,137.0,2156.0,7389
024616,2021-12-31,2021,75803.0,8669.0,1141.0,5589.0,2568.0,9505.0,188.58,1168.0,272.0,361.0,162.0,4409.0,7389
024616,2022-12-31,2022,78717.0,10986.0,569.0,5361.0,2304.0,10892.0,71.22,1136.0,3475.0,1686.0,143.0,4535.0,7389
024616,2023-12-31,2023,82166.0,10092.0,1752.0,6016.0,1878.0,14140.0,61.41,1072.0,1528.0,1053.0,127.0,5259.0,7389
024782,2017-12-31,2017,11628.8,3270.8,70.4,1101.1,833.1,695.7,87.16,140.8,6.8,2611.0,0.7,191.5,2834
024782,2018-12-31,2018,10983.4,3052.2,190.2,910.0,829.1,560.5,38.75,135.9,431.0,486.9,1.3,400.0,2834
024782,2019-12-31,2019,11301.4,3467.5,35.4,881.7,1060.3,360.9,51.66,136.1,600.5,476.0,0.9,0.0,2834
024782,2020-12-31,2020,11488.4,3687.6,71.8,902.9,1213.0,644.0,44.72,133.1,743.8,593.9,0.0,164.2,2834
024782,2021-12-31,2021,10425.7,3064.0,629.8,550.4,1058.9,1865.3,38.9,133.8,,30.6,0.0,0.0,2834
024782,2022-12-31,2022,11017.3,4259.9,64.6,576.9,1165.4,600.8,34.09,134.7,1587.3,970.6,0.0,0.0,2834
024782,2023-12-31,2023,10809.1,3792.4,468.1,674.7,1113.7,751.4,32.18,135.5,295.1,325.3,0.0,0.0,2834
024800,2017-09-30,2017,65486.0,19398.0,2495.0,6787.0,3216.0,37308.0,51.84,1474.0,10953.0,0.0,497.0,1342.0,3674
024800,2018-09-30,2018,32686.0,15365.0,1005.0,5438.0,2975.0,12088.0,72.03,1219.0,0.0,5500.0,603.0,22860.0,3674
024800,2019-09-30,2019,32957.0,13437.0,2496.0,4759.0,3081.0,12260.0,76.28,1145.0,0.0,0.0,414.0,2059.0,3674
024800,2020-09-30,2020,35594.0,15597.0,634.0,5822.0,4171.0,11214.0,117.68,1131.0,1988.0,2219.0,329.0,2794.0,3674
024800,2021-09-30,2021,41240.0,14129.0,2170.0,11368.0,5072.0,12414.0,128.98,1125.0,0.0,0.0,347.0,4103.0,3674
024800,2022-09-30,2022,49014.0,14110.0,2049.0,16599.0,5799.0,6382.0,112.98,1121.0,1477.0,1889.0,356.0,3895.0,3674
024800,2023-09-30,2023,51040.0,15055.0,1012.0,10470.0,5654.0,11324.0,111.06,1114.0,1880.0,1446.0,434.0,3494.0,3674
024856,2017-12-31,2017,70283.0,30795.0,2747.0,15593.0,3295.0,26145.0,71.64,1308.0,8985.0,,234.0,954.0,2836
024856,2018-12-31,2018,63675.0,24574.0,2748.0,10494.0,4006.0,30952.0,62.55,1282.0,0.0,,289.0,2900.0,2836
024856,2019-12-31,2019,61627.0,22720.0,2598.0,6491.0,5170.0,24671.0,64.98,1266.0,0.0,,209.0,1749.0,2836
024856,2020-12-31,2020,68407.0,29253.0,2864.0,12068.0,5613.0,8261.0,58.26,1254.0,8184.0,,256.0,1583.0,2836
024856,2021-12-31,2021,67952.0,25668.0,1617.0,14145.0,5663.0,7405.0,72.61,1254.0,0.0,4750.0,169.0,546.0,2836
024856,2022-12-31,2022,63171.0,23424.0,2384.0,13214.0,5980.0,6858.0,85.85,1247.0,0.0,1500.0,309.0,1396.0,2836
024856,2023-12-31,2023,62125.0,23735.0,1923.0,12586.0,5898.0,8350.0,81.01,1246.0,1980.0,2250.0,232.0,1000.0,2836
024925,2017-12-31,2017,14316.413,4354.611,800.944,1553.757,142.535,671.327,259.0,102.493,,1060.0,32.685,,3823
024925,2018-12-31,2018,15249.5,4940.2,1.5,1762.4,128.7,364.4,266.52,103.4,1500.0,1705.0,16.0,,3823
024925,2019-12-31,2019,18108.9,4893.1,659.0,1918.3,406.8,709.7,354.23,104.1,1200.0,865.0,41.7,,3823
024925,2020-12-31,2020,24024.8,9283.7,567.1,1960.8,405.6,308.3,431.09,104.9,4920.0,600.0,74.9,,3823
024925,2021-12-31,2021,23713.9,7303.5,850.6,2206.9,323.8,351.5,491.86,105.5,,1650.0,79.4,,3823
024925,2022-12-31,2022,26980.8,6126.7,745.6,2179.6,281.4,792.8,432.09,106.1,,1270.0,82.5,,7370
024925,2023-12-31,2023,28167.5,5989.3,542.8,2517.0,309.4,214.3,545.17,106.9,360.0,700.0,130.7,,7370
024975,2017-10-31,2017,5396.414,134.063,9.924,586.257,266.014,1048.356,86.52,150.445,320.0,380.625,126.337,416.73,7372
024975,2018-10-31,2018,6145.974,125.535,343.769,601.233,309.31,723.115,89.53,149.265,620.635,295.313,123.829,445.772,7372
024975,2019-10-31,2019,6405.16,120.093,17.614,753.299,429.532,729.771,135.75,150.331,192.897,524.063,156.364,386.328,7372
024975,2020-10-31,2020,8030.062,563.234,100.257,870.304,949.636,1237.176,213.86,152.618,276.489,288.879,197.403,324.303,7372
024975,2021-10-31,2021,8752.26,512.097,154.67,973.742,965.649,1582.349,333.18,153.062,0.0,28.061,210.719,892.031,7372
024975,2022-10-31,2022,9418.087,602.097,54.274,1381.157,1042.39,1567.087,292.55,152.375,0.0,76.838,237.956,1274.005,7372
024975,2023-10-31,2023,10333.131,602.113,85.69,1599.021,1126.09,1592.101,469.44,152.053,0.0,2.603,252.986,1402.132,7372
025056,2017-12-31,2017,69209.0,18294.0,5450.0,8979.0,2707.0,2621.0,91.47,780.0,4270.0,5040.0,206.0,0.0,4888
025119,2017-12-31,2017,12094.853,1559.895,1212.562,1859.352,4270.79,84.884,275.9,74.421,16567.407,16557.465,1.845,13.902,2273
025119,2018-12-31,2018,13099.123,1515.601,1756.997,1707.491,4699.902,119.05,116.96,72.307,18151.334,17639.157,0.002,284.069,2273
025119,2019-12-31,2019,13386.68,1746.543,1163.367,1507.68,5021.92,177.285,136.38,71.632,779.912,824.598,0.001,108.857,2273
025119,2020-12-31,2020,14327.751,2591.613,480.969,1402.468,4914.367,1340.366,140.95,70.278,1680.123,964.837,0.0,192.164,2273
025119,2021-12-31,2021,14224.517,1997.672,731.942,1948.495,5026.832,591.895,182.18,65.609,0.0,932.252,0.0,900.334,2273
025119,2022-12-31,2022,14120.432,2274.699,948.628,1671.079,5048.994,667.623,102.22,63.534,912.952,605.0,0.0,307.572,2273
025119,2023-12-31,2023,13559.869,2039.291,1112.798,1441.059,5421.698,642.55,103.5,63.686,1673.377,1015.186,0.0,0.0,2273
025124,2017-12-31,2017,20436.0,7783.0,1217.0,3680.0,12057.0,617.0,154.68,286.777,11.0,583.0,120.0,12.0,2810
025124,2018-12-31,2018,93386.0,12288.0,3008.0,4442.0,29717.0,4466.0,156.04,547.242,8.0,3124.0,77.0,599.0,2810
025124,2019-12-31,2019,86612.0,11409.0,3523.0,7955.0,30089.0,2700.0,212.9,534.381,99.0,1583.0,72.0,2658.0,2810
025124,2020-12-31,2020,88229.0,12946.0,4277.0,8515.0,29801.0,3754.0,263.51,523.295,2796.0,2681.0,47.0,2457.0,2810
025124,2021-12-31,2021,81605.0,12082.0,3134.0,9918.0,27019.0,2823.0,346.43,508.681,2283.0,1468.0,50.0,4612.0,2810
025124,2022-12-31,2022,79658.0,12852.0,5939.0,10664.0,24420.0,5436.0,326.18,492.458,3210.0,1785.0,36.0,5168.0,2810
025124,2023-12-31,2023,80811.0,14112.0,6203.0,11921.0,25490.0,4664.0,410.71,482.445,2188.0,1682.0,33.0,3958.0,2810
025279,2017-12-31,2017,19042.0,3815.0,1801.0,2530.0,1697.0,991.0,24.79,1373.497,2156.0,3216.0,85.0,65.0,3845
025279,2018-12-31,2018,20999.0,4803.0,2252.0,2801.0,1782.0,801.0,35.34,1384.582,1556.0,1171.0,101.0,56.0,3845
025279,2019-12-31,2019,30565.0,8868.0,1483.0,3080.0,2415.0,563.0,45.22,1394.923,7229.0,3560.0,123.0,65.0,3845
025279,2020-12-31,2020,30777.0,9531.0,83.0,2251.0,2542.0,1942.0,35.95,1416.622,3598.0,3179.0,2061.0,594.0,3845
025279,2021-12-31,2021,32229.0,9193.0,332.0,3365.0,2687.0,2113.0,42.48,1425.52,0.0,0.0,110.0,50.0,3845
025279,2022-12-31,2022,32469.0,9262.0,81.0,3596.0,2832.0,1077.0,46.27,1433.344,3270.0,3185.0,136.0,53.0,3845
025279,2023-12-31,2023,35136.0,8961.0,607.0,4105.0,3298.0,995.0,57.81,1465.71,0.0,0.0,182.0,56.0,3845
025283,2018-01-31,2017,13340.0,4388.0,126.0,2407.0,7773.0,1308.0,64.77,168.0,0.0,138.0,18.0,320.0,5311
025283,2019-01-31,2018,12469.0,3384.0,115.0,2325.0,7428.0,934.0,68.69,163.0,0.0,1069.0,36.0,430.0,5311
025283,2020-01-31,2019,14555.0,5842.0,282.0,2016.0,9743.0,723.0,42.75,156.0,11.0,119.0,1.0,501.0,5311
025283,2021-01-31,2020,15337.0,6463.0,276.0,874.0,9087.0,2271.0,44.06,158.0,2106.0,1602.0,0.0,30.0,5311
025283,2022-01-31,2021,15054.0,6522.0,263.0,2518.0,9552.0,1587.0,59.71,131.0,515.0,1169.0,1.0,1382.0,5311
025283,2023-01-31,2022,14345.0,7001.0,565.0,1054.0,10230.0,153.0,32.37,111.0,11.0,106.0,1.0,679.0,5311
025283,2024-01-31,2023,14009.0,7099.0,277.0,1466.0,10219.0,183.0,25.76,111.0,21.0,368.0,0.0,16.0,5311
025340,2017-09-30,2017,12184.6,2042.0,829.6,1640.5,377.0,1017.1,39.93,374.986,835.0,1245.3,46.7,60.6,1531
025340,2018-09-30,2018,14114.6,2103.5,1100.0,2096.2,440.3,1506.0,42.18,376.262,2381.2,2181.7,47.4,137.8,1531
025340,2019-09-30,2019,15606.6,1794.1,1605.3,2123.2,497.7,1514.0,52.71,368.431,2528.2,2686.1,42.7,499.5,1531
025340,2020-09-30,2020,18912.3,2741.6,1578.7,2984.5,718.4,3040.1,75.63,364.0,2346.1,1682.9,23.4,398.6,1531
025340,2021-09-30,2021,24015.9,3549.4,1900.0,5421.4,428.5,3237.2,83.97,356.016,1541.6,826.3,22.7,926.9,1531
025340,2022-09-30,2022,30351.1,3614.8,2500.0,7685.6,518.2,2572.9,67.35,343.953,4250.0,3801.2,33.2,1193.5,1531
025340,2023-09-30,2023,32582.4,2974.0,2168.6,6261.2,492.0,3900.1,107.47,334.849,711.0,1823.9,25.5,1234.6,1531
025356,2017-12-31,2017,54255.8,14981.5,1032.9,7208.1,551.3,2309.6,74.64,564.4,1398.9,1125.0,81.0,2938.0,5912
025434,2017-09-30,2017,14365.6,3932.6,0.0,4919.5,4919.5,2690.9,53.71,1431.6,750.2,400.0,150.8,2125.3,5812
025434,2018-09-30,2018,24156.4,9090.2,349.9,5120.5,5929.1,8937.8,56.84,1309.1,5584.1,0.0,153.9,7196.2,5812
025434,2019-09-30,2019,19219.6,11167.0,0.0,5305.6,6431.7,2757.1,88.42,1184.6,1996.0,350.0,409.8,10333.9,5812
025434,2020-09-30,2020,29374.5,22321.3,2937.5,2730.9,14375.5,4632.1,85.92,1173.3,4727.6,0.0,298.8,1790.8,5812
025434,2021-09-30,2021,31392.6,21354.9,2250.2,5888.9,14605.5,6617.9,110.31,1180.0,0.0,1250.0,246.2,97.0,5812
025434,2022-09-30,2022,27978.4,20635.1,3169.7,5873.7,14576.1,3258.5,84.26,1147.9,1498.1,1000.0,101.6,4140.2,5812
025434,2023-09-30,2023,29445.5,21472.4,3127.4,6865.6,15799.7,3973.6,91.27,1142.6,1497.8,1000.0,167.4,1073.7,5812
025880,2018-04-30,2017,3471.664,922.03,92.598,303.705,290.59,62.984,23.28,94.756,150.0,164.754,0.0,87.5,5047
025880,2019-04-30,2018,3269.269,725.341,23.975,248.752,305.79,95.646,21.84,95.272,0.0,249.542,0.0,0.0,5047
025880,2020-04-30,2019,2715.35,637.62,30.706,281.833,382.746,77.944,18.28,95.947,300.0,460.84,0.0,0.0,5047
025880,2021-04-30,2020,2751.511,535.863,186.002,289.503,296.655,143.244,32.14,96.813,0.0,0.0,0.0,0.0,5047
025880,2022-04-30,2021,2741.63,531.886,58.348,316.188,283.862,142.014,30.77,96.762,0.0,100.75,0.0,35.0,5047
025880,2023-04-30,2022,2879.146,518.607,109.39,356.075,305.239,159.669,27.11,96.35,0.0,1.5,0.0,55.492,5047
025880,2024-04-30,2023,2896.732,421.375,341.565,341.08,351.376,114.462,25.47,89.701,0.0,36.0,0.0,229.508,5047
026156,2017-10-31,2017,61406.0,10182.0,3850.0,4406.0,6269.0,9579.0,13.92,1595.161,2259.0,3783.0,411.0,2556.0,3571
026156,2018-10-31,2018,55493.0,10136.0,2005.0,5060.0,6138.0,4880.0,15.25,1423.303,2457.0,4138.0,116.0,3568.0,3571
026156,2019-10-31,2019,51803.0,9395.0,4425.0,5019.0,6054.0,4076.0,16.41,1294.369,3517.0,2203.0,48.0,2249.0,3571
026156,2020-10-31,2020,54015.0,13084.0,3943.0,4279.0,6555.0,4621.0,8.64,1287.01,7007.0,5099.0,-36.0,355.0,3571
026156,2021-10-31,2021,57699.0,10834.0,3744.0,4711.0,6497.0,4332.0,14.65,1294.634,3022.0,5465.0,,242.0,3571
026156,2022-10-31,2022,57123.0,8704.0,4780.0,4818.0,6638.0,4763.0,14.27,1281.037,3296.0,3992.0,,565.0,3571
026156,2023-10-31,2023,57153.0,8453.0,5062.0,5058.0,6969.0,4581.0,15.38,1282.63,4725.0,4887.0,,527.0,3571
026590,2017-12-31,2017,10500.6,4056.2,0.0,1550.8,712.5,962.1,72.35,347.8,683.5,,0.0,0.0,3829
026590,2018-12-31,2018,12905.6,2974.7,455.6,1513.6,576.1,1178.4,67.66,334.5,1750.0,1850.0,1337.4,0.0,3829
026590,2019-12-31,2019,17439.0,4987.4,1554.9,1632.7,726.3,1205.2,76.39,336.0,2913.2,455.3,0.0,0.0,3829
026590,2020-12-31,2020,16051.5,2984.6,1446.8,1021.8,610.7,2944.0,70.82,337.9,741.7,1730.8,0.0,0.0,3829
026590,2021-12-31,2021,16465.5,1947.2,2196.3,1286.9,571.1,819.3,76.29,359.1,999.8,611.1,0.0,0.0,3829
026590,2022-12-31,2022,15890.6,2382.6,1038.1,1498.0,583.9,709.2,64.25,352.9,1394.1,2156.5,0.0,442.9,3829
026590,2023-12-31,2023,16911.8,3772.5,37.6,1653.5,594.8,1888.8,73.63,350.7,549.3,1000.0,0.0,272.9,3829
027786,2017-12-31,2017,12425.0,9921.0,52.0,2514.0,10680.0,5.0,3.96,906.492,9356.0,9582.0,0.0,0.0,1311
027786,2018-12-31,2018,10947.0,7341.0,381.0,2722.0,9030.0,4.0,2.1,910.469,12933.0,14994.0,0.0,0.0,1311
027786,2019-12-31,2019,16193.0,9098.0,403.0,2265.0,14756.0,6.0,0.8256,1949.314,12239.0,11253.0,0.0,0.0,1311
027786,2020-12-31,2020,6584.0,2.0,1962.0,-7130.0,5242.0,279.0,1.52,9.781,3716.0,3471.0,0.0,0.0,1311
027786,2021-12-31,2021,11009.0,2287.0,29.0,1714.0,8802.0,914.0,64.52,117.917,1030.0,1738.0,602.0,0.0,1311
027786,2022-12-31,2022,15468.0,3126.0,86.0,5279.0,11187.0,192.0,94.37,134.715,11183.0,10354.0,27.0,1073.0,1311
027786,2023-12-31,2023,14376.0,2043.0,84.0,3728.0,10097.0,1153.0,76.94,130.79,1125.0,2175.0,0.0,355.0,1311
027845,2017-12-31,2017,118341.9,25843.5,4231.8,7307.1,1785.4,6449.3,163.58,330.2,3550.0,6413.6,183.4,493.0,2834
027845,2018-12-31,2018,101787.6,22929.4,868.3,7106.7,1787.0,1907.3,133.66,332.6,2657.0,8804.5,102.4,2775.4,2834
027845,2019-12-31,2019,94699.1,18562.6,4656.9,7577.2,2416.9,5914.9,191.17,328.6,11.9,1044.9,91.2,840.6,2834
027928,2017-07-31,2017,4068.0,438.0,50.0,1631.0,1030.0,777.0,137.21,255.668,0.0,512.0,226.0,992.0,7372
027928,2018-07-31,2018,5178.0,388.0,50.0,1831.0,812.0,1716.0,204.24,258.616,0.0,50.0,295.0,471.0,7372
027928,2019-07-31,2019,6283.0,386.0,50.0,2080.0,780.0,2740.0,277.31,260.18,48.0,50.0,284.0,807.0,7372
027928,2020-07-31,2020,10931.0,2252.0,1384.0,2433.0,960.0,7050.0,306.37,261.74,1983.0,50.0,211.0,567.0,7372
027928,2021-07-31,2021,15516.0,2414.0,66.0,2879.0,1160.0,3870.0,529.97,273.235,0.0,338.0,196.0,1388.0,7372
027928,2022-07-31,2022,27734.0,6957.0,583.0,3527.0,1437.0,3281.0,456.17,281.932,4700.0,0.0,162.0,2472.0,7372
027928,2023-07-31,2023,27780.0,6600.0,89.0,3951.0,1438.0,3662.0,511.7,280.421,0.0,1009.0,228.0,2600.0,7372
027965,2018-03-31,2017,8257.2,1758.4,1309.9,1579.7,767.9,2196.6,91.36,235.028,187.0,261.2,42.0,44.4,3674
027965,2019-03-31,2018,18350.0,8946.2,1360.8,2036.5,996.7,430.9,82.96,237.59,9406.0,4296.2,42.6,71.8,3674
027965,2020-03-31,2019,17426.1,8968.1,653.3,1958.6,995.6,403.0,67.8,245.326,1637.9,2707.8,58.8,68.1,3674
027965,2021-03-31,2020,16478.8,7706.6,1362.7,2176.7,1009.0,282.0,155.22,273.529,7543.8,8958.4,60.3,64.6,3674
027965,2022-03-31,2021,16199.5,7816.3,33.8,3036.1,1121.2,319.4,75.14,554.501,5173.0,6549.0,70.5,509.8,3674
027965,2023-03-31,2022,16370.3,5170.3,1429.7,4117.9,1331.9,234.0,83.78,545.46,5935.0,7405.3,82.3,1021.6,3674
027965,2024-03-31,2023,15873.2,5129.1,1032.0,3439.7,1350.9,319.7,89.71,536.664,17054.8,17594.1,82.1,1043.2,3674
028180,2017-12-31,2017,7571.885,2978.39,0.0,1951.645,3343.806,46.348,240.54,84.302,3849.8,2755.0,45.762,2172.53,5531
028180,2018-12-31,2018,7980.789,3417.122,0.0,2075.021,3587.002,31.315,344.33,79.044,2912.66,2473.0,72.146,1714.013,5531
028180,2019-12-31,2019,10717.16,5545.824,316.061,2191.601,5876.572,40.406,438.26,75.619,3207.955,2734.0,60.206,1432.791,5531
028180,2020-12-31,2020,11596.642,5841.908,322.778,2733.971,6090.045,465.64,452.57,71.123,2159.515,1923.0,62.284,2087.194,5531
028180,2021-12-31,2021,11718.707,5528.735,337.832,3245.385,6195.993,362.113,706.23,67.029,0.0,300.0,84.915,2476.048,5531
028180,2022-12-31,2022,12627.979,6178.309,366.721,3340.424,6536.308,108.583,844.03,62.353,1633.114,1085.8,79.356,3282.265,5531
028180,2023-12-31,2023,13872.995,7451.469,389.536,3595.437,7237.534,279.132,950.08,59.073,4723.444,3527.0,91.316,3151.155,5531
028191,2017-12-31,2017,22296.317,6350.937,1188.514,2664.348,19735.18,120.112,119.28,213.338,5866.966,7835.087,2.525,224.998,4400
028191,2018-12-31,2018,27698.27,8355.37,2422.329,2971.512,23466.163,287.852,97.79,209.017,8590.74,6963.511,4.264,575.039,4400
028191,2019-12-31,2019,30320.284,9015.751,2717.742,3357.247,26154.363,243.738,133.51,208.801,3525.564,4060.244,1.742,99.582,4400
028191,2020-12-31,2020,32465.187,18521.832,1473.764,-1704.07,25846.58,3684.474,74.69,237.399,13547.189,3845.133,1431.375,0.0,4400
028191,2021-12-31,2021,32258.355,19381.935,2312.053,-2495.455,26450.077,2701.77,76.9,254.82,4427.789,2256.99,1621.86,0.0,4400
028191,2022-12-31,2022,33776.361,21826.486,2167.471,654.9,28084.004,1935.005,49.43,255.239,9787.166,7728.568,0.0,0.0,4400
028191,2023-12-31,2023,35131.0,20345.0,1785.0,4343.0,30725.0,497.0,129.49,256.424,7641.0,9566.0,0.0,0.0,4400
028192,2017-12-31,2017,18718.0,6806.0,38.0,1854.0,5594.0,2154.0,27.25,481.417,816.0,1634.0,50.0,0.0,3728
028192,2018-12-31,2018,18693.0,5896.0,434.0,1966.0,5704.0,2283.0,16.86,483.271,600.0,1120.0,16.0,0.0,3728
028192,2019-12-31,2019,17578.0,5100.0,1105.0,2305.0,5715.0,1703.0,30.77,432.855,400.0,806.0,56.0,1150.0,3728
028192,2020-12-31,2020,11443.0,4799.0,414.0,1088.0,2723.0,1611.0,28.54,432.906,2400.0,2043.0,33.0,73.0,3728
028192,2021-12-31,2021,10219.0,4308.0,38.0,1104.0,2575.0,722.0,31.83,421.692,700.0,1538.0,22.0,430.0,3728
028192,2022-12-31,2022,10255.0,4245.0,32.0,1273.0,2443.0,792.0,39.41,412.155,0.0,69.0,16.0,400.0,3728
028192,2023-12-31,2023,10428.0,3597.0,238.0,1494.0,2456.0,610.0,54.12,409.914,400.0,876.0,11.0,327.0,3728
028477,2017-12-31,2017,2810.026,420.684,0.0,405.892,263.996,519.09,46.62,138.869,0.0,97.5,58.241,10.731,3812
028477,2018-12-31,2018,2781.242,421.948,0.0,442.517,247.407,512.144,43.54,135.516,0.0,0.0,29.124,259.934,3812
028477,2019-12-31,2019,3137.541,648.419,28.444,442.641,291.384,284.592,52.07,134.394,723.054,468.224,28.418,136.991,3812
028477,2020-12-31,2020,3252.348,724.919,13.473,473.975,300.515,297.795,43.83,131.153,669.234,628.679,11.981,177.585,3812
028742,2017-12-31,2017,9787.6,2103.7,84.6,1629.4,2863.8,545.3,51.09,210.813,3.0,19.3,,100.0,3714
028742,2018-12-31,2018,10095.3,1940.7,172.6,1715.0,2903.8,739.4,34.74,208.215,58.7,65.7,,150.0,3714
028742,2019-12-31,2019,9702.0,1741.0,304.0,1667.0,3010.0,832.0,43.38,206.408,63.0,204.0,0.0,100.0,3714
028742,2020-12-31,2020,16029.0,3910.0,96.0,1554.0,4802.0,1650.0,38.64,238.931,1178.0,331.0,0.0,216.0,3714
028742,2021-12-31,2021,16575.0,4413.0,109.0,2167.0,4580.0,1844.0,45.07,239.777,1286.0,699.0,0.0,0.0,3714
028742,2022-12-31,2022,16994.0,4332.0,104.0,2212.0,4564.0,1338.0,40.25,234.122,5.0,13.0,0.0,240.0,3714
028742,2023-12-31,2023,14453.0,3819.0,110.0,1834.0,3926.0,1534.0,35.85,229.784,18.0,451.0,0.0,177.0,3714
028930,2017-12-31,2017,23948.0,7840.0,398.0,2936.0,1793.0,383.0,135.73,359.1,25.0,310.0,6.0,3170.0,7011
028930,2018-12-31,2018,23696.0,8514.0,833.0,2894.0,1956.0,316.0,108.56,339.1,1646.0,526.0,4.0,2955.0,7011
028930,2019-12-31,2019,25051.0,10845.0,1107.0,2400.0,2792.0,225.0,151.43,324.0,2348.0,835.0,7.0,2408.0,7011
028930,2020-12-31,2020,24701.0,10026.0,1320.0,1257.0,2266.0,877.0,131.92,324.4,3561.0,4177.0,0.0,253.0,7011
028930,2021-12-31,2021,25553.0,10431.0,955.0,2032.0,2565.0,1393.0,165.24,326.3,1943.0,2174.0,2.0,90.0,7011
028930,2022-12-31,2022,24815.0,10414.0,790.0,3785.0,2572.0,507.0,148.89,310.6,983.0,986.0,0.0,2655.0,7011
028930,2023-12-31,2023,25674.0,12207.0,658.0,4299.0,2510.0,338.0,225.51,290.54,2464.0,684.0,29.0,4061.0,7011
029028,2017-08-31,2017,36347.0,6946.0,93.0,5430.0,18161.0,5779.0,156.74,437.204,3782.0,2200.0,0.0,671.0,5399
029028,2018-08-31,2018,40830.0,6877.0,97.0,5917.0,19681.0,7259.0,233.13,438.189,0.0,86.0,0.0,545.0,5399
029028,2019-08-31,2019,45400.0,5519.0,1725.0,6352.0,20890.0,9444.0,294.76,439.625,298.0,89.0,0.0,519.0,5399
029028,2020-08-31,2020,55556.0,10729.0,357.0,7584.0,25187.0,13305.0,347.66,441.255,3992.0,3200.0,0.0,526.0,5399
029028,2021-08-31,2021,59268.0,10314.0,1093.0,9004.0,27382.0,12175.0,455.49,441.825,0.0,94.0,0.0,808.0,5399
029028,2022-08-31,2022,64166.0,10349.0,557.0,9693.0,29040.0,11049.0,522.1,442.664,0.0,800.0,0.0,802.0,5399
029028,2023-08-31,2023,68994.0,9106.0,1430.0,10191.0,30722.0,15234.0,549.28,442.793,0.0,366.0,0.0,979.0,5399
029127,2017-12-31,2017,2302.582,16.608,7.393,-177.93,259.763,1169.645,94.71,211.263,0.0,8.934,716.151,,2836
029127,2018-12-31,2018,2645.762,17.434,18.696,209.196,319.751,1438.323,63.59,213.275,0.0,0.0,29.942,0.0,2836
029127,2019-12-31,2019,3426.75,43.772,28.307,475.288,406.625,2117.554,87.32,216.178,0.0,0.822,63.299,0.0,2836
029127,2020-12-31,2020,3560.918,46.761,14.958,-189.191,588.076,1801.377,86.98,219.489,0.0,0.836,110.305,0.0,2836
029127,2021-12-31,2021,4933.352,47.24,13.189,678.29,751.468,2348.192,73.4,221.084,0.0,2.417,58.626,29.94,2836
029127,2022-12-31,2022,5840.984,44.192,11.374,659.389,765.608,3238.965,80.32,222.747,0.0,2.862,61.115,26.301,2836
029127,2023-12-31,2023,6782.107,43.446,9.125,737.958,777.048,3656.043,62.79,224.287,0.0,3.36,35.836,28.55,2836
029173,2017-12-31,2017,4961.0,2434.0,0.0,984.0,4099.0,326.0,31.53,199.705,0.0,0.0,3.0,15.0,1311
029392,2017-12-31,2017,15999.0,6147.0,393.0,2236.0,5607.0,191.0,92.64,142.916,675.0,1044.0,,350.0,2821
029392,2018-12-31,2018,15995.0,5925.0,243.0,2113.0,5600.0,226.0,73.11,139.727,1604.0,1920.0,0.0,400.0,2821
029392,2019-12-31,2019,16008.0,5752.0,226.0,1919.0,5768.0,204.0,79.26,135.942,460.0,760.0,0.0,325.0,2821
029392,2020-12-31,2020,16083.0,5392.0,405.0,1668.0,5725.0,564.0,100.28,135.811,249.0,556.0,0.0,60.0,2821
029392,2021-12-31,2021,15519.0,4569.0,797.0,2003.0,5212.0,459.0,120.91,128.917,,350.0,,1000.0,2800
029392,2022-12-31,2022,14667.0,4175.0,1178.0,1675.0,5371.0,493.0,81.44,118.746,826.0,750.0,,1002.0,2800
029392,2023-12-31,2023,14633.0,4425.0,593.0,1578.0,5728.0,548.0,89.82,117.293,796.0,1134.0,0.0,150.0,2800
029733,2017-12-31,2017,8992.511,2736.919,303.532,1003.798,3592.813,1446.364,221.04,62.873,2408.83,1068.591,10.11,111.804,1400
029733,2018-12-31,2018,9551.419,2738.069,393.291,1044.771,5157.229,44.892,171.87,62.515,1000.0,913.538,7.201,112.242,1400
029733,2019-12-31,2019,10131.6,2873.4,395.5,1243.7,5687.9,21.0,279.64,62.4,625.0,986.1,13.7,126.3,1400
029733,2020-12-31,2020,10580.8,3057.4,51.9,1342.6,5695.3,304.4,283.97,62.3,628.1,780.6,2.3,64.5,1400
029733,2021-12-31,2021,14393.0,5671.3,67.2,1474.4,6764.7,258.9,440.52,62.4,2896.7,431.2,1.3,19.5,1400
029733,2022-12-31,2022,14993.6,4858.9,769.0,1526.0,6700.2,1063.4,337.97,62.1,0.0,69.5,0.6,178.8,1400
029733,2023-12-31,2023,15124.9,4451.8,473.0,2087.1,6557.5,1282.3,498.91,61.821,0.0,717.6,1.2,172.1,1400
029736,2017-12-31,2017,2868.769,433.686,28.545,852.216,1044.503,109.148,74.75,125.303,1180.0,1029.946,16.33,370.219,5200
029736,2018-12-31,2018,3085.262,410.37,29.896,879.088,1134.464,86.299,83.44,121.828,1193.5,1215.496,79.643,351.143,5200
029736,2019-12-31,2019,5289.268,2398.031,311.135,942.14,3352.758,84.241,93.44,118.165,1002.0,1016.958,115.981,537.137,5200
029736,2020-12-31,2020,7049.116,3238.324,303.25,1405.203,3672.841,1341.756,140.58,116.246,2009.0,1410.67,99.34,350.756,5200
029736,2021-12-31,2021,7767.467,3594.112,325.182,1640.156,4403.664,878.03,238.6,113.125,0.0,4.58,82.249,813.769,5200
029736,2022-12-31,2022,8489.99,3920.584,349.576,1788.305,5037.417,202.502,224.97,110.251,1010.0,836.058,25.535,728.655,5200
029736,2023-12-31,2023,9188.151,4663.21,372.772,1871.961,5579.155,397.071,215.03,107.976,1767.0,1199.808,24.397,618.635,5200
029751,2017-12-31,2017,7750.772,1415.36,422.012,872.854,2493.31,1137.303,127.89,110.547,165.751,778.209,8.238,258.376,2810
029751,2018-12-31,2018,7581.674,1397.916,307.294,940.425,3021.084,555.32,77.07,105.616,,113.567,3.633,517.24,2810
029751,2019-12-31,2019,9860.863,2977.607,210.473,976.134,5043.337,613.11,73.04,106.04,1597.807,301.579,4.814,11.031,2810
029751,2020-12-31,2020,10450.946,2884.146,826.974,783.159,5490.917,746.724,147.52,106.842,589.798,250.0,40.437,5.143,2810
029751,2021-12-31,2021,10974.118,2131.316,421.523,827.99,6064.357,439.272,233.77,117.015,60.991,1173.823,1472.28,8.14,2810
029751,2022-12-31,2022,15456.522,3314.241,37.643,2803.502,7091.17,1499.142,216.86,117.168,1964.216,1096.662,2.783,13.338,2810
029751,2023-12-31,2023,18270.652,3654.683,656.344,864.977,9632.609,889.9,144.48,117.356,973.061,28.862,0.19,27.468,2810
029830,2017-09-30,2017,25089.0,5946.1,608.7,2249.6,9118.3,304.0,56.73,254.5,2162.8,2331.9,35.8,93.0,2650
029830,2018-09-30,2018,25360.5,5674.5,740.7,2829.6,9082.5,636.8,53.44,253.5,2052.5,2148.4,26.6,195.1,2650
029830,2019-09-30,2019,30156.7,9502.3,561.1,3140.9,11189.5,151.6,36.45,257.8,7607.0,5631.6,18.3,88.6,2650
029830,2020-09-30,2020,28779.7,9753.5,395.6,2620.4,11437.5,251.1,34.74,260.4,1723.0,2396.9,22.2,,2650
029830,2021-09-30,2021,29254.3,8563.2,346.7,2802.7,11246.1,290.9,49.83,265.0,694.9,1959.3,18.2,122.4,2650
029830,2022-09-30,2022,28405.5,8126.1,404.1,3139.7,10781.0,260.2,30.89,254.4,912.1,1364.8,5.0,600.0,2650
029830,2023-09-30,2023,27443.7,8550.6,735.4,2737.3,11711.7,393.4,35.8,256.4,1889.3,2072.1,0.0,0.0,2650
030923,2017-12-31,2017,28263.7,3777.9,77.1,1873.2,3871.5,6807.3,31.31,465.0,260.6,888.0,0.0,105.1,1389
030923,2018-12-31,2018,24784.5,4124.3,67.4,1591.8,3259.8,5540.0,19.58,450.4,496.6,,0.0,442.6,1389
030923,2019-12-31,2019,23518.8,4661.7,770.5,1577.0,4054.6,5239.9,21.44,447.1,153.5,,0.0,92.7,1389
030923,2020-12-31,2020,19692.6,4198.7,910.1,989.2,3906.0,4832.0,9.4,449.5,223.2,978.4,0.0,7.4,1389
030923,2021-12-31,2021,10020.1,2425.2,404.5,486.0,3357.3,1653.5,5.92,450.7,1164.4,2436.5,0.0,0.0,1389
030923,2022-12-31,2022,9444.3,1736.4,555.3,589.7,3208.4,1072.2,12.19,442.2,60.9,451.7,0.0,100.2,1389
030923,2023-12-31,2023,9656.6,1669.0,300.2,907.0,3102.1,953.0,20.14,432.9,0.0,0.0,0.0,205.1,1389
031587,2018-01-31,2017,16332.8,4762.1,915.9,2641.4,3200.7,1097.8,115.0,237.326,0.0,659.1,35.0,27.4,5331
031587,2019-01-31,2018,13501.2,4265.3,0.0,2408.6,3445.3,422.1,96.83,238.082,4825.8,6264.7,17.5,23.2,5331
031587,2020-01-31,2019,19574.6,8501.7,1529.3,2181.8,10106.8,539.2,87.07,236.727,0.0,500.0,15.2,225.0,5331
031587,2021-01-31,2020,20696.0,8291.7,1348.2,2816.3,10440.4,1416.7,101.66,233.383,750.0,1300.0,17.0,416.9,5331
031587,2022-01-31,2021,21721.8,8562.5,1407.8,2543.9,10902.6,984.9,131.22,225.1,1197.4,1000.0,17.8,992.4,5331
031587,2023-01-31,2022,23022.1,8676.9,1449.6,2987.7,11430.2,642.8,150.18,221.223,555.0,555.0,9.3,696.1,5331
031587,2024-01-31,2023,22023.5,8873.9,1513.0,2629.3,12632.4,684.9,130.62,217.907,0.0,0.0,10.0,540.0,5331
031673,2017-09-30,2017,35316.47,3781.569,12.121,2441.197,1797.945,2435.115,82.75,217.994,9336.4,10085.953,102.923,339.34,5122
031673,2018-09-30,2018,37669.838,4510.828,151.657,2238.794,1892.424,2492.516,92.22,213.217,26444.134,25808.439,138.456,647.481,5122
031673,2019-09-30,2019,39171.98,4354.398,139.012,2402.492,1770.516,3374.194,82.33,206.761,1147.074,1280.147,76.234,680.018,5122
031673,2020-09-30,2020,44274.83,4003.768,593.846,2488.166,1928.33,4597.746,96.92,204.226,716.426,748.432,159.533,430.236,5122
031673,2021-09-30,2021,57337.805,7329.866,475.565,3180.072,3230.136,3010.128,119.45,208.089,8135.795,5919.243,198.75,105.697,5122
031673,2022-09-30,2022,56560.616,5496.648,1228.657,3489.651,3079.977,3533.169,135.33,206.204,4987.794,5910.897,93.912,521.78,5122
031673,2023-09-30,2023,62558.746,5070.36,823.806,3505.873,3154.539,2689.773,179.97,200.815,78375.986,78999.244,61.152,1252.007,5122
031846,2018-05-31,2017,5469.6,1093.4,6.6,1102.1,2429.8,146.9,87.41,123.54,300.0,413.6,37.8,234.8,5812
031846,2019-05-31,2018,5892.8,1096.2,6.8,1171.7,2552.6,457.3,116.32,123.08,40.9,6.2,59.3,207.5,5812
031846,2020-05-31,2019,9946.1,5573.5,436.3,742.8,6726.1,763.3,76.86,129.894,0.0,5.2,525.9,330.3,5812
031846,2021-05-31,2020,10656.1,5573.6,184.1,1038.2,6645.6,1214.7,143.23,130.763,0.0,7.1,46.2,45.4,5812
031846,2022-05-31,2021,10135.8,5675.4,202.4,1521.8,6821.1,472.1,125.0,123.946,0.0,12.9,40.2,1071.3,5812
031846,2023-05-31,2022,10241.5,5725.1,196.0,1576.6,7099.0,416.2,158.52,121.071,0.0,19.8,35.4,458.7,5812
031846,2024-05-31,2023,11323.0,6432.2,300.9,1811.0,7613.6,220.1,150.39,118.863,1100.0,619.9,43.6,453.9,5812
031887,2017-06-30,2017,3468.487,1078.611,0.0,573.959,394.241,821.935,77.87,142.175,450.0,545.0,30.161,0.0,3845
031887,2018-06-30,2018,3063.923,269.988,11.466,680.634,386.55,188.701,103.58,142.68,350.0,1146.242,23.332,53.801,3845
031887,2019-06-30,2019,4107.682,1258.861,11.992,786.495,387.46,147.128,122.03,143.655,1519.23,711.745,36.727,50.948,3845
031887,2020-06-30,2020,4587.376,1266.013,33.25,962.654,535.683,463.156,192.0,144.887,1190.0,1284.012,48.182,46.061,3845
031887,2021-06-30,2021,4728.125,758.13,35.585,1077.488,592.065,324.362,246.52,145.648,90.0,612.0,37.79,50.209,3845
031887,2022-06-30,2022,5095.853,885.778,31.772,1160.078,630.495,282.877,209.63,146.411,288.0,166.0,47.384,52.406,3845
031887,2023-06-30,2023,6751.708,1548.087,31.821,1316.113,665.811,240.314,218.5,147.064,1070.0,405.0,49.142,30.631,3845
032106,2017-12-31,2017,57050.0,6312.0,2037.0,1781.0,6959.0,7023.0,31.64,422.208,3928.0,177.0,0.0,174.0,1389
032106,2018-12-31,2018,52439.0,6285.0,942.0,2878.0,6228.0,3723.0,21.5,513.399,0.0,684.0,0.0,387.0,1389
032106,2019-12-31,2019,53369.0,6942.0,522.0,3018.0,7069.0,3249.0,25.63,650.065,525.0,570.0,0.0,0.0,1389
032106,2020-12-31,2020,38007.0,7335.0,1107.0,2358.0,6160.0,4132.0,20.85,723.999,500.0,42.0,0.0,0.0,1389
032106,2021-12-31,2021,35308.0,7311.0,236.0,2684.0,5699.0,4894.0,24.06,909.142,1250.0,1313.0,0.0,434.0,1389
032106,2022-12-31,2022,34181.0,6532.0,866.0,2982.0,5295.0,3236.0,29.53,1005.96,0.0,0.0,0.0,828.0,1389
032106,2023-12-31,2023,36945.0,6421.0,368.0,3762.0,5662.0,3621.0,34.18,997.709,0.0,651.0,0.0,538.0,1389
060900,2017-12-31,2017,29773.766,15134.441,1068.524,2834.942,2183.661,1980.673,47.75,466.469,1000.0,1116.561,28.574,,4841
060900,2018-12-31,2018,30587.012,13810.784,1341.993,2869.344,1928.18,2068.817,24.97,467.884,0.0,1151.256,19.981,,4841
060900,2019-12-31,2019,33230.935,13053.024,1229.276,2516.453,2850.512,2860.347,35.47,523.039,0.0,1358.92,1034.843,,4841
060900,2020-12-31,2020,38239.947,13679.934,2142.476,3596.585,2286.604,3733.045,32.34,526.156,3000.0,1200.536,27.414,,4841
060900,2021-12-31,2021,48001.725,20808.601,2137.558,3927.887,4751.197,5403.706,32.44,528.965,6750.0,2089.876,58.303,,4841
060900,2022-12-31,2022,52606.562,22489.831,1741.22,2762.739,8327.641,2621.039,14.04,531.095,2000.0,2139.938,18.132,,4841
061483,2017-12-31,2017,18948.193,9158.018,178.213,2193.286,3149.213,551.75,72.25,182.462,50991.96,50837.112,21.252,802.949,8090
061483,2018-12-31,2018,19110.252,8172.847,1929.369,2116.981,3393.669,418.355,51.46,166.387,59934.75,59239.973,13.577,1161.511,8090
061483,2019-12-31,2019,17311.394,10701.326,474.62,2370.682,6303.431,1220.29,75.03,125.843,38525.85,40606.041,11.382,2383.816,8090
061483,2020-12-31,2020,16988.516,10655.933,538.038,2349.407,6384.913,521.891,117.4,109.933,4046.775,4110.304,,1459.417,8090
061483,2021-12-31,2021,17121.488,11401.863,573.387,2451.048,6304.759,577.27,113.76,97.289,1615.37,861.115,,1598.627,8090
061483,2022-12-31,2022,16928.252,11195.685,626.805,2096.167,5922.639,416.682,74.67,90.411,2393.116,2404.395,,839.595,8090
061483,2023-12-31,2023,16893.578,10598.723,517.698,2374.946,5574.897,476.244,104.76,88.824,2468.341,3020.956,,320.331,8090
061494,2017-12-31,2017,7811.235,907.756,758.312,1048.494,375.001,174.658,69.88,153.69,200.44,60.05,5.266,494.832,5047
061494,2018-12-31,2018,8500.527,1003.873,960.413,1090.008,382.398,80.209,78.52,151.402,115.0,28.042,3.076,218.023,5047
061494,2019-12-31,2019,7151.101,799.175,199.173,905.666,561.307,106.097,66.72,143.353,0.741,260.944,0.034,535.814,5047
061494,2020-12-31,2020,7772.532,754.5,247.918,737.596,630.851,421.185,66.86,142.463,501.421,611.216,0.0,88.088,5047
061494,2021-12-31,2021,8481.091,1079.118,137.563,1068.048,691.406,117.965,77.53,137.146,305.0,122.27,0.0,408.682,5047
061494,2022-12-31,2022,8607.0,1315.0,182.0,1072.0,667.0,117.0,79.87,131.793,270.0,59.0,2.0,517.0,5047
061494,2023-12-31,2023,10573.0,2247.0,494.0,959.0,823.0,171.0,75.71,129.248,1368.0,468.0,1.0,284.0,5047
061567,2017-06-30,2017,11568.0,3383.0,189.0,2352.0,1671.0,1741.0,95.98,368.104,1498.0,306.0,141.0,413.0,2844
061567,2018-06-30,2018,12567.0,3361.0,183.0,2786.0,1823.0,2715.0,142.69,367.146,0.0,2.0,182.0,759.0,2844
061567,2019-06-30,2019,13156.0,2896.0,516.0,3153.0,2068.0,2987.0,183.11,361.102,0.0,1.0,192.0,1555.0,2844
061567,2020-06-30,2020,17781.0,7192.0,1597.0,2595.0,4337.0,5022.0,188.68,360.525,2481.0,513.0,180.0,893.0,2844
061567,2021-06-30,2021,21971.0,7688.0,411.0,3614.0,4470.0,4958.0,318.08,361.759,596.0,459.0,215.0,733.0,2844
061567,2022-06-30,2022,20910.0,7012.0,633.0,4203.0,4599.0,3957.0,254.67,357.055,0.0,18.0,151.0,2309.0,2844
061567,2023-06-30,2023,23415.0,8815.0,1354.0,2556.0,4976.0,4029.0,196.38,357.62,1995.0,265.0,88.0,271.0,2844
061574,2017-12-31,2017,5324.354,1897.501,100.273,804.201,349.278,3393.701,193.19,79.337,1480.19,1310.214,97.789,332.544,3826
061574,2018-12-31,2018,3727.426,1148.172,0.178,851.014,343.083,1735.224,188.65,73.115,0.274,850.435,52.429,1315.106,3826
061574,2019-12-31,2019,2557.055,1647.678,127.491,829.945,510.7,337.144,233.65,62.587,925.67,390.482,53.715,2469.258,3826
061574,2020-12-31,2020,2839.92,1274.712,177.764,814.171,587.255,443.146,247.42,62.309,315.0,640.366,66.033,196.409,3826
061574,2021-12-31,2021,3094.932,1573.493,27.906,965.89,632.647,569.285,372.6,60.728,510.0,350.0,55.643,648.93,3826
061574,2022-12-31,2022,3281.453,1586.986,76.429,1022.166,668.723,481.391,342.58,59.104,205.0,145.0,42.801,626.061,3826
061574,2023-12-31,2023,4626.854,2364.439,77.825,1046.237,723.664,395.974,329.23,59.176,1450.04,670.04,29.792,70.277,3826
061591,2018-04-30,2017,9865.0,1541.0,385.0,1110.0,756.0,5397.0,66.58,263.0,795.0,750.0,173.0,869.0,3572
061591,2019-04-30,2018,8741.0,1144.0,649.0,1379.0,759.0,3905.0,72.85,240.0,0.0,0.0,121.0,2207.0,3572
061591,2020-04-30,2019,7522.0,1239.0,573.0,1124.0,864.0,2888.0,43.77,219.0,111.0,410.0,102.0,1490.0,3572
061591,2021-04-30,2020,9360.0,2703.0,49.0,1145.0,639.0,4604.0,74.69,222.0,2057.0,689.0,98.0,167.0,3572
061591,2022-04-30,2021,10026.0,2643.0,297.0,1399.0,896.0,4140.0,73.25,220.0,0.0,0.0,105.0,674.0,3572
061591,2023-04-30,2022,9818.0,2637.0,47.0,1408.0,931.0,3077.0,62.89,212.0,0.0,0.0,108.0,934.0,3572
061591,2024-04-30,2023,9887.0,2212.0,440.0,1523.0,851.0,3258.0,102.21,206.0,0.0,0.0,100.0,1027.0,3572
061676,2017-12-31,2017,5820.176,2127.474,0.0,814.001,252.932,1747.646,88.0,143.707,906.039,169.0,2.114,1404.997,7372
061676,2018-12-31,2018,5136.049,741.825,1155.445,836.581,243.396,1202.381,102.46,131.434,0.0,278.66,0.164,1332.746,7372
061676,2019-12-31,2019,4388.926,952.308,47.025,704.578,438.048,588.816,110.9,130.067,200.0,1364.497,0.0,543.066,7372
061676,2020-12-31,2020,4890.347,1928.389,48.359,748.589,395.94,877.008,130.1,122.521,1736.953,750.0,,1410.135,7372
061676,2021-12-31,2021,6975.517,3492.341,57.006,582.498,373.716,527.179,94.59,124.861,1739.34,340.0,0.283,115.491,7372
062263,2017-12-31,2017,13583.3,3063.6,167.4,1404.4,1325.4,1474.1,119.59,222.3,0.0,175.0,85.9,463.6,2836
062263,2018-12-31,2018,13931.9,2862.7,343.8,2028.4,1471.5,1563.8,97.36,223.5,0.0,293.8,47.3,85.0,2836
062263,2019-12-31,2019,17544.6,2612.0,150.7,2511.8,1367.3,2787.3,108.15,221.3,0.0,98.0,29.9,416.0,2836
062263,2020-12-31,2020,18103.0,2664.0,176.1,3223.1,1461.9,3069.4,156.24,219.5,0.0,130.6,58.7,510.8,2836
063080,2017-12-31,2017,2941.623,0.0,0.0,471.245,57.096,881.787,147.59,84.192,0.0,0.0,52.503,347.154,7372
063080,2018-12-31,2018,3265.964,0.0,0.0,539.329,61.655,777.364,142.94,83.634,0.0,0.0,41.019,298.68,7372
063080,2019-12-31,2019,4838.887,515.299,93.159,582.146,189.307,872.382,257.41,85.734,500.0,0.0,34.093,101.547,7372
063080,2020-12-31,2020,5940.59,919.058,23.591,586.76,234.233,913.151,363.8,86.572,375.0,75.0,29.56,232.048,7372
063080,2021-12-31,2021,6324.314,857.954,22.841,626.179,208.795,668.028,401.12,87.079,0.0,45.0,31.377,231.716,7372
063080,2022-12-31,2022,6687.945,866.376,22.803,722.756,209.978,614.574,241.59,86.95,0.0,0.0,25.595,269.813,7372
063080,2023-12-31,2023,7322.875,854.396,23.306,768.061,194.76,860.39,362.88,86.906,0.0,0.0,30.114,260.139,7372
063527,2017-12-31,2017,6988.3,2615.3,126.5,745.0,741.0,42.2,67.99,85.5,1802.4,2062.3,10.2,34.2,4955
063527,2018-12-31,2018,6455.5,2663.9,119.1,609.5,743.5,34.3,36.69,90.7,1669.3,1679.0,20.1,17.2,4955
063527,2019-12-31,2019,6437.0,2915.4,199.8,472.2,1233.5,34.7,63.81,91.2,1141.6,1260.7,19.9,,4955
063527,2020-12-31,2020,5581.9,1988.1,177.2,453.0,1066.3,53.3,69.33,91.6,1712.4,2594.1,,0.4,4955
063527,2021-12-31,2021,5473.1,1869.6,107.0,380.6,1055.8,55.6,59.64,91.9,1495.0,1696.6,,3.4,4955
063527,2022-12-31,2022,5334.1,1813.0,116.4,390.6,1114.6,56.0,49.89,92.2,1370.4,1476.5,,5.6,4955
063527,2023-12-31,2023,5352.6,1656.7,126.0,358.5,1172.6,35.3,49.56,92.6,1069.5,1281.1,,5.2,4955
063892,2017-12-31,2017,20206.0,2706.0,6.0,611.0,3002.0,1437.0,36.02,380.105,0.0,506.0,0.0,3.0,3533
063892,2018-12-31,2018,19796.0,2704.0,7.0,901.0,2797.0,1427.0,25.7,383.427,0.0,8.0,54.0,0.0,3533
063892,2019-12-31,2019,13149.0,2663.0,114.0,75.0,3028.0,1171.0,25.05,385.887,511.0,1032.0,0.0,0.0,3533
063892,2020-12-31,2020,9929.0,2446.0,110.0,-182.0,2493.0,1692.0,13.73,388.255,36.0,248.0,0.0,0.0,3533
063892,2021-12-31,2021,9550.0,2284.0,104.0,173.0,2360.0,1591.0,13.55,392.673,60.0,209.0,0.0,0.0,3533
063892,2022-12-31,2022,10135.0,2266.0,100.0,692.0,2298.0,1069.0,20.89,392.833,20.0,28.0,0.0,0.0,3533
063892,2023-12-31,2023,11294.0,2270.0,107.0,1005.0,2409.0,816.0,20.28,393.946,2.0,33.0,0.0,0.0,3533
064166,2017-12-31,2017,10503.0,3748.0,36.0,1551.0,1145.0,137.0,98.49,135.0,205.0,182.0,130.0,488.0,8071
064166,2018-12-31,2018,11003.0,3429.0,464.0,1533.0,1288.0,135.0,83.27,135.0,2090.0,1966.0,99.0,343.0,8071
064166,2019-12-31,2019,12843.0,4379.0,949.0,1549.0,1971.0,1192.0,106.79,133.0,2281.0,1449.0,119.0,369.0,8071
064166,2020-12-31,2020,14026.0,4512.0,143.0,2466.0,2231.0,1158.0,119.17,133.0,749.0,1554.0,189.0,340.0,8071
064166,2021-12-31,2021,13611.0,4504.0,153.0,2852.0,2304.0,916.0,173.01,119.0,0.0,2.0,129.0,2221.0,8071
064166,2022-12-31,2022,12837.0,4467.0,155.0,1966.0,2351.0,315.0,156.44,111.0,0.0,2.0,123.0,1436.0,8071
064166,2023-12-31,2023,14022.0,4913.0,456.0,1790.0,2418.0,686.0,137.88,111.0,2592.0,1844.0,72.0,303.0,8071
064410,2018-02-28,2017,17486.272,12752.812,365.554,1299.59,2667.061,443.967,61.92,179.748,14402.112,13466.42,73.52,579.57,5500
064410,2019-02-28,2018,18717.867,13806.325,398.339,1358.806,2828.058,487.607,62.1,167.479,15207.002,14158.324,58.13,904.726,5500
064410,2020-02-29,2019,21082.182,15464.054,469.502,1428.903,3518.196,539.254,87.31,163.081,18064.032,16912.508,124.397,567.747,5500
064410,2021-02-28,2020,21541.541,15163.631,492.954,1198.16,3487.215,628.734,119.51,163.172,12559.846,12878.74,143.148,229.938,5500
064410,2022-02-28,2021,26338.264,18843.467,586.759,1764.073,3746.425,650.815,109.33,161.054,22012.698,18391.027,79.805,576.478,5500
064410,2023-02-28,2022,26182.736,18464.1,651.543,1007.601,3976.591,785.647,69.04,158.079,17354.596,17728.156,17.093,333.932,5500
064410,2024-02-29,2023,27196.797,18654.625,875.487,965.674,4186.247,1080.79,79.0,157.612,12514.65,12135.91,44.766,94.086,5500
064768,2017-12-31,2017,131310.0,37926.0,6221.0,13151.0,48866.0,32315.0,1169.47,484.0,,,0.0,0.0,5961
064768,2018-12-31,2018,162648.0,39787.0,9502.0,24855.0,61797.0,41668.0,1501.97,491.0,,7786.0,0.0,0.0,5961
064768,2019-12-31,2019,225248.0,63205.0,14330.0,29892.0,97846.0,55297.0,1847.84,498.0,,,0.0,0.0,5961
064768,2020-12-31,2020,321195.0,87789.0,16951.0,39063.0,150667.0,84629.0,3256.93,503.0,10525.0,12248.0,0.0,0.0,5961
064768,2021-12-31,2021,420549.0,122595.0,17162.0,47850.0,216363.0,96291.0,3334.34,509.0,19003.0,12915.0,0.0,0.0,5961
064768,2022-12-31,2022,462675.0,146818.0,23120.0,38435.0,252838.0,70384.0,84.0,10242.0,21166.0,9447.0,0.0,6000.0,5961
064768,2023-12-31,2023,527854.0,142211.0,19561.0,67844.0,276690.0,87277.0,151.94,10383.0,0.0,8331.0,0.0,0.0,5961
064853,2018-03-31,2017,6381.519,983.29,0.0,816.464,1374.112,927.037,70.45,126.322,100.0,107.729,57.412,244.615,3674
064853,2019-03-31,2018,5808.024,919.27,0.0,917.452,1366.513,712.135,71.73,119.063,905.35,1050.68,41.289,662.909,3674
064853,2020-03-31,2019,6560.682,1625.308,22.81,976.903,1324.31,715.839,80.63,114.625,659.0,0.0,50.198,536.922,3674
064853,2021-03-31,2020,7221.47,1795.722,20.16,1398.399,1328.956,1399.08,182.7,112.557,1206.75,1087.994,42.598,553.742,3674
064853,2022-03-31,2021,7509.072,2108.609,18.184,1665.569,1327.274,974.092,124.1,106.303,499.07,197.5,38.303,1205.669,3674
064853,2023-03-31,2022,6691.903,2117.229,19.667,852.832,1233.296,810.357,101.57,98.649,0.0,0.0,32.507,885.166,3674
064853,2024-03-31,2023,6554.635,1599.85,454.341,788.266,932.275,1031.558,114.83,95.798,0.0,58.309,36.918,427.165,3674
064891,2018-03-31,2017,6143.3,524.4,327.7,944.9,1186.3,2019.5,111.8,81.3,0.0,28.2,0.1,17.1,2320
064891,2019-03-31,2018,5942.8,901.7,22.3,992.1,1039.2,1999.4,129.68,78.1,398.1,319.6,21.8,502.6,2320
064891,2020-03-31,2019,7279.9,2154.1,1072.8,901.2,2491.1,2117.7,66.83,72.5,0.0,13.6,0.0,694.8,2300
064891,2021-03-31,2020,7887.5,3297.9,322.6,416.4,2253.5,2778.0,123.16,73.2,1241.9,313.9,0.0,37.7,2300
064891,2022-03-31,2021,7724.7,2610.3,781.6,1060.7,2080.8,2600.0,113.44,69.9,0.0,23.1,0.0,492.6,2300
064891,2023-03-31,2022,6789.5,2594.9,287.0,990.4,2089.5,1567.2,116.67,65.6,0.0,521.9,0.0,488.6,2300
064891,2024-03-31,2023,6602.6,2410.6,264.7,1055.3,1865.0,1786.0,187.76,63.3,0.0,21.3,0.0,449.7,2300
065417,2017-12-31,2017,5311.0,9429.0,375.0,3081.0,1697.0,1582.0,81.61,332.0,1088.0,385.0,0.0,1960.0,5812
065417,2018-12-31,2018,4130.0,9751.0,321.0,2499.0,1237.0,443.0,91.92,306.0,1556.0,1264.0,0.0,2390.0,5812
065417,2019-12-31,2019,5231.0,10771.0,498.0,2113.0,1812.0,743.0,100.73,300.0,800.0,331.0,0.0,815.0,5812
065417,2020-12-31,2020,5852.0,11095.0,550.0,1952.0,2086.0,988.0,108.56,300.0,1650.0,1517.0,0.0,239.0,5812
065417,2021-12-31,2021,5966.0,11971.0,156.0,2358.0,2016.0,736.0,138.86,289.0,4150.0,3657.0,0.0,1591.0,5812
065417,2022-12-31,2022,5846.0,12184.0,477.0,2418.0,1913.0,587.0,128.08,280.0,999.0,699.0,0.0,1200.0,5812
065417,2023-12-31,2023,6231.0,11899.0,132.0,2561.0,1961.0,689.0,130.66,281.0,0.0,397.0,0.0,50.0,5812
065609,2017-12-31,2017,4235.834,750.0,715.0,868.096,230.326,333.89,89.09,139.542,250.0,0.0,38.13,207.042,4213
065609,2018-12-31,2018,4427.412,1341.352,5.0,1008.812,228.301,378.615,84.09,137.284,591.012,0.0,51.285,322.255,4213
065609,2019-12-31,2019,4641.06,1351.892,204.165,884.625,519.283,447.858,78.2,134.895,1298.0,1505.0,63.092,324.559,4213
065609,2020-12-31,2020,5144.258,1361.873,66.174,790.895,498.734,243.796,93.87,134.298,0.0,0.0,107.657,195.368,4213
065609,2021-12-31,2021,7028.112,1635.018,591.311,1173.367,432.39,257.413,107.63,129.186,300.0,2.048,70.669,608.476,4213
065609,2022-12-31,2022,5954.564,1233.791,1127.377,1370.946,531.573,217.482,91.56,116.323,200.0,0.0,100.059,1488.288,4213
065609,2023-12-31,2023,5225.28,1718.05,234.451,651.633,498.608,145.524,86.39,116.768,0.0,0.0,56.914,89.178,4213
065772,2017-12-31,2017,2549.805,960.17,19.677,689.871,668.271,148.687,619.52,25.541,1244.195,1185.172,28.649,399.997,3826
065772,2018-12-31,2018,2618.847,985.021,49.67,767.448,717.526,178.11,565.58,24.922,940.615,876.324,24.6,474.999,3826
065772,2019-12-31,2019,2789.321,1296.287,83.452,816.879,835.974,207.785,793.28,24.125,1435.081,1176.784,47.581,774.999,3826
065772,2020-12-31,2020,2814.549,1354.004,79.533,882.487,897.492,94.254,1139.68,23.472,1489.04,1483.869,26.719,774.998,3826
065772,2021-12-31,2021,3326.798,1669.124,131.77,1102.618,917.864,98.564,1697.21,22.843,2427.519,2035.546,20.463,999.998,3826
065772,2022-12-31,2022,3492.395,1995.368,135.325,1239.104,892.921,95.966,1445.45,22.139,2307.256,1947.398,33.216,1099.998,3826
065772,2023-12-31,2023,3355.555,1975.55,220.735,1200.634,917.766,69.807,1212.96,21.526,2126.797,2097.023,19.234,900.0,3826
065967,2017-12-31,2017,16572.6,6263.3,52.1,1047.4,302.7,398.4,34.56,121.021,801.9,341.7,5.4,9.5,8011
066065,2017-12-31,2017,15030.0,8717.0,723.0,3072.0,8291.0,352.0,171.91,84.464,11801.0,10207.0,3.0,56.0,7350
066065,2018-12-31,2018,18133.0,10844.0,903.0,3755.0,10214.0,43.0,102.53,79.873,12178.0,9942.0,2.0,817.0,7350
066065,2019-12-31,2019,18970.0,10964.0,1175.0,4284.0,11060.0,52.0,166.77,74.362,9260.0,9678.0,11.0,870.0,7350
066065,2020-12-31,2020,17868.0,9527.0,882.0,3854.0,9997.0,202.0,231.91,72.197,9260.0,11245.0,1.0,286.0,7350
066065,2021-12-31,2021,20292.0,9400.0,1108.0,4310.0,11956.0,144.0,332.29,72.421,8364.0,8462.0,0.0,34.0,7350
066065,2022-12-31,2022,24183.0,11851.0,372.0,5476.0,14935.0,106.0,355.42,69.357,9885.0,8241.0,0.0,1068.0,7350
066065,2023-12-31,2023,25589.0,10948.0,1714.0,6744.0,16003.0,363.0,573.42,67.27,8576.0,8574.0,0.0,1070.0,7350
066368,2017-12-31,2017,2941.188,1782.529,627.616,757.6,263.513,2414.751,114.44,97.591,543.185,0.0,12.915,621.173,7370
066368,2018-12-31,2018,1914.504,1785.047,0.0,815.759,253.905,1269.669,148.29,120.037,0.0,0.0,12.836,638.152,7370
066368,2019-12-31,2019,1854.009,1792.129,0.0,852.457,259.416,1218.059,192.68,116.715,0.0,0.0,13.152,782.583,7370
066368,2020-12-31,2020,1766.91,1795.242,0.0,870.553,256.848,1166.907,216.4,113.47,0.0,0.0,12.577,777.454,7370
066368,2021-12-31,2021,1983.764,1788.194,0.0,914.743,259.641,1205.805,253.82,110.519,741.053,750.0,12.404,722.587,7370
066368,2022-12-31,2022,1733.4,1789.5,0.0,990.0,239.2,980.4,205.44,105.3,0.0,0.0,12.3,1048.1,7370
066368,2023-12-31,2023,1749.0,1792.4,5.1,1044.7,240.6,926.4,205.96,101.3,0.0,0.0,12.3,901.4,7370
066446,2017-12-31,2017,6480.154,670.721,1.22,666.82,1288.602,138.285,39.11,153.828,2932.338,2629.765,0.025,68.543,1731
066446,2018-12-31,2018,7075.787,1040.532,65.646,843.468,1276.032,81.973,30.1,141.59,4491.782,4077.758,0.0,458.37,1731
066446,2019-12-31,2019,8331.682,1488.716,167.344,966.335,1671.023,168.824,40.71,142.36,6175.558,5905.272,0.0,36.236,1731
066446,2020-12-31,2020,8398.272,1353.116,99.898,930.838,1817.501,185.895,72.02,138.3,3973.659,4190.615,0.0,272.696,1731
066446,2021-12-31,2021,12855.189,3894.901,107.417,1131.9,2160.302,230.933,114.66,142.634,6803.452,4269.113,0.0,131.643,1731
066446,2022-12-31,2022,13464.337,3863.944,111.547,1530.522,2260.155,432.264,142.5,142.931,9300.142,9332.461,0.0,210.352,1731
066446,2023-12-31,2023,16237.225,3850.5,613.197,1749.572,2586.386,1293.9,215.8,145.509,18178.91,17770.246,0.0,120.143,1731
100873,2017-12-31,2017,16866.0,8357.0,84.0,1936.0,482.0,656.0,36.4,355.945,2745.0,2351.0,27.0,140.0,8700
100873,2018-12-31,2018,15179.0,8280.0,107.0,1736.0,468.0,524.0,23.33,355.272,781.0,895.0,20.0,70.0,8700
100873,2019-12-31,2019,14319.0,7765.0,1025.0,1729.0,859.0,454.0,20.3,356.15,0.0,117.0,4.0,8.0,8700
100873,2020-12-31,2020,14135.0,8372.0,407.0,1765.0,825.0,610.0,20.87,357.645,2971.0,3152.0,3.0,12.0,8700
100873,2021-12-31,2021,10820.0,5717.0,123.0,1390.0,417.0,380.0,20.51,359.268,1231.0,3930.0,2.0,15.0,8700
104432,2017-12-31,2017,14094.869,5688.392,619.373,1566.074,11040.488,176.19,53.25,228.529,1816.39,1916.885,30.032,6.342,4400
104432,2018-12-31,2018,15205.97,5810.873,681.218,1780.121,12119.253,163.851,42.39,217.651,1904.865,1716.244,28.819,678.666,4400
104432,2019-12-31,2019,16684.599,6262.578,785.484,1830.779,13371.941,252.876,58.41,213.082,4122.297,3806.732,31.937,370.799,4400
104432,2020-12-31,2020,18399.317,11866.648,142.585,-1158.498,13620.263,3300.482,25.43,315.636,6075.09,892.481,1547.265,15.407,4400
104432,2021-12-31,2021,18729.837,12240.388,911.297,-1862.348,14322.993,1746.647,20.74,416.892,2601.317,2113.063,2668.984,16.687,4400
104432,2022-12-31,2022,18557.694,13218.466,1030.817,-790.291,15223.452,946.987,12.24,421.414,3003.003,1770.172,5.267,20.987,4400
104432,2023-12-31,2023,19492.99,12958.793,1768.004,1739.479,17186.944,402.415,20.04,425.547,4322.941,3758.234,5.307,26.86,4400
110685,2017-12-31,2017,12729.0,3346.0,0.0,1235.0,1110.0,662.0,197.85,77.877,1328.0,1328.0,78.0,198.0,3812
110685,2018-12-31,2018,13518.0,3361.0,0.0,1337.0,1169.0,1066.0,173.66,78.801,2299.0,2366.0,182.0,353.0,3812
111864,2017-12-31,2017,15221.0,698.0,175.0,2997.0,1324.0,5056.0,71.02,588.0,0.0,95.0,189.0,1889.0,7370
111864,2018-12-31,2018,15913.0,736.0,9.0,3380.0,1394.0,4511.0,63.48,577.0,,91.0,181.0,1261.0,7370
111864,2019-12-31,2019,16204.0,1460.0,251.0,3319.0,2235.0,3424.0,62.02,548.0,0.0,28.0,159.0,2247.0,7370
111864,2020-12-31,2020,16923.0,1520.0,260.0,2946.0,2264.0,2724.0,81.95,530.0,0.0,50.0,142.0,1621.0,7370
111864,2021-12-31,2021,17852.0,1414.0,241.0,3420.0,2104.0,2719.0,88.72,525.0,0.0,53.0,130.0,771.0,7370
111864,2022-12-31,2022,17852.0,1360.0,187.0,3536.0,1977.0,2501.0,57.19,509.0,650.0,686.0,86.0,1422.0,7370
111864,2023-12-31,2023,18483.0,1145.0,194.0,3454.0,1659.0,2635.0,75.53,498.0,,25.0,71.0,1064.0,7370
112168,2017-12-31,2017,21147.0,7480.7,706.7,2769.5,7777.4,83.3,67.61,331.7,5440.0,4922.8,36.9,610.7,4953
112168,2018-12-31,2018,21617.0,7646.8,690.7,2803.8,8020.1,70.5,72.09,322.5,5129.4,5000.7,23.2,736.9,4953
112168,2019-12-31,2019,22683.8,7971.1,981.4,2874.9,8627.1,47.1,89.63,318.8,5637.6,5327.9,9.3,399.4,4953
112168,2020-12-31,2020,23434.0,8972.7,201.6,3024.4,8945.0,38.2,96.3,318.8,5341.6,5221.4,3.9,98.8,4953
112168,2021-12-31,2021,24955.0,9785.2,46.4,3341.5,9487.4,29.0,139.45,317.2,5846.6,5304.5,,264.2,4953
112168,2022-12-31,2022,29052.9,11567.5,513.9,3877.2,11019.1,143.4,128.99,316.1,16446.3,14281.7,,217.1,4953
112168,2023-12-31,2023,31410.1,12082.0,987.1,4380.4,11589.0,140.0,164.91,314.6,41393.4,40410.8,,263.0,4953
114524,2017-12-31,2017,25981.0,9234.0,781.0,2941.0,1597.0,5863.0,37.74,1029.0,2484.0,1452.0,120.0,2965.0,5961
114524,2018-12-31,2018,22819.0,7685.0,1546.0,2997.0,1597.0,4915.0,28.07,915.0,0.0,750.0,109.0,4727.0,5961
114524,2019-12-31,2019,18174.0,7230.0,1192.0,3081.0,2138.0,2825.0,36.11,796.0,0.0,1550.0,106.0,5175.0,5961
114524,2020-12-31,2020,19310.0,8125.0,190.0,3325.0,1867.0,3826.0,50.25,684.0,1765.0,1771.0,90.0,5312.0,5961
114524,2021-12-31,2021,26626.0,7927.0,1505.0,3452.0,1525.0,7323.0,66.5,594.0,2478.0,1156.0,93.0,7291.0,5961
114524,2022-12-31,2022,20850.0,8139.0,1281.0,2834.0,1751.0,7471.0,41.47,539.0,1143.0,1355.0,87.0,3303.0,5961
114524,2023-12-31,2023,21620.0,7360.0,868.0,2623.0,1736.0,9015.0,43.62,517.0,0.0,1150.0,83.0,1572.0,5961
117768,2018-01-31,2017,11241.0,1985.0,15.0,3409.0,997.0,7108.0,245.8,606.0,0.0,812.0,139.0,1521.0,3674
117768,2019-01-31,2018,13292.0,1988.0,0.0,4110.0,1404.0,7422.0,143.75,606.0,0.0,16.0,137.0,2611.0,3674
117768,2020-01-31,2019,17315.0,2552.0,91.0,3242.0,2292.0,10897.0,236.43,612.0,0.0,0.0,149.0,551.0,3674
117768,2021-01-31,2020,28791.0,6598.0,1120.0,5897.0,2856.0,11561.0,519.59,620.0,4968.0,0.0,194.0,942.0,3674
117768,2022-01-31,2021,44187.0,11687.0,144.0,11215.0,3607.0,21208.0,244.86,2506.0,4977.0,1000.0,281.0,1904.0,3674
117768,2023-01-31,2022,41182.0,10605.0,1426.0,7181.0,4845.0,13296.0,195.37,2466.0,0.0,0.0,355.0,11514.0,3674
117768,2024-01-31,2023,65728.0,9578.0,1478.0,34480.0,5260.0,25984.0,615.27,2464.0,0.0,1250.0,403.0,12316.0,3674
118122,2017-12-31,2017,12169.0,4132.0,17.0,2091.0,2804.0,1597.0,84.83,265.84,796.0,0.0,0.0,416.0,3714
118122,2018-12-31,2018,12480.0,4038.0,306.0,2258.0,3179.0,568.0,61.57,259.991,0.0,0.0,0.0,534.0,3714
118122,2019-12-31,2019,13459.0,4300.0,487.0,2141.0,3722.0,428.0,94.97,255.288,641.0,679.0,0.0,454.0,3714
118122,2020-12-31,2020,17522.0,4311.0,190.0,1584.0,3681.0,2853.0,130.29,270.025,,39.0,2230.0,90.0,3714
118122,2021-12-31,2021,18007.0,4363.0,100.0,1986.0,3677.0,3139.0,164.95,270.514,1450.0,1481.0,0.0,45.0,3714
118122,2022-12-31,2022,21884.0,6821.0,140.0,2198.0,3946.0,1531.0,93.13,270.95,2472.0,4.0,0.0,36.0,3714
118122,2023-12-31,2023,24427.0,6657.0,130.0,2773.0,4325.0,1640.0,89.72,279.033,,309.0,0.0,431.0,3714
119314,2017-12-31,2017,25451.263,8812.751,710.91,4920.166,480.081,7423.214,1737.74,48.472,2044.952,300.836,5.14,1827.919,7370
119314,2018-12-31,2018,22687.0,8649.0,25.0,5777.9,656.0,6305.0,1722.42,45.632,0.0,1487.0,2.0,5971.0,7370
119314,2019-12-31,2019,21402.0,8102.0,1149.0,5889.0,1358.0,7330.0,2053.73,41.417,400.0,425.0,0.0,8187.0,7370
119314,2020-12-31,2020,21874.0,11395.0,1144.0,955.0,1285.0,11083.0,2227.27,40.96,4108.0,1244.0,0.0,1303.0,4700
119314,2021-12-31,2021,23641.0,9294.0,2136.0,3066.0,1318.0,11177.0,2399.23,41.066,2015.0,3068.0,0.0,163.0,4700
119314,2022-12-31,2022,25361.0,12569.0,646.0,5400.0,1314.0,12426.0,2015.28,37.863,3621.0,1880.0,0.0,6621.0,4700
119314,2023-12-31,2023,24342.0,12856.0,2147.0,7021.0,1489.0,12711.0,3547.22,34.398,1893.0,500.0,134.0,10377.0,4700
121077,2017-09-30,2017,2480.8,0.0,0.0,633.936,122.42,1016.928,120.56,62.594,0.0,0.0,47.039,600.09,7373
121077,2018-09-30,2018,2605.476,0.0,0.0,666.305,145.042,1039.412,199.42,60.215,0.0,0.0,48.818,600.081,7373
121077,2019-09-30,2019,3390.275,0.0,0.0,655.124,223.426,972.282,140.42,60.367,0.0,0.0,45.598,201.045,7373
121077,2020-09-30,2020,4677.92,707.762,65.285,567.255,529.919,1209.889,122.77,61.099,400.0,10.0,52.835,102.552,7373
121077,2021-09-30,2021,4997.28,646.717,68.561,645.768,436.098,910.607,198.78,60.652,0.0,20.0,65.752,514.032,7373
121077,2022-09-30,2022,5276.194,272.376,392.295,570.007,395.657,884.566,144.73,59.86,0.0,20.0,64.54,521.048,7373
121077,2023-09-30,2023,5248.333,239.565,41.421,642.018,365.893,803.323,161.14,59.207,0.0,350.0,59.959,363.258,7373
121718,2017-12-31,2017,9833.8,2198.9,16.9,1155.4,1021.1,3154.8,28.5,365.5,0.0,0.0,64.5,725.8,3576
121718,2018-12-31,2018,9363.3,1848.8,349.9,809.0,951.7,3597.6,26.91,346.4,0.0,0.0,56.9,756.6,3576
121718,2019-12-31,2019,8837.7,1842.0,42.3,714.7,1000.6,2022.5,24.63,335.9,495.2,950.0,55.6,554.9,3576
121718,2020-12-31,2020,9378.3,1869.3,470.6,652.7,946.9,1832.1,22.51,327.7,792.4,376.2,54.7,381.1,3576
121718,2021-12-31,2021,8887.0,1829.0,47.2,669.8,864.3,1285.3,35.71,321.6,0.0,423.8,56.4,443.5,3576
121718,2022-12-31,2022,9326.7,1719.0,47.4,754.0,808.4,1110.3,31.96,322.9,0.0,0.0,57.2,315.2,3576
121718,2023-12-31,2023,9518.5,1699.7,46.4,761.0,801.3,1226.4,29.48,320.3,0.0,0.0,61.9,397.6,3576
122841,2018-02-28,2017,5466.546,744.194,23.806,571.619,206.105,2042.49,147.4,177.074,0.0,1.547,54.992,237.002,7372
122841,2019-02-28,2018,5588.289,231.54,69.827,655.328,198.969,2176.457,182.6,176.801,0.0,0.913,64.137,544.74,7372
125595,2017-12-31,2017,4602.844,662.913,0.0,750.389,862.535,711.936,65.04,169.893,0.0,0.0,55.68,419.589,7370
125595,2018-12-31,2018,5461.77,874.08,686.552,861.699,910.618,1892.105,61.08,162.905,1132.185,0.0,62.608,814.305,7370
125595,2019-12-31,2019,7006.886,2531.972,139.463,989.754,1910.603,1536.994,86.38,162.001,1135.629,690.0,57.112,409.785,7370
125595,2020-12-31,2020,7764.13,2622.111,154.801,1166.883,2272.217,1098.073,104.99,162.71,0.0,0.0,59.775,283.416,7370
125595,2021-12-31,2021,8138.673,2683.254,175.683,1322.269,2350.083,1078.195,117.04,160.512,0.0,0.0,59.632,621.367,7370
125595,2022-12-31,2022,8303.4,2978.523,196.094,1280.744,2353.554,1105.316,84.3,156.495,0.0,0.0,56.462,690.246,7370
125595,2023-12-31,2023,9900.037,4313.035,222.944,1246.112,2734.578,864.439,118.35,151.233,1247.388,0.0,62.979,720.268,7370
126136,2017-12-31,2017,146623.0,68186.0,2045.0,15164.0,33888.0,621.0,335.96,238.506,25276.0,16507.0,116.0,11715.0,4841
126136,2018-12-31,2018,146130.0,69537.0,3290.0,15774.0,35126.0,551.0,284.97,225.354,14162.0,10769.0,69.0,4399.0,4841
126136,2019-12-31,2019,148188.0,76615.0,3718.0,16540.0,35683.0,3483.0,485.08,209.976,19685.0,13309.0,118.0,6873.0,4841
126136,2020-12-31,2020,144206.0,82854.0,1243.0,18324.0,35571.0,998.0,661.55,193.731,15876.0,12094.0,207.0,11217.0,4841
126136,2021-12-31,2021,142491.0,89746.0,3266.0,20200.0,35616.0,601.0,651.97,172.741,21106.0,12146.0,44.0,15431.0,4841
126136,2022-12-31,2022,144523.0,97176.0,1805.0,21146.0,37274.0,645.0,339.1,152.651,25643.0,19311.0,5.0,10277.0,4841
126136,2023-12-31,2023,147193.0,96905.0,2715.0,21202.0,40790.0,709.0,388.68,145.225,22062.0,21938.0,22.0,3215.0,4841
126296,2017-12-31,2017,18515.628,3749.054,500.0,1556.832,1575.258,3384.292,119.77,151.739,989.6,0.0,229.081,321.152,4700
126296,2018-12-31,2018,18033.0,3717.0,0.0,1742.0,1877.0,2730.0,112.65,147.134,0.0,500.0,197.0,923.0,4700
126296,2019-12-31,2019,21416.0,4721.0,868.0,1871.0,2809.0,4620.0,108.14,142.599,1231.0,400.0,301.0,743.0,4700
126296,2020-12-31,2020,18690.0,8729.0,126.0,-634.0,2831.0,4159.0,132.4,143.597,6617.0,3422.0,1451.0,425.0,4700
126296,2021-12-31,2021,21548.0,8075.0,812.0,1076.0,2587.0,6005.0,180.72,155.648,1964.0,1706.0,503.0,1401.0,4700
126296,2022-12-31,2022,21561.0,6552.0,77.0,1981.0,2573.0,5899.0,87.6,153.28,0.0,2141.0,131.0,607.0,4700
126296,2023-12-31,2023,21642.0,6567.0,66.0,2274.0,2716.0,5689.0,151.79,137.045,0.0,0.0,101.0,2137.0,4700
126554,2017-10-31,2017,8426.0,1801.0,210.0,1095.0,757.0,2678.0,68.03,321.975,400.0,290.0,66.0,208.0,3826
126554,2018-10-31,2018,8541.0,1799.0,0.0,1201.0,822.0,2247.0,64.79,317.715,483.0,693.0,56.0,452.0,3826
126554,2019-10-31,2019,9452.0,1791.0,616.0,1274.0,850.0,1382.0,75.75,309.071,1302.0,702.0,54.0,739.0,3826
126554,2020-10-31,2020,9627.0,2411.0,126.0,1339.0,1020.0,1441.0,102.09,306.198,1297.0,1417.0,60.0,506.0,3826
126554,2021-10-31,2021,10705.0,2859.0,52.0,1726.0,1123.0,1575.0,157.49,302.208,848.0,417.0,55.0,864.0,3826
126554,2022-10-31,2022,10532.0,2834.0,87.0,1967.0,1250.0,1053.0,138.35,295.259,600.0,609.0,58.0,1206.0,3826
126554,2023-10-31,2023,10763.0,2853.0,46.0,1711.0,1424.0,1590.0,103.37,292.123,0.0,0.0,67.0,629.0,3826
128978,2017-12-31,2017,6197.5,2499.4,151.3,1351.9,2956.4,216.9,120.55,94.35,997.8,1011.9,0.0,10.8,2650
128978,2018-12-31,2018,6569.7,2501.3,1.4,1536.1,3131.0,361.5,83.46,94.497,0.0,151.3,0.0,7.9,2650
128978,2019-12-31,2019,7235.8,2670.4,64.1,1475.4,3407.6,767.4,111.99,94.655,895.8,923.4,0.0,8.2,2650
128978,2020-12-31,2020,7433.2,2667.4,70.5,1260.8,3447.9,1080.2,137.91,94.83,0.0,1.5,0.0,10.5,2650
128978,2021-12-31,2021,7836.8,2663.5,68.8,1721.5,3788.3,704.8,136.15,93.539,690.2,757.7,0.0,205.9,2650
128978,2022-12-31,2022,8003.8,2719.0,74.1,1945.8,4220.7,405.2,127.91,89.695,0.0,1.7,0.0,538.0,2650
128978,2023-12-31,2023,8681.1,2693.0,480.2,1651.3,4166.1,1141.5,162.91,89.625,397.1,1.9,0.0,57.2,2650
133366,2017-12-31,2017,5695.8,438.4,598.0,1178.9,679.7,1337.5,112.71,209.7,994.7,818.4,113.8,763.3,3842
133366,2018-12-31,2018,5323.7,593.8,0.0,1116.1,867.5,956.5,153.17,207.7,688.0,1125.3,147.0,795.5,3842
133366,2019-12-31,2019,6488.1,653.3,25.5,1369.7,1140.4,1516.9,233.29,209.1,18.9,28.9,160.5,263.3,3842
133366,2020-12-31,2020,7237.1,667.7,27.2,1386.3,1489.4,1419.2,91.23,624.3,16.2,17.0,140.5,625.4,3842
133366,2021-12-31,2021,8502.6,664.8,25.5,1700.9,1638.7,1468.3,129.55,624.1,5.2,7.0,158.6,512.8,3842
133366,2022-12-31,2022,8292.5,665.8,25.5,1914.6,1725.1,1215.8,74.61,608.3,0.0,0.2,146.4,1727.1,3842
133366,2023-12-31,2023,9363.2,670.0,24.9,1846.1,1843.4,1647.8,76.25,601.1,0.0,0.3,169.9,879.6,3842
136725,2017-12-31,2017,5758.0,0.0,0.0,1174.9,613.1,1960.6,364.94,112.3,0.0,0.0,415.5,2330.6,3845
136725,2018-12-31,2018,7846.7,0.0,0.0,1364.7,812.0,3063.1,478.92,114.5,0.0,0.0,236.6,120.0,3845
136725,2019-12-31,2019,9733.2,68.7,7.7,1581.9,1347.3,3221.7,591.15,116.0,0.0,0.0,272.8,428.6,3845
136725,2020-12-31,2020,11168.9,58.0,21.9,1410.2,1641.2,5171.5,818.1,117.7,0.0,0.0,308.8,309.5,3845
136725,2021-12-31,2021,13555.0,66.6,20.4,2127.5,1950.8,4230.9,359.3,357.7,0.0,0.0,276.5,211.6,3845
136725,2022-12-31,2022,12974.0,69.6,24.2,1954.8,2456.4,4122.2,265.35,350.0,0.0,0.0,233.8,2801.6,3845
136725,2023-12-31,2023,15441.5,64.5,25.3,2178.4,3616.9,5223.2,337.36,352.3,0.0,0.0,296.3,581.0,3845
138205,2017-12-31,2017,5257.0,1182.0,154.0,788.0,931.0,2145.0,218.49,147.0,5.0,9.0,71.0,319.0,3826
138205,2018-12-31,2018,6959.0,890.0,1107.0,1070.0,1075.0,3512.0,299.93,147.0,735.0,4.0,46.0,275.0,3826
138205,2019-12-31,2019,7316.0,1836.0,45.0,1228.0,1444.0,3414.0,331.74,147.0,0.0,550.0,59.0,406.0,3826
138205,2020-12-31,2020,7585.0,1344.0,562.0,916.0,1454.0,3472.0,370.0,146.0,0.0,0.0,61.0,827.0,3826
138205,2021-12-31,2021,15217.0,2469.0,71.0,565.0,1696.0,1339.0,380.44,157.0,988.0,517.0,60.0,511.0,3826
138205,2022-12-31,2022,12252.0,2231.0,1324.0,702.0,1744.0,2037.0,202.2,158.0,991.0,,63.0,54.0,3826
138205,2023-12-31,2023,10111.0,2176.0,86.0,481.0,1551.0,1054.0,139.24,159.0,0.0,1235.0,67.0,40.0,3826
139665,2017-12-31,2017,8594.2,5111.1,429.4,1989.9,325.1,1183.3,147.61,190.97,2291.9,300.0,55.6,248.5,7323
139665,2018-12-31,2018,9526.2,5226.1,449.9,2117.1,320.4,1817.5,140.04,191.304,1089.9,800.0,46.9,264.8,7323
139665,2019-12-31,2019,10265.0,6066.0,89.0,2291.0,748.0,1930.0,237.41,187.687,824.0,950.0,45.0,1068.0,7323
139665,2020-12-31,2020,12409.0,6849.0,94.0,2667.0,671.0,2696.0,290.24,187.093,1491.0,800.0,51.0,607.0,7323
139665,2021-12-31,2021,14680.0,7868.0,105.0,3123.0,785.0,1902.0,390.58,185.64,1672.0,500.0,38.0,833.0,7323
139665,2022-12-31,2022,14349.0,7757.0,106.0,2328.0,848.0,1859.0,278.62,183.2,988.0,626.0,26.0,1070.0,7323
139665,2023-12-31,2023,14622.0,7307.0,108.0,2597.0,880.0,2193.0,390.56,182.472,0.0,500.0,50.0,561.0,7323
140541,2017-06-30,2017,5831.6,1579.5,0.0,1025.4,691.4,3083.6,47.34,281.9,997.2,285.0,70.4,21.5,3100
140541,2018-06-30,2018,6678.3,1599.9,0.7,1252.2,885.4,1250.0,46.71,288.0,1100.0,1100.0,165.7,31.5,3100
140541,2019-06-30,2019,6877.3,1601.9,0.8,1176.7,938.8,1233.8,31.73,286.8,0.0,0.0,35.3,127.0,3100
140541,2020-06-30,2020,7924.2,3392.1,1101.2,437.2,2532.2,1434.4,13.28,276.2,0.0,0.8,4.3,314.9,3100
140541,2021-06-30,2021,8382.4,3120.0,320.4,1314.0,2174.7,2015.8,43.48,279.5,0.0,712.3,61.2,7.5,3100
140541,2022-06-30,2022,7265.3,2943.9,321.0,1413.9,1826.0,953.2,30.52,241.2,998.5,900.0,74.7,1630.6,3100
140541,2023-06-30,2023,7116.8,2970.7,323.7,1354.6,1943.2,741.5,42.8,227.4,0.0,31.2,38.8,759.1,3100
140760,2017-08-31,2017,21333.0,7254.0,870.0,4167.0,5930.0,1864.0,117.2,439.578,601.0,1019.0,103.0,0.0,100
141384,2017-12-31,2017,1777.856,0.0,0.0,391.35,348.793,721.542,222.19,80.04,0.0,0.0,14.461,103.793,3843
141384,2018-12-31,2018,2052.458,0.0,0.0,521.291,521.329,735.359,209.43,79.778,0.0,0.0,16.635,386.069,3843
141384,2019-12-31,2019,2500.702,43.463,15.737,593.473,687.974,868.627,279.04,78.433,0.0,45.773,17.907,457.674,3843
141384,2020-12-31,2020,4829.683,64.445,21.735,488.392,817.274,960.843,534.38,78.86,0.0,0.0,20.314,51.122,3843
141384,2021-12-31,2021,5942.11,102.656,22.719,1085.233,1203.183,1171.342,657.18,78.71,0.0,0.0,25.623,483.955,3843
141384,2022-12-31,2022,5947.947,100.334,26.574,782.707,1350.735,999.584,210.9,77.267,0.0,0.0,26.149,527.835,3843
141384,2023-12-31,2023,6083.877,96.968,29.651,799.728,1408.862,972.742,274.0,75.075,0.0,0.0,26.595,624.935,3843
141459,2017-12-31,2017,5010.26,0.0,0.0,749.618,595.684,1053.175,59.57,188.189,0.0,0.0,21.86,87.296,3812
141459,2018-12-31,2018,5382.858,0.0,0.0,864.937,663.527,1384.721,63.32,189.461,0.0,0.0,26.642,16.655,3812
141459,2019-12-31,2019,6166.799,49.238,14.762,1043.732,792.51,1404.03,97.56,190.686,0.0,0.0,27.122,25.886,3812
141459,2020-12-31,2020,7031.373,75.958,18.874,1167.158,950.165,1846.084,119.66,191.571,0.0,0.0,15.201,26.33,3812
141459,2021-12-31,2021,7854.427,70.044,20.503,1357.658,1156.935,1846.038,136.17,192.608,0.0,0.0,35.733,30.985,3812
141459,2022-12-31,2022,7731.17,114.541,25.149,1177.149,1285.045,1452.482,92.29,191.623,0.0,0.0,62.221,223.742,3812
141459,2023-12-31,2023,8603.569,113.035,27.776,1255.02,1367.821,1968.07,128.54,191.777,0.0,0.0,44.063,121.803,3812
141913,2017-12-31,2017,12998.069,4559.408,735.474,1104.619,588.348,1335.855,100.24,159.18,1994.324,1781.541,10.115,66.572,7374
141913,2018-12-31,2018,13230.774,5015.168,815.561,1315.968,653.542,1210.878,103.13,157.962,2774.214,2304.314,14.318,239.708,7374
141913,2019-12-31,2019,44480.162,9487.852,587.186,1925.352,1819.602,1678.273,182.56,300.226,7203.903,6484.689,24.514,373.96,7374
141913,2020-12-31,2020,44201.545,8914.423,1289.761,2878.593,2059.729,2089.771,215.42,298.332,2401.147,2342.072,66.142,692.391,7374
141913,2021-12-31,2021,45279.713,11965.535,666.261,3447.26,2235.584,2123.023,135.18,284.75,7057.668,4826.769,49.545,2624.278,7374
141913,2022-12-31,2022,44809.014,12728.828,1996.649,3639.875,2199.292,2144.988,99.32,263.082,9812.289,7895.131,44.127,2959.908,7374
141913,2023-12-31,2023,50570.186,16103.524,1683.525,4123.222,2535.72,2256.077,127.0,260.383,11704.709,9099.938,60.345,459.497,7374
142953,2017-12-31,2017,63109.0,12972.0,4680.0,4971.0,8677.0,932.0,42.8,1488.136,350.0,1470.0,0.0,2174.0,2052
142953,2018-12-31,2018,62729.0,12532.0,5840.0,4854.0,8482.0,1100.0,40.03,1451.0,2948.0,1821.0,0.0,2020.0,2052
142953,2019-12-31,2019,64549.0,14610.0,4397.0,5230.0,9301.0,1328.0,55.08,1435.006,3136.0,2677.0,0.0,1480.0,2052
142953,2020-12-31,2020,67810.0,17746.0,2960.0,5284.0,9664.0,3650.0,58.47,1419.174,7213.0,3878.0,0.0,1390.0,2052
142953,2021-12-31,2021,67092.0,18009.0,2136.0,5837.0,9271.0,3553.0,66.31,1391.631,5921.0,6247.0,0.0,2110.0,2052
142953,2022-12-31,2022,71161.0,20765.0,2848.0,5530.0,9680.0,1948.0,66.65,1365.891,4490.0,3032.0,0.0,2017.0,2052
142953,2023-12-31,2023,71391.0,17424.0,2686.0,6955.0,10377.0,1884.0,72.43,1348.483,277.0,2432.0,0.0,1547.0,2052
143357,2017-08-31,2017,22689.89,22.163,2.907,5654.636,1140.598,4129.871,130.76,615.557,,2.12,676.045,2649.051,8742
143357,2018-08-31,2018,24449.083,19.676,5.337,6434.699,1264.02,5064.552,169.07,639.035,,4.195,753.146,2639.094,8742
143357,2019-08-31,2019,29789.88,16.247,6.411,6923.02,1391.166,6130.166,198.17,635.774,,4.772,848.445,2691.114,8742
143357,2020-08-31,2020,37078.593,2721.636,763.877,7235.362,4728.914,8509.639,239.93,634.166,,6.719,955.308,2915.847,8742
143357,2021-08-31,2021,43175.843,2750.39,756.244,8446.286,4821.624,8172.468,336.56,632.086,,7.798,1065.775,3703.124,8742
143357,2022-08-31,2022,47263.39,2608.983,716.773,10397.826,4677.675,7893.806,288.46,631.168,,16.453,1349.064,4116.378,8742
143357,2023-08-31,2023,51245.305,2353.807,795.227,10934.651,4167.486,9049.607,323.77,628.265,93.258,,1501.069,4330.403,8742
144066,2017-09-30,2017,17997.0,6676.0,479.0,1626.0,1398.0,703.0,130.71,162.9,6099.0,3049.0,64.0,46.0,3728
144066,2018-09-30,2018,19026.0,5681.0,2248.0,1990.0,1429.0,738.0,140.47,164.5,0.0,389.0,63.0,12.0,3728
144559,2017-12-31,2017,25964.5,8917.5,1225.0,2888.6,2038.6,524.4,120.67,202.6,592.7,1840.9,145.5,0.0,3842
144559,2018-12-31,2018,24126.8,8413.7,525.0,2463.2,2015.4,542.8,103.72,204.0,1824.5,2978.9,107.9,0.0,3842
144559,2019-12-31,2019,24638.7,6936.9,1564.2,2514.4,2344.1,617.9,149.68,206.0,749.2,1465.3,158.2,0.0,3842
144559,2020-12-31,2020,24417.7,7844.3,575.0,1884.4,2322.2,802.1,154.09,207.6,1497.1,1750.0,129.8,0.0,3842
144559,2021-12-31,2021,23456.4,5683.9,1674.4,2175.8,2287.7,478.5,127.04,209.0,1599.8,2654.8,122.5,0.0,3842
144559,2022-12-31,2022,21066.0,5319.5,597.3,2205.4,2068.9,421.2,127.5,209.0,0.0,1275.8,78.1,126.4,3842
144559,2023-12-31,2023,21496.9,5042.3,952.9,2459.2,2264.2,415.8,121.7,205.6,499.9,86.3,101.1,692.2,3842
145977,2017-12-31,2017,8482.301,1044.327,0.35,909.044,1394.138,546.937,99.69,73.936,534.4,534.4,4.076,13.029,5531
145977,2018-12-31,2018,9040.648,1045.72,0.21,954.442,1368.985,896.527,157.46,72.46,0.0,0.0,3.2,282.127,5531
145977,2019-12-31,2019,11248.525,2764.479,477.982,1005.864,3798.538,418.665,160.16,69.232,0.0,310.047,3.334,498.435,5531
145977,2020-12-31,2020,11839.636,3047.483,462.588,1109.996,3842.589,834.992,157.51,66.361,847.092,602.568,3.27,469.691,5531
145977,2021-12-31,2021,12194.209,3371.971,465.121,1161.46,4200.121,601.428,239.88,62.009,0.0,0.0,3.074,906.208,5531
145977,2022-12-31,2022,12018.482,3466.601,599.543,1037.605,4297.829,269.282,147.03,59.264,348.618,201.081,0.0,618.48,5531
145977,2023-12-31,2023,12276.326,4002.127,445.061,438.077,4227.322,503.471,61.03,59.512,599.571,,0.0,14.518,5531
146017,2017-08-31,2017,2899.6,356.5,0.4,606.3,287.7,311.1,176.79,41.872,1.0,0.0,,357.9,3640
146017,2018-08-31,2018,2988.8,356.4,0.4,547.4,286.7,129.1,152.84,39.991,0.0,0.4,,306.6,3640
146017,2019-08-31,2019,3172.4,347.5,9.1,556.4,277.3,461.0,125.41,39.453,0.0,0.4,,87.6,3640
146017,2020-08-31,2020,3491.7,433.6,41.5,478.9,333.9,560.7,109.29,38.873,400.0,355.7,,74.7,3640
146017,2021-08-31,2021,3575.1,541.0,15.9,533.2,327.1,491.3,184.53,35.192,493.8,401.1,,439.4,3640
146017,2022-08-31,2022,3480.2,562.4,33.7,603.9,351.4,223.2,163.93,32.487,18.0,0.0,,523.4,3640
146017,2023-08-31,2023,3408.5,571.1,19.7,606.5,381.7,397.9,161.28,31.049,0.0,0.0,,280.8,3640
147579,2017-12-31,2017,19012.742,6499.432,0.0,910.59,319.404,2822.795,191.96,433.393,3020.51,0.0,88.378,0.0,7841
147579,2018-12-31,2018,25974.4,10360.058,0.0,1688.383,418.281,3794.483,267.66,436.599,3961.852,0.0,124.502,0.0,7841
147579,2019-12-31,2019,33975.712,16181.872,190.622,2707.833,2097.221,5018.437,323.57,438.807,4469.306,0.0,72.49,0.0,7841
147579,2020-12-31,2020,39280.359,17754.726,756.1,4918.999,2997.909,8205.55,540.73,442.895,1009.464,0.0,235.406,0.0,7841
147579,2021-12-31,2021,44584.663,17101.558,1015.012,6402.921,3770.026,6027.804,602.44,443.963,0.0,500.0,174.414,824.19,7841
147579,2022-12-31,2022,48594.768,16575.579,355.985,5969.513,3625.379,6058.452,294.88,445.347,0.0,700.0,35.746,0.0,7841
147579,2023-12-31,2023,48731.992,16190.218,783.156,7310.95,3568.343,7139.352,486.88,432.76,0.0,0.0,169.99,6045.347,7841
148349,2017-09-30,2017,9975.661,11393.62,369.041,1651.18,324.924,650.561,255.65,51.934,3238.159,1813.545,21.177,389.821,3728
148349,2018-09-30,2018,12197.467,12501.946,375.336,1812.262,388.333,2073.017,372.3,52.734,13269.302,12174.305,57.583,0.0,3728
148349,2019-09-30,2019,16254.731,16469.221,429.732,2320.085,756.757,1467.486,520.67,53.462,4479.815,626.428,81.875,0.0,3728
148349,2020-09-30,2020,18395.0,19471.0,647.0,2111.0,855.0,4717.0,475.12,54.414,4314.0,1242.0,116.0,19.0,3728
148349,2021-09-30,2021,19315.0,19451.0,646.0,2017.0,864.0,4787.0,624.57,55.205,2132.0,2257.0,128.0,0.0,3728
148349,2022-09-30,2022,18107.0,19440.0,444.0,2486.0,892.0,3001.0,524.82,54.361,0.0,275.0,132.0,912.0,3728
148349,2023-09-30,2023,19970.0,19381.0,436.0,3209.0,1319.0,3472.0,843.13,55.307,9742.0,9915.0,215.0,0.0,3728
149318,2017-12-31,2017,12681.739,9582.452,62.69,1607.933,8498.756,2971.247,168.59,103.006,2429.988,2959.843,62.209,17.771,7990
149318,2018-12-31,2018,13216.269,9426.699,11.96,1753.669,9385.92,2215.001,98.91,107.232,2788.925,3032.267,937.211,159.544,7990
149318,2019-12-31,2019,13871.281,10256.924,342.933,1538.183,10076.751,2351.904,138.87,107.364,3893.778,2930.088,14.696,66.986,7990
149318,2020-12-31,2020,13869.547,12646.865,623.914,-461.243,9595.238,3482.032,112.83,107.888,4691.953,2041.27,0.07,11.533,7990
149318,2021-12-31,2021,12530.826,12043.751,76.922,331.675,9136.673,2527.426,85.04,115.715,1340.281,2504.059,841.896,13.842,7990
149318,2022-12-31,2022,13415.1,13213.88,575.864,464.814,8749.224,3655.259,82.47,113.369,211.435,68.188,0.0,187.499,7990
149318,2023-12-31,2023,13996.223,12684.521,732.3,1621.931,8521.375,3724.396,91.11,111.737,1200.0,1552.391,1.965,212.455,7990
150699,2017-12-31,2017,5042.639,1486.92,0.0,1192.473,3452.452,400.534,122.01,95.437,748.11,750.0,0.394,21.669,1311
150699,2018-12-31,2018,6062.084,1488.554,0.0,1570.124,3973.016,800.666,61.65,95.756,0.0,0.0,2.241,12.142,1311
150699,2019-12-31,2019,7140.029,2188.167,73.331,871.588,5754.838,94.722,52.49,102.145,2619.31,2993.869,1.267,5.229,1311
150699,2020-12-31,2020,4621.989,2141.735,66.15,-822.614,3897.822,273.145,37.51,102.867,172.0,176.842,0.0,47.485,1311
150937,2017-06-30,2017,9268.0,5021.0,0.0,1981.0,1875.0,2543.0,38.75,291.8,1232.0,316.0,86.0,487.0,3572
150937,2018-06-30,2018,9410.0,4320.0,499.0,2321.0,1792.0,1857.0,56.47,287.17,0.0,214.0,113.0,384.0,3572
150937,2019-06-30,2019,8885.0,4253.0,0.0,2006.0,1869.0,2251.0,47.12,269.098,245.0,819.0,69.0,994.0,3572
150937,2020-06-30,2020,8930.0,4205.0,33.0,1760.0,2232.0,1724.0,48.41,256.719,994.0,1137.0,103.0,890.0,3572
150937,2021-06-30,2021,8675.0,4933.0,260.0,1899.0,2278.0,1211.0,87.93,227.383,1000.0,33.0,108.0,2080.0,3572
150937,2022-06-30,2022,8944.0,5098.0,598.0,2423.0,2333.0,619.0,71.44,209.85,1200.0,701.0,68.0,1850.0,3572
150937,2023-06-30,2023,7556.0,5721.0,114.0,665.0,2102.0,790.0,61.87,207.389,1600.0,1578.0,68.0,452.0,3572
155394,2017-12-31,2017,9366.872,3277.62,126.36,1100.777,913.089,279.766,40.67,309.126,870.122,987.683,7.47,5.525,5010
155394,2018-12-31,2018,11393.402,4188.674,121.826,1242.393,1220.162,331.761,23.73,316.146,2909.545,1950.508,5.303,65.567,5010
155394,2019-12-31,2019,12779.956,4852.986,547.894,1313.46,2542.911,523.02,35.7,306.731,642.308,942.866,0.0,291.813,5010
155394,2020-12-31,2020,12360.533,4010.604,280.308,1304.03,2601.827,312.154,35.24,303.553,952.785,2317.329,0.0,117.292,5010
155394,2021-12-31,2021,12606.154,3986.378,237.86,1761.929,2660.064,274.134,60.03,287.015,5034.867,4949.567,0.0,876.844,5010
155394,2022-12-31,2022,12038.0,3713.0,222.0,1706.0,2463.0,278.0,53.41,267.3,1644.0,1692.0,0.0,1040.0,5010
155394,2023-12-31,2023,15079.0,4818.0,820.0,1745.0,2852.0,299.0,47.79,267.2,4611.0,3106.0,0.0,38.0,5010
157855,2018-01-31,2017,21009.802,896.874,1127.256,987.153,1946.527,4521.705,113.91,729.853,0.0,429.075,650.3,0.0,7372
157855,2019-01-31,2018,30737.0,3173.0,194.0,1420.0,2051.0,4342.0,151.97,770.0,2966.0,1660.0,704.0,0.0,7372
157855,2020-01-31,2019,55126.0,5450.0,807.0,1405.0,5415.0,7947.0,182.31,893.0,0.0,676.0,840.0,0.0,7372
157855,2021-01-31,2020,66301.0,5608.0,805.0,2318.0,5663.0,11966.0,225.56,919.0,,127.0,1321.0,0.0,7372
157855,2022-01-31,2021,95209.0,13566.0,804.0,2880.0,5695.0,10537.0,232.63,989.0,7906.0,1357.0,1289.0,0.0,7372
157855,2023-01-31,2022,98849.0,12850.0,2029.0,4761.0,6592.0,12508.0,167.97,981.0,0.0,423.0,861.0,4000.0,7372
157855,2024-01-31,2023,99823.0,11673.0,1889.0,8968.0,6055.0,14194.0,281.09,971.0,0.0,1811.0,1954.0,7620.0,7372
160225,2017-12-31,2017,21329.0,5432.0,4.0,7240.0,829.0,8383.0,151.36,1053.8,0.0,64.0,57.0,3809.0,6099
160225,2018-12-31,2018,24860.0,5838.0,504.0,8869.0,921.0,8985.0,188.65,1030.4,991.0,0.0,104.0,5013.0,6099
160225,2019-12-31,2019,29236.0,9183.0,106.0,10186.0,1828.0,8327.0,298.59,1007.2,2724.0,500.0,126.0,6658.0,6099
160225,2020-12-31,2020,33584.0,12749.0,774.0,8734.0,1902.0,11260.0,356.94,995.2,3959.0,,97.0,4623.0,6099
160225,2021-12-31,2021,37669.0,13754.0,919.0,10984.0,1907.0,8591.0,359.32,979.9,2024.0,650.0,61.0,6037.0,6099
160225,2022-12-31,2022,38724.0,14379.0,414.0,13400.0,2006.0,8102.0,347.73,956.0,1123.0,724.0,90.0,8894.0,6099
160225,2023-12-31,2023,42448.0,14977.0,1479.0,15346.0,2061.0,9305.0,426.51,934.5,1554.0,,237.0,9121.0,7389
160329,2017-12-31,2017,197295.0,3969.0,0.0,35781.0,42383.0,101871.0,1053.4,694.783,4291.0,4377.0,,4846.0,7370
160329,2018-12-31,2018,232792.0,4012.0,0.0,40421.0,59719.0,109140.0,1044.96,695.556,6766.0,6827.0,,14068.0,7370
160329,2019-12-31,2019,275909.0,14768.0,1199.0,48133.0,84587.0,119675.0,1339.39,688.335,317.0,585.0,,23161.0,7370
160329,2020-12-31,2020,319616.0,25078.0,1795.0,54903.0,96960.0,136694.0,1752.64,675.222,11761.0,2100.0,,36869.0,7370
160329,2021-12-31,2021,359268.0,26206.0,2302.0,91144.0,110558.0,139649.0,2897.04,662.121,20199.0,21435.0,,60436.0,7370
160329,2022-12-31,2022,365264.0,27202.0,2775.0,90554.0,127049.0,113762.0,88.23,12849.0,52872.0,54068.0,,68596.0,7370
160329,2023-12-31,2023,402392.0,25713.0,4154.0,98327.0,148436.0,110916.0,139.69,12460.0,10790.0,11550.0,,71341.0,7370
162129,2017-12-31,2017,18633.4,4878.1,349.6,1185.7,9711.7,2161.8,25.66,351.05,1251.4,102.2,0.0,0.0,2870
162129,2018-12-31,2018,20119.2,4491.5,37.5,2025.6,11746.5,855.2,29.21,385.47,39.3,802.9,0.0,0.0,2870
162129,2019-12-31,2019,19298.5,4652.5,155.9,1358.2,11882.1,526.9,21.64,378.764,0.0,48.3,0.0,149.9,2870
162129,2020-12-31,2020,19789.8,4183.4,568.3,1465.3,12027.4,582.1,23.01,379.092,4.7,66.9,0.0,0.0,2870
162129,2021-12-31,2021,22036.4,3446.5,959.1,3540.3,12595.5,777.8,39.29,368.732,0.0,608.3,0.0,410.9,2870
162129,2022-12-31,2022,23386.0,2547.1,1260.9,5873.0,12861.2,743.6,43.87,339.071,0.0,610.3,0.0,1665.2,2870
162129,2023-12-31,2023,23032.8,3399.7,595.1,2381.1,13815.2,357.4,35.73,324.103,900.0,995.3,0.0,756.0,2870
162906,2017-11-30,2017,14554.4,3617.3,576.0,1148.4,531.3,133.8,44.62,399.2,3194.5,2381.2,331.6,1407.7,7370
162906,2018-11-30,2018,16062.3,4889.2,789.9,1326.3,579.6,120.0,53.37,397.1,4617.0,3122.6,230.0,767.5,7370
162906,2019-11-30,2019,16087.2,4874.4,251.1,1559.7,658.2,111.5,72.65,398.3,2631.7,3188.9,177.7,575.6,7370
162906,2020-11-30,2020,16135.2,4939.4,331.6,1569.8,1021.6,125.6,99.46,396.5,861.7,1086.7,229.0,1078.2,7370
162906,2021-11-30,2021,16913.9,4154.6,802.8,1768.8,956.6,293.1,127.82,399.0,565.0,832.0,12.5,123.1,7370
163946,2017-12-31,2017,13463.0,4692.0,0.0,1077.0,9175.0,835.0,42.54,233.287,0.0,1148.0,1.0,0.0,2870
163946,2018-12-31,2018,12661.0,4698.0,0.0,1592.0,8623.0,682.0,43.51,222.818,0.0,0.0,12.0,471.0,2870
163946,2019-12-31,2019,12172.0,4150.0,90.0,1789.0,8450.0,287.0,47.74,216.024,0.0,769.0,19.0,374.0,2870
163946,2020-12-31,2020,12023.0,3886.0,337.0,1496.0,7891.0,683.0,38.71,213.955,0.0,0.0,5.0,110.0,2870
163946,2021-12-31,2021,12375.0,3627.0,89.0,2970.0,7324.0,1628.0,70.78,207.576,0.0,518.0,64.0,550.0,2870
163946,2022-12-31,2022,13313.0,3132.0,93.0,6402.0,6691.0,2323.0,85.2,195.604,0.0,507.0,106.0,1370.0,2870
163946,2023-12-31,2023,14376.0,3136.0,96.0,3153.0,7400.0,2032.0,79.5,188.188,0.0,0.0,2.0,602.0,2870
164296,2017-12-31,2017,22555.0,14755.0,30.0,2528.0,597.0,7491.0,22.38,386.0,7838.0,1158.0,46.0,633.0,4841
164296,2018-12-31,2018,32550.0,15185.0,1860.0,4108.0,800.0,999.0,24.74,530.0,2022.0,2266.0,72.0,18.0,4841
164296,2019-12-31,2019,33735.0,15634.0,738.0,4534.0,1564.0,1563.0,32.74,530.0,1479.0,2939.0,,635.0,4841
164296,2020-12-31,2020,34087.0,15845.0,463.0,4095.0,1781.0,2418.0,30.09,492.0,1979.0,2193.0,0.0,969.0,4841
164296,2021-12-31,2021,34427.0,15184.0,459.0,3650.0,1871.0,3957.0,23.54,510.0,0.0,574.0,0.0,0.0,4841
164296,2022-12-31,2022,134001.0,51810.0,792.0,7308.0,8490.0,3954.0,9.48,2430.0,125.0,7440.0,0.0,0.0,4841
164296,2023-12-31,2023,122757.0,45099.0,2186.0,9634.0,9031.0,4378.0,11.38,2439.0,2846.0,8210.0,0.0,0.0,4841
165052,2017-12-31,2017,4006.367,765.046,152.0,329.469,885.774,312.483,14.43,442.083,763.0,665.0,11.54,2.781,2300
165052,2018-12-31,2018,4245.022,703.834,25.0,358.432,826.868,566.06,17.67,448.582,505.0,695.0,2.58,2.743,2300
165052,2019-12-31,2019,4843.531,1173.322,125.9,420.17,1384.079,796.008,21.6,451.767,25.0,162.817,7.472,4.235,2300
165052,2020-12-31,2020,5030.628,1842.97,162.561,153.937,1195.338,1528.515,17.17,455.007,1288.753,800.0,4.744,3.675,2300
165052,2021-12-31,2021,4991.396,1365.642,138.664,666.023,1055.59,1682.87,21.19,476.262,0.0,506.28,3.688,5.983,2300
165052,2023-03-31,2022,4857.083,1380.191,140.99,441.411,1162.042,727.726,9.49,444.501,0.0,0.0,3.776,130.151,2300
165052,2024-03-31,2023,4760.734,1222.538,220.25,447.851,1099.202,876.917,7.38,435.963,0.0,0.0,3.193,81.163,2300
165675,2017-09-30,2017,23698.0,11100.0,19.0,3025.0,978.0,1389.0,27.84,402.4,2569.0,3352.0,172.0,0.0,4833
165675,2018-09-30,2018,23783.0,9515.0,567.0,3008.0,919.0,1557.0,33.76,403.1,0.0,1000.0,2.0,0.0,4833
165675,2019-09-30,2019,23671.0,8640.0,98.0,2931.0,922.0,760.0,24.03,403.7,0.0,1320.0,0.0,0.0,4833
165914,2017-12-31,2017,2045.692,,0.0,477.487,1338.366,508.951,289.03,28.026,0.0,0.0,,285.92,5812
165914,2018-12-31,2018,2265.518,,0.0,554.038,1379.254,676.798,431.79,27.697,0.0,0.0,,166.348,5812
165914,2019-12-31,2019,5104.604,2678.374,173.139,723.072,3964.156,880.782,837.11,27.755,0.0,0.0,,201.037,5812
165914,2020-12-31,2020,5982.896,2952.296,204.756,602.178,4351.496,951.603,1386.71,28.001,0.0,0.0,0.0,102.956,5812
165914,2021-12-31,2021,6652.958,3301.601,218.713,1156.252,4887.572,1076.319,1748.25,28.08,0.0,0.0,0.0,546.332,5812
165914,2022-12-31,2022,6927.504,3495.162,236.248,1492.77,5253.549,899.136,1387.49,27.627,0.0,0.0,0.0,929.11,5812
165914,2023-12-31,2023,8044.362,3803.551,248.074,1919.609,5748.586,1295.447,2286.96,27.426,0.0,0.0,0.0,661.495,5812
165993,2017-12-31,2017,24517.0,7718.0,1045.0,2967.0,610.0,665.0,94.09,333.0,9615.0,11689.0,208.0,153.0,7374
165993,2018-12-31,2018,23770.0,8670.0,315.0,3020.0,587.0,703.0,102.55,327.0,26371.0,26148.0,288.0,1255.0,7374
165993,2019-12-31,2019,83806.0,17695.0,3092.0,4021.0,1464.0,2671.0,139.09,615.0,33352.0,24672.0,161.0,453.0,7374
165993,2020-12-31,2020,83842.0,16404.0,4216.0,4999.0,1421.0,4030.0,141.46,620.0,47695.0,49067.0,332.0,112.0,7374
165993,2021-12-31,2021,82931.0,15203.0,5674.0,5784.0,1411.0,4283.0,109.15,609.0,54073.0,53440.0,121.0,2114.0,7374
165993,2022-12-31,2022,63278.0,14501.0,6050.0,5382.0,1175.0,4813.0,67.85,591.0,75335.0,74410.0,57.0,1938.0,7374
165993,2023-12-31,2023,55105.0,13148.0,6193.0,2854.0,909.0,440.0,60.07,583.0,93119.0,94513.0,41.0,522.0,7374
170617,2017-12-31,2017,84524.0,72.0,0.0,23330.0,13721.0,41729.0,176.46,2906.0,0.0,0.0,0.0,5222.0,7370
170617,2018-12-31,2018,97334.0,0.0,500.0,29233.0,24683.0,41124.0,131.09,2854.0,0.0,0.0,0.0,16087.0,7370
170617,2019-12-31,2019,133376.0,9942.0,1132.0,34728.0,44783.0,54863.0,205.25,2852.0,0.0,552.0,0.0,6539.0,7370
170617,2020-12-31,2020,159316.0,10100.0,1077.0,39533.0,54981.0,62195.0,273.16,2849.0,0.0,604.0,0.0,9836.0,7370
170617,2021-12-31,2021,165987.0,13252.0,1202.0,54720.0,69964.0,48147.0,336.35,2741.0,0.0,677.0,0.0,50052.0,7370
170617,2022-12-31,2022,185727.0,25782.0,1496.0,42241.0,92191.0,41032.0,120.34,2614.0,9921.0,850.0,0.0,31551.0,7370
170617,2023-12-31,2023,229623.0,36211.0,1713.0,63251.0,109881.0,65502.0,353.96,2561.0,8455.0,1058.0,0.0,26786.0,7370
170841,2017-12-31,2017,54371.0,10069.0,41.0,3382.0,21460.0,3119.0,101.15,502.27,3508.0,3678.0,35.0,1590.0,2911
170841,2018-12-31,2018,54302.0,11093.0,67.0,6549.0,22018.0,3019.0,86.15,456.165,2184.0,1144.0,39.0,4645.0,2911
170841,2019-12-31,2019,58720.0,12022.0,1002.0,4600.0,25098.0,1614.0,111.41,441.026,1783.0,1307.0,32.0,1650.0,2911
170841,2020-12-31,2020,54721.0,15759.0,1356.0,-149.0,24927.0,2514.0,69.94,436.871,5178.0,1051.0,8.0,443.0,2911
170841,2021-12-31,2021,55594.0,13684.0,1832.0,2073.0,23485.0,3147.0,72.46,438.254,1443.0,2954.0,26.0,0.0,2911
170841,2022-12-31,2022,76442.0,17406.0,811.0,11249.0,36158.0,6133.0,104.08,465.844,453.0,2883.0,103.0,1513.0,2911
170841,2023-12-31,2023,75501.0,18667.0,1844.0,10142.0,36828.0,3323.0,133.14,430.465,6260.0,4252.0,123.0,4014.0,2911
175319,2017-12-31,2017,6894.775,3702.054,261.462,1038.307,623.991,421.566,20.91,360.126,5411.799,5343.287,0.0,415.48,2300
175319,2018-12-31,2018,7255.958,3534.183,446.408,1094.058,607.688,455.732,12.53,361.33,3546.36,3539.48,0.0,12.715,2300
175319,2019-12-31,2019,7353.986,3615.151,281.249,1084.183,1075.683,329.923,14.85,362.449,3225.957,3661.417,0.0,9.543,2300
175319,2020-12-31,2020,7698.874,4099.786,411.562,956.946,1013.039,910.603,14.58,348.802,2369.222,1792.572,0.0,200.269,2300
175319,2021-12-31,2021,7071.436,3607.943,134.526,1039.568,805.255,536.277,16.72,349.903,1000.0,1625.0,0.0,0.0,2300
175319,2022-12-31,2022,6503.876,3938.721,361.794,706.097,857.298,238.413,6.36,349.009,1792.0,1464.5,0.0,25.018,2300
175319,2023-12-31,2023,5640.314,3589.655,175.64,472.461,843.284,205.501,4.46,350.138,3414.0,3756.634,0.0,0.0,2300
177267,2017-09-30,2017,19403.0,3634.0,710.0,2836.0,3400.0,1218.0,83.06,351.714,589.0,0.0,117.0,614.0,3678
177267,2018-09-30,2018,20386.0,3037.0,963.0,3138.0,3497.0,848.0,87.93,344.79,119.0,708.0,100.0,879.0,3678
177267,2019-09-30,2019,19694.0,3395.0,570.0,2950.0,3574.0,927.0,93.18,335.089,746.0,691.0,85.0,1091.0,3678
177267,2020-09-30,2020,19242.0,3799.0,810.0,2441.0,4103.0,945.0,97.74,330.658,593.0,352.0,55.0,523.0,3678
177267,2021-09-30,2021,21462.0,3923.0,621.0,3467.0,4222.0,1203.0,137.22,327.039,661.0,708.0,167.0,831.0,3678
177267,2022-09-30,2022,20782.0,3600.0,1040.0,3743.0,3991.0,1088.0,110.36,318.081,588.0,558.0,54.0,1412.0,3678
177267,2023-09-30,2023,21712.0,3809.0,800.0,3471.0,4144.0,1661.0,123.53,311.983,499.0,591.0,43.0,945.0,3678
177884,2017-12-31,2017,13732.0,2691.0,116.0,1703.0,13041.0,0.0,150.22,148.727,2795.0,2892.0,0.0,23.0,1311
177884,2018-12-31,2018,26294.0,4194.0,159.0,2860.0,22313.0,0.0,102.79,200.257,4911.0,5169.0,0.0,64.0,1311
177884,2019-12-31,2019,24732.0,3974.0,15.0,2142.0,21327.0,70.0,87.57,197.689,2935.0,3177.0,0.0,265.0,1311
178704,2018-01-31,2017,2908.687,0.0,0.0,1038.004,1189.453,397.445,222.1,60.822,0.0,0.0,16.19,371.824,5990
178704,2019-01-31,2018,3191.172,0.0,0.0,1133.552,1226.029,409.251,291.92,58.584,0.0,0.0,13.121,622.335,5990
178704,2020-01-31,2019,4863.872,1698.718,239.629,1196.693,2743.089,502.325,267.91,56.609,0.0,0.0,43.78,690.519,5990
178704,2021-01-31,2020,5089.969,1643.386,253.415,569.008,2500.409,1046.051,279.76,56.26,800.0,800.0,12.229,118.248,5990
178704,2022-01-31,2021,4764.379,1572.638,274.118,1561.931,2396.732,431.56,363.74,52.311,0.0,0.0,40.386,1537.602,5990
178704,2023-01-31,2022,5370.411,1619.883,283.293,1879.982,2570.536,737.877,513.96,50.364,0.0,0.0,46.011,907.025,5990
178704,2024-01-31,2023,5707.011,1627.271,283.821,1921.869,2756.865,766.594,502.05,48.324,0.0,0.0,12.176,1018.3,5990
179621,2019-12-31,2019,42875.0,27225.0,4583.0,12530.0,7397.0,6865.0,85.09,1555.895,3819.0,3998.0,0.0,0.0,2111
179621,2017-12-31,2017,42968.0,31334.0,3005.0,12378.0,7271.0,8476.0,105.65,1553.218,6850.0,2551.0,0.0,0.0,2111
179621,2018-12-31,2018,39801.0,26975.0,4784.0,12366.0,7201.0,6620.0,66.76,1554.58,0.0,2484.0,0.0,0.0,2111
179621,2020-12-31,2020,44815.0,28685.0,3558.0,12679.0,7062.0,7285.0,82.79,1557.374,3713.0,3999.0,0.0,0.0,2111
179621,2021-12-31,2021,41290.0,25127.0,3215.0,14486.0,6694.0,4500.0,95.0,1550.17,0.0,3042.0,0.0,775.0,2111
179621,2022-12-31,2022,61681.0,35311.0,8426.0,13835.0,7304.0,3217.0,101.21,1550.218,19885.0,6724.0,0.0,209.0,2111
179621,2023-12-31,2023,65304.0,41699.0,6863.0,14238.0,8147.0,3146.0,94.08,1552.425,9959.0,6981.0,0.0,0.0,2111
179700,2017-12-31,2017,10022.0,4400.0,79.0,1565.0,1198.0,79.0,97.06,179.743,400.0,574.0,20.0,399.0,2086
180167,2017-12-31,2017,6521.68,2522.005,0.0,1456.052,333.068,130.357,85.38,130.055,630.0,1315.0,23.662,0.0,4833
180405,2017-12-31,2017,18668.0,4390.0,0.0,2581.0,294.0,4775.0,63.32,757.505,3741.0,4251.0,178.0,56.0,7372
180405,2018-12-31,2018,17835.0,2671.0,0.0,3008.0,282.0,4380.0,46.57,763.418,0.0,1740.0,99.0,94.0,7372
180405,2019-12-31,2019,19845.0,2885.0,63.0,2313.0,485.0,5863.0,59.42,768.76,0.0,0.0,105.0,59.0,7372
180405,2020-12-31,2020,23109.0,3829.0,66.0,3288.0,452.0,8817.0,92.85,774.23,1994.0,1050.0,170.0,39.0,7372
180405,2021-12-31,2021,25056.0,3820.0,77.0,3793.0,406.0,10618.0,66.53,779.053,0.0,0.0,90.0,246.0,7372
180405,2022-12-31,2022,27383.0,3773.0,83.0,2089.0,403.0,12065.0,76.55,784.218,0.0,0.0,47.0,214.0,7372
180711,2021-10-31,2021,75570.0,39900.0,373.0,14747.0,2936.0,12163.0,531.67,413.0,9904.0,11495.0,170.0,1299.0,3674
180711,2022-10-31,2022,73249.0,39464.0,514.0,19290.0,2740.0,12416.0,470.12,418.0,1935.0,2361.0,114.0,8455.0,3674
180711,2023-10-31,2023,72861.0,37980.0,1668.0,20456.0,2617.0,14189.0,841.37,414.0,0.0,403.0,122.0,7685.0,3674
180652,2017-12-31,2017,6020.3,2284.4,724.4,1045.4,478.3,169.0,96.0,164.879,0.0,0.0,35.0,279.2,6411
180652,2018-12-31,2018,5900.3,2050.5,672.8,1135.2,555.9,174.0,109.04,163.97,0.0,0.0,87.3,442.3,6411
180652,2019-12-31,2019,7055.2,2859.7,540.0,1203.6,766.7,188.7,149.34,163.162,619.7,0.0,52.4,305.5,6411
180652,2020-12-31,2020,7561.8,2971.2,553.0,1381.1,899.9,224.6,207.59,162.818,494.8,0.0,88.0,352.9,6411
180652,2021-12-31,2021,7808.1,2597.5,1012.5,1471.0,911.3,295.9,228.73,161.652,0.0,0.0,84.3,486.8,6411
180652,2022-12-31,2022,6961.1,2533.1,1422.4,1292.5,723.5,116.5,176.42,154.701,0.0,0.0,132.5,1683.2,6411
180652,2023-12-31,2023,4366.1,3047.8,47.6,1434.4,796.6,307.8,238.86,143.309,495.2,0.0,141.9,2815.1,8742
180711,2017-10-31,2017,54418.0,17431.0,117.0,7513.0,2599.0,11204.0,263.91,408.732,17426.0,13684.0,257.0,0.0,3674
180711,2018-10-31,2018,50124.0,17493.0,0.0,9698.0,2635.0,4292.0,223.49,408.0,0.0,994.0,156.0,7258.0,3674
180711,2019-10-31,2019,67493.0,30011.0,2787.0,10313.0,2565.0,5055.0,292.85,398.0,30034.0,16800.0,3932.0,6407.0,3674
180711,2020-10-31,2020,75933.0,40762.0,927.0,11533.0,3098.0,7618.0,349.63,407.0,27802.0,20099.0,276.0,765.0,3674
186989,2017-12-31,2017,49047.0,12322.0,624.0,5476.0,26443.0,3015.0,65.98,486.0,2911.0,642.0,46.0,2372.0,2911
186989,2018-12-31,2018,92940.0,26980.0,544.0,7660.0,45058.0,1725.0,59.01,680.0,13476.0,8032.0,24.0,3287.0,2911
186989,2019-12-31,2019,98556.0,30002.0,1315.0,9729.0,48074.0,1529.0,60.25,649.0,14274.0,13073.0,10.0,1950.0,2911
186989,2020-12-31,2020,85158.0,29744.0,3351.0,676.0,40556.0,416.0,41.36,651.0,17082.0,15380.0,11.0,0.0,2911
186989,2021-12-31,2021,85373.0,25895.0,1009.0,6717.0,38812.0,10839.0,63.99,579.0,12150.0,17400.0,106.0,4654.0,2911
186989,2022-12-31,2022,89904.0,26475.0,1434.0,22185.0,36871.0,11770.0,116.39,454.0,3379.0,2280.0,243.0,11922.0,2911
186989,2023-12-31,2023,85987.0,26093.0,2408.0,15893.0,36345.0,10224.0,148.36,368.0,1589.0,1079.0,62.0,11572.0,2911
188255,2017-12-31,2017,5511.4,1507.6,0.0,856.1,740.0,323.0,68.44,151.907,640.0,565.0,28.5,225.4,2430
188255,2018-12-31,2018,5964.6,1809.0,525.0,854.3,813.4,263.8,37.99,140.499,2191.2,1890.0,4.9,708.6,2430
188255,2019-12-31,2019,6291.3,1924.4,432.8,914.8,989.8,388.8,65.34,139.555,1719.3,1345.0,17.3,108.7,2430
188255,2020-12-31,2020,7358.7,2712.7,38.5,1012.1,1087.6,420.1,85.72,138.66,1850.0,1465.0,64.9,198.3,2430
188255,2021-12-31,2021,7936.2,2468.6,442.7,1301.5,1201.2,472.8,106.9,135.064,1245.0,1510.0,41.8,461.0,2430
188255,2022-12-31,2022,6120.9,2169.7,629.7,940.9,902.6,644.6,57.11,128.041,5975.4,5612.5,1.1,607.1,3430
188255,2023-12-31,2023,6565.0,2813.4,37.1,890.5,1148.8,393.3,76.14,126.287,1065.1,470.0,18.0,164.5,3430
189491,2017-12-31,2017,6860.0,2200.0,0.0,864.0,643.0,414.0,68.2,179.862,0.0,0.0,16.0,25.0,3561
189491,2018-12-31,2018,7222.0,2051.0,257.0,975.0,656.0,296.0,66.72,179.7,1.0,120.0,7.0,59.0,3561
189491,2019-12-31,2019,7710.0,2225.0,337.0,984.0,899.0,724.0,78.79,180.14,0.0,0.0,13.0,40.0,3561
189491,2020-12-31,2020,8750.0,2700.0,663.0,776.0,929.0,1875.0,101.79,180.354,985.0,,20.0,61.0,3561
189491,2021-12-31,2021,8276.0,2683.0,69.0,856.0,948.0,1349.0,119.92,180.392,0.0,600.0,19.0,68.0,3561
189491,2022-12-31,2022,7952.0,2129.0,69.0,908.0,940.0,944.0,110.57,180.253,,527.0,8.0,52.0,3561
189491,2023-12-31,2023,16112.0,2604.0,122.0,1332.0,1602.0,1019.0,114.36,241.504,278.0,160.0,62.0,25.0,3561
198058,2018-03-31,2017,4059.0,674.4,200.0,1012.0,583.2,163.4,62.08,149.698,2520.3,1783.2,13.7,361.0,2300
198058,2019-03-31,2018,6650.0,1936.0,630.0,1050.0,615.0,172.0,45.75,150.932,4204.0,2560.0,29.0,207.0,2300
198058,2020-03-31,2019,7946.0,3770.0,597.0,606.0,2186.0,592.0,10.79,149.426,2282.0,2676.0,0.0,102.0,2300
198058,2021-03-31,2020,7481.0,2876.0,570.0,479.0,1989.0,234.0,51.0,151.28,2443.0,3311.0,3.0,1.0,2300
198058,2022-03-31,2021,7480.0,2598.0,443.0,1158.0,1834.0,172.0,51.39,142.806,945.0,1132.0,17.0,661.0,2300
198058,2023-03-31,2022,7295.0,3170.0,434.0,1020.0,1882.0,256.0,47.0,117.347,4061.0,3474.0,6.0,1364.0,2300
198058,2024-03-31,2023,6689.0,2713.0,862.0,598.0,2017.0,205.0,45.3,116.63,1737.0,1839.0,1.0,107.0,2300
199356,2017-12-31,2017,2272.0,230.0,7.0,235.0,263.0,708.0,34.46,138.943,433.0,296.0,3.0,267.0,7370
199356,2018-12-31,2018,2167.0,0.0,0.0,304.0,253.0,670.0,53.94,137.901,7.0,245.0,6.0,126.0,7370
199356,2019-12-31,2019,1984.0,142.0,25.0,315.0,344.0,319.0,30.38,137.382,0.0,5.0,2.0,89.0,7370
199356,2020-12-31,2020,1969.0,608.0,26.0,-160.0,294.0,418.0,28.78,134.731,1200.0,706.0,0.0,136.0,7370
199356,2021-12-31,2021,2289.0,927.0,26.0,-29.0,257.0,723.0,27.26,138.612,340.0,6.0,8.0,44.0,7370
199356,2022-12-31,2022,2569.0,909.0,20.0,194.0,221.0,1021.0,17.98,140.847,0.0,,0.0,20.0,7370
199356,2023-12-31,2023,2537.0,896.0,16.0,238.0,206.0,1067.0,21.53,137.681,,,0.0,117.0,7370
294524,2017-12-31,2017,26206.0,8549.0,70.0,6634.0,10997.0,2835.0,110.32,394.512,990.0,1000.0,0.0,866.0,2820
294524,2018-12-31,2018,28278.0,8497.0,890.0,6545.0,12477.0,1293.0,83.16,375.697,0.0,394.0,0.0,1854.0,2820
294524,2019-12-31,2019,30435.0,12830.0,721.0,5544.0,15598.0,1084.0,94.48,333.477,5031.0,2974.0,0.0,3752.0,2820
294524,2020-12-31,2020,35403.0,16508.0,981.0,3491.0,15878.0,2467.0,91.66,334.015,6378.0,2880.0,0.0,4.0,2820
294524,2021-12-31,2021,36742.0,12895.0,704.0,8634.0,16502.0,1486.0,92.23,329.536,0.0,3925.0,0.0,463.0,2820
294524,2022-12-31,2022,36365.0,12050.0,1125.0,6282.0,17112.0,2156.0,83.03,325.724,0.0,0.0,0.0,420.0,2820
294524,2023-12-31,2023,37000.0,11742.0,1259.0,4957.0,17076.0,3405.0,95.08,324.483,500.0,425.0,0.0,211.0,2820
316056,2017-12-31,2017,2542.0,1442.3,35.0,567.3,252.2,466.2,79.56,95.062,1665.0,1653.6,7.2,60.0,3420
316056,2018-12-31,2018,2810.2,1409.5,35.3,619.0,276.7,290.6,79.71,94.637,115.0,150.5,3.2,67.3,3420
316056,2019-12-31,2019,2967.2,1483.2,25.9,651.3,372.8,358.7,124.54,92.724,400.0,417.7,6.5,226.0,3420
316056,2020-12-31,2020,3069.4,1495.7,27.8,649.1,386.9,480.4,116.38,91.213,0.0,0.1,4.5,208.8,3420
316056,2021-12-31,2021,3051.0,1492.8,41.7,613.8,373.6,397.9,132.44,88.216,250.0,238.9,0.0,412.8,3420
316056,2022-12-31,2022,3991.2,2151.4,44.4,713.6,406.8,288.0,105.26,87.853,940.0,283.6,0.0,61.0,3420
316056,2023-12-31,2023,4311.5,1719.7,446.3,846.0,506.2,468.1,126.69,87.505,30.0,111.6,0.0,59.9,3420
